CustomerID,Age,Income,TotalSpend,TotalTransactions,PurchaseFrequency,AverageOrderValue,Tenure,MonthlySpend,LastPurchaseDays,SatisfactionScore
CUST_00001,30,36145.43,16201.39,127,4.1,126.13,2.8,482.18,41,6.9
CUST_00002,33,116336.48,16206.03,66,1.2,238.53,4.2,321.55,133,2.5
CUST_00003,29,33083.98,1137.59,38,1.0,29.22,3.3,28.73,112,5.9
CUST_00004,47,62876.6,8849.93,166,3.5,53.31,4.2,175.59,65,8.6
CUST_00005,41,112443.26,188927.81,610,7.7,301.34,6.2,2539.35,17,9.0
CUST_00006,32,149488.76,233925.49,863,10.5,265.04,7.7,2531.66,9,10.0
CUST_00007,47,87947.53,197105.1,489,6.4,395.41,6.6,2488.7,6,8.1
CUST_00008,34,21382.97,839.57,22,0.8,38.06,2.7,25.91,85,7.3
CUST_00009,27,71553.88,10982.57,106,3.8,103.03,2.5,366.09,35,6.9
CUST_00010,28,48637.21,2233.38,61,1.1,36.8,4.9,37.98,25,4.8
CUST_00011,43,122123.42,138498.24,519,10.7,281.73,4.3,,1,7.9
CUST_00012,50,103260.52,5375.49,22,0.4,244.81,4.7,95.31,136,3.1
CUST_00013,51,23610.54,29.91,1,1.2,29.86,0.1,24.92,57,4.8
CUST_00014,34,95978.07,14585.22,222,4.1,67.51,4.9,248.05,17,4.1
CUST_00015,36,163917.58,168362.54,613,7.1,278.66,6.5,2158.49,29,8.2
CUST_00016,54,195105.72,73229.55,246,5.0,291.55,4.0,1525.62,8,9.8
CUST_00017,36,77899.61,10927.71,86,3.4,123.81,2.2,413.93,37,6.1
CUST_00018,40,93932.94,20041.79,205,4.2,,4.3,388.41,46,7.5
CUST_00019,26,76777.82,6342.83,56,2.6,115.68,1.7,310.92,39,5.9
CUST_00020,50,80580.09,4867.81,45,1.7,105.65,2.2,184.39,28,7.3
CUST_00021,33,41888.15,11046.2,89,2.9,129.01,2.8,328.76,24,9.0
CUST_00022,25,172779.19,152901.31,539,9.2,284.79,5.1,2498.39,5,8.6
CUST_00023,39,74505.56,17853.26,177,3.8,104.78,4.3,345.99,21,5.9
CUST_00024,50,83553.76,21799.36,213,4.0,105.15,4.7,386.51,25,6.1
CUST_00025,24,90182.38,14980.26,142,4.3,104.39,2.6,480.14,24,6.0
CUST_00026,24,46345.91,426.53,15,1.7,27.91,0.7,50.78,83,5.6
CUST_00027,41,108214.48,66136.82,358,5.2,179.11,5.3,1039.89,1,9.7
CUST_00028,40,76615.15,7464.06,42,2.3,163.96,1.5,,23,9.0
CUST_00029,35,72034.32,27154.78,256,4.5,106.68,5.4,419.06,29,7.1
CUST_00030,48,162282.59,194768.0,517,8.7,378.3,5.5,2951.03,19,8.7
CUST_00031,51,36639.99,8825.38,78,2.4,108.96,2.6,282.86,5,8.7
CUST_00032,42,147969.92,124211.33,714,10.0,168.28,5.9,1754.4,7,8.9
CUST_00033,40,159845.46,128581.21,373,7.0,339.18,4.9,2186.76,7,8.2
CUST_00034,41,94271.17,4682.08,33,0.4,143.54,7.0,55.74,157,3.1
CUST_00035,58,83612.65,9008.14,57,0.5,154.6,8.2,91.55,101,5.5
CUST_00036,28,42492.03,143.58,3,2.0,48.72,0.1,119.65,58,5.4
CUST_00037,46,82157.73,20264.23,163,3.2,126.83,3.8,444.39,8,6.8
CUST_00038,28,155114.81,45923.08,196,4.4,232.37,4.1,933.4,2,8.9
CUST_00039,34,20000.0,185.44,5,0.4,34.92,1.0,15.45,51,6.8
CUST_00040,18,72682.37,25010.13,264,5.1,95.55,4.5,463.15,39,5.2
CUST_00041,25,161119.36,145689.6,736,9.9,197.6,5.5,2207.42,9,9.3
CUST_00042,39,100979.11,17385.61,186,2.6,98.11,5.8,,18,6.3
CUST_00043,25,137879.51,309179.92,878,8.2,361.97,8.5,3031.18,5,8.3
CUST_00044,55,105554.64,5172.78,16,0.5,319.81,2.6,165.79,182,3.1
CUST_00045,50,75160.03,11751.41,99,2.1,117.02,3.9,251.1,50,6.3
CUST_00046,44,34266.35,548.58,15,1.3,34.56,0.9,50.79,83,5.4
CUST_00047,37,79403.4,3919.97,53,1.2,76.36,4.0,81.67,48,7.1
CUST_00048,31,51621.39,2470.24,23,1.2,106.96,1.6,128.66,26,6.1
CUST_00049,37,77459.56,22563.95,158,1.7,144.78,7.3,257.58,49,6.3
CUST_00050,47,128559.17,239279.27,750,10.5,316.34,5.9,3379.65,2,8.7
CUST_00051,61,95266.69,2727.31,18,0.3,153.99,5.2,43.71,196,5.8
CUST_00052,26,29556.03,438.35,8,0.6,57.8,1.1,33.21,47,5.0
CUST_00053,34,111460.27,2191.07,13,0.2,165.36,5.9,30.95,228,3.2
CUST_00054,31,35845.23,780.0,24,0.5,,3.7,,60,3.6
CUST_00055,27,87700.12,18428.15,201,4.1,92.33,4.9,313.4,28,5.2
CUST_00056,58,129126.35,23389.49,101,1.0,231.11,8.4,232.04,230,3.0
CUST_00057,27,161518.12,63704.36,189,7.8,337.32,1.9,2794.05,11,8.2
CUST_00058,45,138815.73,35006.51,156,5.6,246.35,2.3,1268.35,8,7.8
CUST_00059,36,112508.82,109924.65,386,6.3,299.07,5.3,1728.38,17,9.3
CUST_00060,46,265741.53,13162.84,91,3.5,145.86,2.0,548.45,26,9.5
CUST_00061,31,72486.11,5493.04,89,3.4,57.73,2.3,199.02,26,6.0
CUST_00062,39,86916.71,10653.8,64,1.0,171.26,4.7,188.9,39,6.3
CUST_00063,31,36409.52,425.12,14,1.0,30.71,1.2,29.52,54,
CUST_00064,20,74187.55,28006.37,200,3.7,134.6,4.6,507.36,39,6.6
CUST_00065,48,51637.24,7706.65,53,2.2,142.4,1.9,,49,7.7
CUST_00066,50,58810.76,20432.42,149,3.1,135.41,4.1,415.29,33,6.8
CUST_00067,50,161904.23,81696.44,376,7.4,216.49,4.2,1620.96,31,6.6
CUST_00068,18,43327.31,420.68,12,0.9,37.18,1.1,31.87,70,3.0
CUST_00069,41,168120.93,152010.31,476,5.5,335.24,8.0,1583.44,4,9.1
CUST_00070,38,107254.66,98.48,1,0.0,98.48,4.9,1.67,170,2.5
CUST_00071,24,40566.91,938.11,28,0.8,33.91,3.4,22.99,77,4.0
CUST_00072,47,153797.15,72355.27,298,3.6,234.32,6.9,873.86,9,9.0
CUST_00073,41,108157.06,118023.4,470,6.5,250.87,6.2,1586.34,1,9.8
CUST_00074,32,45141.21,215.8,10,0.4,22.0,2.3,7.82,26,6.7
CUST_00075,41,,1754.38,57,1.4,31.04,3.0,48.73,36,6.9
CUST_00076,34,35859.55,1668.37,30,1.0,53.41,2.5,55.61,97,
CUST_00077,38,39112.5,405.68,19,1.2,21.27,1.4,24.15,91,4.2
CUST_00078,47,118871.15,111484.55,593,7.4,184.31,6.6,1407.63,29,8.4
CUST_00079,33,72058.21,23621.57,184,2.0,130.27,6.4,307.57,42,6.2
CUST_00080,59,153482.01,52308.33,189,3.8,293.75,4.5,968.67,4,8.8
CUST_00081,20,24179.93,36.13,1,1.1,35.43,0.1,30.11,74,6.7
CUST_00082,41,81866.45,10875.78,76,2.0,141.73,3.4,266.56,26,6.2
CUST_00083,35,58307.84,14625.63,118,3.5,120.45,2.7,451.41,21,6.7
CUST_00084,55,152410.0,381697.24,1092,9.9,348.66,9.7,3279.19,11,9.7
CUST_00085,36,90265.47,31946.22,204,4.3,146.0,4.0,665.55,18,8.1
CUST_00086,35,74072.86,22393.86,148,3.3,155.71,3.7,504.37,14,5.3
CUST_00087,18,43553.15,531.38,15,1.0,36.62,1.1,40.26,42,6.9
CUST_00088,36,68433.97,13006.02,161,3.9,81.23,3.9,277.91,48,8.8
CUST_00089,18,37226.39,603.02,26,1.2,23.4,1.6,31.41,105,
CUST_00090,35,78514.44,6495.28,56,2.4,116.67,2.3,235.34,36,7.2
CUST_00091,53,130138.18,111442.14,488,6.5,229.04,6.1,1522.43,1,9.5
CUST_00092,24,29005.14,474.18,8,0.4,59.85,1.7,23.24,50,6.9
CUST_00093,32,27123.73,984.35,28,1.2,35.74,2.0,41.01,94,7.1
CUST_00094,49,65105.15,5622.29,50,2.6,115.89,1.6,292.83,43,4.8
CUST_00095,29,,1313.35,30,1.4,43.06,1.7,64.38,97,5.5
CUST_00096,49,96526.0,16331.81,154,2.1,102.39,5.9,230.68,29,7.7
CUST_00097,46,59416.61,8588.84,51,1.2,153.26,3.6,198.82,27,7.3
CUST_00098,34,89190.41,864.1,8,3.2,106.83,0.2,360.04,28,9.1
CUST_00099,36,159294.9,181110.75,730,10.0,239.97,6.2,2434.28,11,8.1
CUST_00100,41,170018.97,133436.24,543,6.7,244.15,6.7,1659.65,8,10.0
CUST_00101,50,109491.98,19812.58,59,3.0,328.84,1.5,1100.7,19,8.9
CUST_00102,58,66139.02,24766.45,236,5.8,105.17,3.1,665.76,14,7.5
CUST_00103,35,77506.44,29139.89,232,5.4,126.7,3.3,735.86,18,7.3
CUST_00104,28,68284.29,9837.4,111,5.3,89.26,1.9,431.46,45,6.8
CUST_00105,35,109348.28,5707.25,60,0.7,90.0,6.9,68.93,104,4.3
CUST_00106,26,75044.16,8428.42,58,3.9,137.94,1.2,585.31,45,8.3
CUST_00107,56,54388.89,16554.64,118,4.1,143.91,2.1,656.93,24,6.4
CUST_00108,23,22159.24,104.96,3,0.4,34.47,0.5,17.49,71,6.4
CUST_00109,31,64740.19,9913.62,72,1.7,138.78,3.7,223.28,54,
CUST_00110,41,171082.81,155024.38,536,8.7,274.46,5.3,2437.49,27,10.0
CUST_00111,30,80887.95,15723.25,145,3.6,112.44,4.2,311.97,34,9.8
CUST_00112,56,,207819.24,646,9.5,311.08,5.7,3038.29,1,7.0
CUST_00113,71,87622.55,10876.98,35,0.5,309.84,6.0,151.07,156,5.1
CUST_00114,34,27304.92,542.78,23,0.9,24.99,2.2,20.56,73,5.8
CUST_00115,44,74900.29,10039.31,104,4.0,91.27,2.3,363.74,5,7.3
CUST_00116,24,38057.04,3449.1,101,1.7,36.02,4.4,65.32,44,6.6
CUST_00117,26,38134.21,301.35,11,1.0,28.26,1.2,20.93,94,5.0
CUST_00118,51,108380.82,122111.56,429,5.6,295.67,7.1,1433.23,1,9.7
CUST_00119,18,32977.89,2181.9,55,1.2,38.18,3.2,56.82,40,6.6
CUST_00120,38,37195.27,29109.86,203,3.2,146.07,4.9,495.07,18,4.0
CUST_00121,32,37332.51,71.06,1,0.5,71.06,0.1,59.22,57,6.8
CUST_00122,23,20000.0,574.78,17,0.8,33.2,1.8,26.61,62,6.1
CUST_00123,36,53039.91,3047.02,65,1.3,48.49,4.4,57.71,46,7.8
CUST_00124,44,105113.79,57728.56,309,7.0,184.25,4.1,1173.34,17,9.4
CUST_00125,26,71145.89,13161.87,90,2.5,144.66,2.9,378.21,14,7.5
CUST_00126,33,78222.37,12529.52,152,4.1,81.81,2.9,360.04,52,7.2
CUST_00127,18,40441.72,158.15,4,0.2,41.99,1.8,7.32,90,7.5
CUST_00128,26,36162.54,936.2,32,1.5,28.27,2.1,37.15,53,4.7
CUST_00129,30,146194.68,185156.15,781,7.1,227.09,8.7,1773.53,32,9.8
CUST_00130,44,39326.83,10617.38,83,2.6,124.38,2.5,353.91,5,10.0
CUST_00131,44,74233.15,54853.89,394,5.5,136.12,5.6,816.28,49,7.3
CUST_00132,36,64863.07,4078.18,59,2.5,69.48,2.0,169.92,33,5.3
CUST_00133,46,139091.73,182766.66,374,6.5,464.61,5.8,2625.96,9,10.0
CUST_00134,32,64599.14,7998.02,83,1.5,100.54,5.1,130.69,31,7.8
CUST_00135,54,88619.67,6339.12,40,0.6,170.05,5.1,103.58,214,3.9
CUST_00136,40,77864.11,7567.56,75,2.6,97.26,2.7,233.57,42,7.4
CUST_00137,32,83243.73,11255.66,101,2.5,117.63,3.2,293.12,19,5.3
CUST_00138,29,29740.69,488.17,9,0.5,52.51,1.7,23.93,48,5.2
CUST_00139,42,51350.79,3238.73,35,3.6,96.65,0.9,299.88,21,7.9
CUST_00140,39,98960.73,9303.35,33,0.6,276.6,4.0,193.82,76,3.3
CUST_00141,57,95727.49,7374.93,29,0.6,260.08,3.5,175.59,200,3.6
CUST_00142,39,58514.81,19035.39,248,4.0,75.86,5.1,311.04,40,7.9
CUST_00143,48,70875.16,5155.79,62,2.7,79.78,2.0,214.82,34,6.9
CUST_00144,63,85420.16,24123.22,250,3.7,98.98,5.2,386.59,30,7.0
CUST_00145,40,77837.55,10256.77,106,2.9,92.18,3.5,244.21,14,8.6
CUST_00146,67,169983.42,122637.43,359,9.1,341.43,3.0,3406.6,2,8.4
CUST_00147,40,90796.99,34505.76,287,4.2,119.81,4.9,586.83,14,7.0
CUST_00148,50,71227.16,13108.01,160,2.9,79.11,4.4,248.26,33,7.5
CUST_00149,38,,103612.95,380,9.7,262.33,3.6,2398.45,7,10.0
CUST_00150,31,91630.75,737.56,6,2.2,123.17,0.2,307.32,5,6.6
CUST_00151,60,149946.57,2472.64,16,0.2,161.99,6.6,31.22,166,3.5
CUST_00152,60,86562.07,25494.23,127,2.9,200.44,3.7,574.19,44,6.5
CUST_00153,42,118063.63,23277.54,63,8.1,386.95,0.7,2771.14,8,9.5
CUST_00154,27,65643.6,4093.21,41,1.4,100.1,2.7,126.33,45,5.8
CUST_00155,59,115731.05,8319.0,29,0.5,289.92,4.4,157.56,193,3.2
CUST_00156,35,73149.14,5571.22,34,1.1,171.27,2.6,178.56,37,7.6
CUST_00157,29,29119.07,381.58,6,0.3,65.33,1.8,17.67,34,4.5
CUST_00158,25,45304.61,550.83,10,0.4,53.05,2.0,22.95,83,6.5
CUST_00159,46,107915.43,29392.45,187,2.5,158.72,7.4,331.0,40,7.7
CUST_00160,18,33636.91,702.1,14,1.2,50.85,1.0,58.51,15,5.8
CUST_00161,51,69199.82,25293.31,207,3.6,120.25,4.8,439.12,30,5.9
CUST_00162,24,82640.29,14901.33,146,3.1,97.28,3.5,354.79,30,
CUST_00163,33,51884.03,20055.58,184,3.0,110.94,4.8,348.19,59,7.2
CUST_00164,41,54316.15,8392.12,128,3.8,63.34,3.1,225.59,38,7.3
CUST_00165,45,165928.97,166819.35,757,10.5,220.38,6.2,2242.2,1,8.9
CUST_00166,18,36771.95,882.43,19,0.7,43.9,2.1,35.02,66,4.8
CUST_00167,37,90068.92,16266.39,155,3.8,101.69,3.8,356.72,41,5.9
CUST_00168,40,137433.28,67674.19,229,5.8,298.79,2.9,1944.66,3,8.9
CUST_00169,37,141701.81,229852.9,773,8.5,294.9,7.6,2520.32,15,8.9
CUST_00170,38,84083.91,11343.22,99,2.2,117.4,3.6,262.57,20,9.8
CUST_00171,26,40160.3,137.65,9,0.4,15.22,2.0,5.74,83,7.8
CUST_00172,37,98582.69,73083.99,311,5.6,240.98,4.8,1268.82,1,9.3
CUST_00173,34,71785.94,16754.25,139,3.3,123.08,3.8,367.42,47,7.6
CUST_00174,43,48266.65,24433.65,179,3.7,131.87,3.6,565.59,24,6.5
CUST_00175,31,80046.21,26254.2,190,2.8,137.24,5.4,405.16,36,7.1
CUST_00176,42,158665.28,192263.21,831,12.1,228.87,6.2,2584.18,2,8.8
CUST_00177,18,35957.27,187.71,5,0.4,38.11,1.0,15.64,16,4.9
CUST_00178,68,81753.34,8982.98,113,4.6,80.24,1.9,393.99,26,5.9
CUST_00179,50,135109.85,264.55,1,0.0,264.55,3.8,5.8,229,
CUST_00180,49,145662.63,75039.57,225,4.7,339.51,3.9,1603.41,34,9.0
CUST_00181,33,75207.13,9547.46,107,4.9,90.94,1.8,442.01,34,7.8
CUST_00182,39,93835.67,123993.56,490,9.6,259.79,4.6,,16,8.3
CUST_00183,44,110805.87,19404.53,61,0.8,331.86,5.7,283.69,83,4.7
CUST_00184,31,46105.61,1551.43,33,0.9,47.12,2.9,44.58,55,
CUST_00185,47,59335.07,7599.98,195,3.2,40.12,4.7,134.75,26,
CUST_00186,25,20000.0,1682.69,37,1.0,43.32,3.6,38.95,53,6.5
CUST_00187,48,29119.42,1508.42,57,1.1,27.57,4.0,31.43,120,6.3
CUST_00188,46,67959.72,13375.72,86,3.4,157.44,2.1,530.78,30,7.2
CUST_00189,55,67495.1,24576.67,231,4.1,104.1,4.4,465.47,39,7.9
CUST_00190,33,84236.48,4084.49,68,2.5,64.19,2.5,136.15,27,6.3
CUST_00191,40,155299.82,23811.3,99,3.6,235.06,2.0,992.14,16,9.0
CUST_00192,34,44528.69,459.79,15,1.3,31.43,1.0,38.32,31,6.7
CUST_00193,62,161934.0,5684.28,31,0.7,189.51,3.4,139.32,195,1.4
CUST_00194,22,60361.88,14525.2,110,2.6,129.77,3.6,336.23,50,7.9
CUST_00195,57,78237.4,7689.64,82,4.6,,1.3,492.93,48,8.9
CUST_00196,43,375993.3,10144.83,100,4.5,104.93,1.8,469.67,36,8.0
CUST_00197,36,,908.28,19,0.8,48.29,1.7,44.52,78,5.5
CUST_00198,40,33967.73,190.48,7,0.6,26.26,1.0,,58,7.4
CUST_00199,21,36507.81,196.15,10,0.8,19.88,1.2,13.62,59,5.5
CUST_00200,35,36786.25,392.99,10,1.3,40.52,0.6,54.58,69,5.8
CUST_00201,31,75267.04,7292.19,78,1.5,93.84,4.4,138.11,31,7.5
CUST_00202,56,120706.48,77240.77,334,6.5,231.91,4.5,1430.38,18,9.2
CUST_00203,41,121381.08,172463.83,519,8.2,,4.8,2994.16,2,7.3
CUST_00204,24,32364.09,399.37,34,0.8,11.59,4.0,8.32,15,5.8
CUST_00205,45,77631.84,21251.36,231,4.4,93.81,3.8,466.04,48,5.4
CUST_00206,35,94823.97,127724.24,437,7.4,286.85,5.0,2128.74,1,8.2
CUST_00207,45,134097.4,30811.88,154,3.0,202.32,4.8,534.93,19,8.4
CUST_00208,45,25062.03,142.33,4,0.5,,0.6,19.77,75,
CUST_00209,70,83764.19,133888.58,522,6.4,244.82,6.7,1665.28,13,
CUST_00210,51,136221.19,90827.84,372,5.7,256.0,5.5,1376.18,11,7.9
CUST_00211,22,39330.48,9851.52,85,3.4,113.09,2.2,373.16,37,5.6
CUST_00212,38,36917.02,166.15,4,0.1,41.74,2.9,4.77,35,5.3
CUST_00213,35,35728.75,215.95,11,0.9,19.62,1.0,,93,5.5
CUST_00214,51,64102.02,9556.16,72,2.4,136.29,2.6,306.29,24,7.9
CUST_00215,26,20000.0,227.1,6,0.4,38.41,1.3,14.56,35,7.0
CUST_00216,36,69336.06,24866.84,222,4.2,109.4,4.7,440.9,23,5.2
CUST_00217,29,62741.82,17554.9,139,2.9,130.64,3.7,395.38,25,7.1
CUST_00218,41,37734.6,568.89,19,0.7,,1.9,24.95,43,5.1
CUST_00219,47,68671.68,8884.13,72,5.0,119.6,1.1,673.04,13,6.7
CUST_00220,31,48636.74,538.27,10,1.3,54.79,0.7,64.08,49,5.4
CUST_00221,19,33372.31,1380.35,27,1.2,51.08,2.0,57.51,46,3.2
CUST_00222,37,76403.06,15634.01,137,2.9,113.74,3.9,334.06,57,7.6
CUST_00223,41,127495.05,153780.15,587,10.8,269.0,5.2,2464.43,20,8.8
CUST_00224,45,40037.43,34130.98,303,4.2,111.23,5.6,507.9,43,7.8
CUST_00225,36,51391.66,22220.48,302,4.6,73.74,5.2,356.1,13,7.0
CUST_00226,30,74174.24,10448.59,68,1.0,157.44,5.7,152.76,28,7.8
CUST_00227,54,121177.51,9834.54,43,0.6,224.45,6.1,134.35,131,1.1
CUST_00228,23,70436.43,9881.66,60,2.4,163.98,2.1,392.13,47,6.9
CUST_00229,36,31637.85,1020.55,31,1.1,32.99,2.1,40.5,47,7.4
CUST_00230,45,38180.84,5793.21,64,2.4,91.37,2.3,209.9,47,
CUST_00231,18,31934.28,665.37,23,0.8,30.26,2.7,20.54,73,7.9
CUST_00232,43,91514.12,9777.44,90,3.2,109.14,2.5,325.91,36,7.7
CUST_00233,26,81709.99,2437.03,15,1.9,174.07,0.6,338.48,27,8.0
CUST_00234,58,37283.16,37754.58,232,3.8,159.21,5.5,572.04,17,8.8
CUST_00235,37,166369.45,174528.54,639,9.0,282.93,5.4,2693.34,7,7.9
CUST_00236,29,30003.92,1457.9,31,0.9,46.28,2.9,41.89,92,6.7
CUST_00237,41,57026.82,9262.21,97,2.7,99.68,3.5,220.53,29,6.1
CUST_00238,25,123296.42,97206.23,360,4.8,280.94,5.9,1372.97,10,9.6
CUST_00239,62,59406.91,28371.15,187,2.8,155.17,5.7,414.78,67,6.9
CUST_00240,29,163702.11,169958.35,620,8.5,259.61,5.9,2400.54,10,8.0
CUST_00241,52,98913.22,8314.53,42,0.6,200.59,6.2,111.75,155,2.9
CUST_00242,58,114212.72,1806.07,9,0.1,191.07,6.5,23.15,200,3.2
CUST_00243,55,276369.48,9724.77,52,0.5,184.45,8.3,97.64,60,3.0
CUST_00244,34,77855.49,7359.54,131,2.9,56.62,3.2,191.65,20,7.7
CUST_00245,62,137561.87,171854.85,739,9.4,231.35,6.2,2309.88,34,9.1
CUST_00246,51,94658.43,9889.64,38,0.5,257.67,6.5,126.79,197,2.8
CUST_00247,20,92000.81,18683.87,146,2.9,126.29,4.5,346.0,36,8.7
CUST_00248,28,96261.8,22045.69,71,0.7,298.63,9.5,193.38,105,4.5
CUST_00249,59,68001.97,4010.01,31,0.5,129.02,5.3,63.05,147,4.2
CUST_00250,26,36937.07,752.09,25,0.9,29.54,2.3,27.25,81,3.7
CUST_00251,38,283534.94,12695.23,91,2.5,131.77,2.7,391.83,37,8.0
CUST_00252,38,36175.61,48686.19,344,5.3,148.52,5.6,724.5,5,7.7
CUST_00253,25,26326.05,966.83,22,0.8,44.1,2.1,38.37,66,4.3
CUST_00254,31,60930.62,955.45,9,1.8,103.67,0.4,199.05,56,6.6
CUST_00255,37,110467.83,293776.58,766,9.9,400.16,5.6,4371.68,15,8.4
CUST_00256,29,70425.48,15573.86,155,3.2,103.49,4.6,282.14,35,6.5
CUST_00257,44,59112.57,10822.28,65,0.6,171.33,8.1,111.34,245,3.3
CUST_00258,19,41853.9,1064.57,32,1.1,32.89,2.5,35.49,76,5.5
CUST_00259,44,43425.83,15021.59,170,4.9,86.99,2.7,463.63,25,6.7
CUST_00260,32,84792.98,142038.38,527,7.8,276.85,5.0,2367.31,12,8.7
CUST_00261,33,66313.47,19240.34,190,3.4,99.98,4.8,334.03,54,9.3
CUST_00262,34,116495.22,16714.2,79,0.6,215.77,12.0,116.07,157,3.8
CUST_00263,52,108880.83,48842.74,176,3.0,267.44,5.4,753.75,12,8.6
CUST_00264,25,80556.32,12115.85,88,2.7,135.6,2.9,348.16,35,7.8
CUST_00265,20,23761.46,744.37,16,0.8,45.52,2.1,29.54,63,6.1
CUST_00266,18,50107.5,732.58,25,1.2,27.97,1.8,33.92,72,4.1
CUST_00267,34,32152.21,710.76,30,1.2,23.21,2.0,29.62,47,6.4
CUST_00268,50,33895.34,1807.86,30,0.9,61.31,2.7,55.8,21,5.9
CUST_00269,18,34401.43,15681.3,154,3.3,101.45,4.0,326.69,33,10.0
CUST_00270,34,79651.87,8892.35,90,3.5,102.85,2.3,322.19,28,9.2
CUST_00271,41,36093.97,251.98,1,0.8,70.44,0.1,58.7,59,7.2
CUST_00272,44,36751.71,47.04,1,0.1,46.21,1.0,3.92,44,6.0
CUST_00273,18,32878.1,672.26,26,1.0,24.62,2.0,,94,5.0
CUST_00274,29,102601.48,9186.01,32,0.5,278.11,6.1,125.49,149,3.1
CUST_00275,24,84308.3,6888.84,129,2.8,52.86,3.8,151.07,56,5.8
CUST_00276,30,77375.17,1193.2,27,1.7,46.28,1.3,76.49,45,6.6
CUST_00277,59,27045.16,287.6,7,0.7,40.92,0.9,26.63,53,6.6
CUST_00278,26,51276.12,366.44,4,1.0,94.46,0.3,101.79,30,6.5
CUST_00279,42,44824.24,126.26,4,0.2,31.2,1.6,6.58,50,4.9
CUST_00280,23,29772.3,388.91,10,0.6,40.5,1.5,21.61,74,4.6
CUST_00281,42,27159.5,28.33,1,1.1,28.19,0.1,23.61,73,2.7
CUST_00282,54,82084.4,2996.0,19,1.7,160.17,0.8,312.08,23,6.3
CUST_00283,18,66738.33,55093.45,154,3.9,68.03,3.1,282.35,12,7.7
CUST_00284,55,100721.19,242087.64,712,7.6,345.51,7.7,2620.0,6,10.0
CUST_00285,37,42152.77,5728.44,78,3.0,77.06,2.3,207.55,5,7.1
CUST_00286,37,184317.29,151583.48,539,8.4,272.85,5.7,2216.13,6,8.9
CUST_00287,47,43898.38,18135.86,124,2.1,147.57,4.7,321.56,37,7.9
CUST_00288,38,45714.34,9875.09,87,3.9,115.0,2.0,411.46,52,7.6
CUST_00289,26,60059.04,6540.77,41,1.0,160.2,3.7,147.31,41,8.5
CUST_00290,19,90668.48,22057.68,169,1.9,133.14,7.5,245.09,35,5.5
CUST_00291,49,160840.08,93863.68,532,9.8,179.99,4.3,1819.06,2,7.5
CUST_00292,46,123792.49,186437.87,605,6.4,295.42,6.9,2251.67,6,8.9
CUST_00293,25,51430.55,808.81,21,1.7,38.42,1.0,67.4,30,7.6
CUST_00294,39,84766.86,20388.45,224,3.5,92.23,5.7,298.08,49,7.2
CUST_00295,51,86156.74,167905.81,466,6.2,379.2,6.4,2186.27,29,9.4
CUST_00296,50,90185.52,9047.46,108,2.2,85.08,3.7,203.77,61,7.4
CUST_00297,47,38988.84,1132.04,50,1.3,23.32,2.9,32.53,72,4.2
CUST_00298,34,81602.54,5459.43,85,3.8,65.05,1.7,267.62,52,6.5
CUST_00299,25,50469.66,4108.18,42,1.3,93.55,2.5,136.94,51,
CUST_00300,33,145656.58,312482.45,915,11.4,327.44,5.8,,6,9.1
CUST_00301,47,149980.7,228857.07,884,6.9,260.93,10.5,1816.33,4,8.9
CUST_00302,31,74305.11,10537.41,121,2.8,88.92,3.4,258.27,6,6.4
CUST_00303,31,74268.47,16455.58,204,2.6,79.29,7.0,195.9,24,7.4
CUST_00304,45,82925.18,26995.43,257,4.2,101.63,5.0,449.92,65,6.8
CUST_00305,31,45366.62,113.28,3,0.1,38.07,2.7,3.5,86,4.1
CUST_00306,56,113583.39,9092.8,33,0.3,259.79,8.6,88.11,167,5.3
CUST_00307,71,95074.96,34782.37,276,5.5,128.1,4.4,658.76,21,7.2
CUST_00308,47,84389.31,3256.78,33,2.1,99.76,1.5,180.93,43,7.9
CUST_00309,31,28324.57,1227.66,23,0.5,53.63,4.1,24.95,83,7.5
CUST_00310,32,69860.19,14678.51,127,2.7,116.76,3.6,339.78,58,5.8
CUST_00311,30,60513.82,15557.76,121,3.1,133.17,3.3,392.87,35,7.5
CUST_00312,48,146135.1,243001.85,627,7.3,378.78,6.9,2934.8,1,10.0
CUST_00313,47,122048.38,82596.61,393,8.0,211.99,4.3,,15,9.1
CUST_00314,44,63816.64,4787.66,27,0.6,,3.4,117.34,207,2.1
CUST_00315,34,28904.99,299.83,9,0.3,32.56,2.5,9.99,43,6.9
CUST_00316,34,25139.39,648.44,13,0.6,49.4,1.8,30.02,96,3.9
CUST_00317,47,59650.56,22103.2,127,3.2,164.5,3.0,613.98,19,8.1
CUST_00318,33,108985.16,69628.72,568,7.5,120.0,5.6,1036.14,1,9.8
CUST_00319,44,157083.11,183055.71,632,7.1,283.82,6.7,2276.81,9,8.5
CUST_00320,33,50505.76,25971.29,278,4.1,95.33,5.8,373.15,25,6.4
CUST_00321,33,76741.02,10265.13,80,2.8,129.24,2.5,342.17,12,6.8
CUST_00322,18,35867.3,22.88,1,1.3,22.22,0.1,19.07,20,5.3
CUST_00323,47,40689.54,34.06,1,0.4,33.25,0.1,28.38,120,4.6
CUST_00324,26,94911.44,16107.16,186,4.3,88.19,3.9,344.17,33,8.6
CUST_00325,46,129707.17,3357.64,15,0.2,209.18,6.9,40.55,204,4.0
CUST_00326,29,20000.0,31.87,1,0.3,31.87,0.1,26.56,55,3.9
CUST_00327,50,53043.46,5043.97,35,3.3,139.22,1.0,420.33,65,7.8
CUST_00328,56,53819.15,9849.31,103,1.3,94.88,7.4,110.92,43,5.4
CUST_00329,26,55711.16,17809.85,159,4.6,110.5,2.9,511.78,28,4.0
CUST_00330,43,83850.23,1719.15,15,3.1,115.79,0.4,358.16,49,6.4
CUST_00331,27,65152.54,33117.21,301,4.2,109.36,5.8,475.82,50,4.6
CUST_00332,37,,635.51,24,0.5,27.77,4.1,12.92,79,6.7
CUST_00333,40,149285.1,166182.06,629,8.3,255.73,6.5,2130.54,17,7.3
CUST_00334,55,125757.53,231370.24,759,12.8,298.11,4.8,4016.84,5,6.8
CUST_00335,40,158973.61,110798.76,490,6.7,214.15,6.0,1538.87,1,10.0
CUST_00336,52,136054.06,139318.89,482,6.3,,6.1,1903.26,26,10.0
CUST_00337,33,32770.33,485.48,15,0.6,33.36,2.3,17.59,124,4.8
CUST_00338,29,31351.16,481.99,12,1.1,38.44,0.8,50.21,87,6.9
CUST_00339,48,58226.95,18189.34,231,3.9,79.37,4.7,322.51,30,5.6
CUST_00340,51,156625.56,205025.32,748,7.0,307.09,8.4,2033.98,3,9.7
CUST_00341,26,54989.7,8707.12,83,2.6,103.35,2.9,250.2,13,8.3
CUST_00342,51,42789.86,19393.9,139,2.4,135.71,5.3,304.94,33,7.2
CUST_00343,43,170303.23,106188.41,296,8.7,346.08,3.0,2949.68,7,9.4
CUST_00344,28,105062.79,22213.4,187,4.2,122.09,3.5,528.89,41,5.6
CUST_00345,32,89939.65,6713.55,104,3.3,63.58,2.9,192.92,26,8.4
CUST_00346,22,82756.19,14678.23,142,3.0,101.6,3.8,321.89,27,6.8
CUST_00347,49,65519.34,30122.18,319,3.5,92.71,6.8,369.14,49,7.9
CUST_00348,28,114138.22,102720.07,258,4.3,405.43,5.3,1615.1,3,
CUST_00349,18,68470.89,7151.02,140,1.7,50.54,7.4,80.53,12,8.2
CUST_00350,51,64311.17,41263.15,244,4.6,163.62,4.7,731.62,31,4.7
CUST_00351,28,65597.94,14495.72,107,3.0,143.57,3.0,402.66,54,7.0
CUST_00352,40,37861.29,1359.89,35,1.3,38.87,2.1,53.96,116,3.9
CUST_00353,24,33987.85,1747.98,45,1.4,37.71,2.5,58.27,29,6.9
CUST_00354,52,91453.53,76025.59,302,4.3,240.12,5.5,,15,8.2
CUST_00355,39,94160.89,108136.23,347,5.7,297.79,6.0,1501.89,12,8.5
CUST_00356,44,79821.74,26474.67,216,3.1,119.19,5.9,373.94,28,7.4
CUST_00357,49,137542.25,55468.17,174,8.2,301.87,1.9,2432.81,12,8.2
CUST_00358,43,69930.55,17075.58,142,3.7,116.83,3.1,459.02,10,7.8
CUST_00359,38,73827.4,1776.81,12,0.4,159.17,2.3,64.38,60,2.8
CUST_00360,32,69751.48,17088.1,138,5.0,125.52,2.4,593.34,27,7.1
CUST_00361,54,86349.34,2707.32,30,2.2,86.54,1.0,225.61,28,6.5
CUST_00362,38,83035.82,9904.61,165,2.9,60.96,5.1,161.84,19,6.6
CUST_00363,23,89112.88,4144.71,67,3.8,59.54,1.4,246.71,44,7.0
CUST_00364,56,55026.56,10571.03,98,2.8,105.42,2.5,352.37,29,6.8
CUST_00365,44,59434.04,35167.18,148,1.4,224.91,8.2,357.39,108,2.0
CUST_00366,45,77782.04,7165.86,151,4.0,48.08,3.0,199.05,46,7.5
CUST_00367,37,,12573.34,67,0.9,198.6,6.3,166.31,121,
CUST_00368,68,114488.6,19036.11,82,0.9,233.63,7.2,220.33,124,1.1
CUST_00369,35,112381.84,197467.72,710,9.1,290.53,6.8,2419.95,19,9.8
CUST_00370,42,171714.58,156422.42,434,5.1,365.48,6.5,2005.42,11,7.9
CUST_00371,57,154750.12,318863.63,911,7.6,382.03,10.6,2506.79,6,8.5
CUST_00372,44,130784.52,240676.89,810,9.7,296.98,7.1,2824.85,6,9.3
CUST_00373,45,128772.31,139999.53,575,8.7,240.35,5.9,1977.39,22,10.0
CUST_00374,42,29514.6,846.6,18,0.5,46.35,3.0,23.52,52,4.5
CUST_00375,47,73135.82,48118.77,164,7.1,284.95,2.0,2004.95,6,8.5
CUST_00376,46,65914.67,12974.82,167,3.6,76.95,4.6,235.05,34,6.1
CUST_00377,36,29278.23,696.5,18,0.8,39.46,1.9,30.55,106,5.5
CUST_00378,57,151999.92,217346.69,651,6.8,321.77,8.3,2182.2,7,
CUST_00379,44,33452.58,1301.25,35,1.4,36.4,2.3,47.15,31,8.6
CUST_00380,32,74381.34,13134.51,165,2.6,79.76,5.6,195.45,38,5.2
CUST_00381,42,146125.97,101846.14,272,4.4,375.65,5.0,,7,8.9
CUST_00382,35,,44.17,1,0.4,44.17,0.1,,103,4.3
CUST_00383,33,78021.96,1620.54,39,3.7,40.0,0.9,150.05,42,6.1
CUST_00384,25,40215.07,1440.91,29,0.9,49.63,2.5,48.03,22,6.1
CUST_00385,22,42344.25,2311.55,39,1.2,57.74,2.8,68.8,93,5.6
CUST_00386,29,39807.51,369.83,35,1.2,11.24,2.2,14.01,112,5.9
CUST_00387,18,58293.1,530.98,5,2.1,105.73,0.2,221.24,57,7.7
CUST_00388,47,111622.39,69264.04,289,6.0,237.63,3.9,1480.0,45,8.5
CUST_00389,22,31851.11,384.79,12,0.4,33.23,2.5,12.83,63,4.4
CUST_00390,47,28172.04,407.79,7,0.5,59.58,1.2,28.32,78,4.6
CUST_00391,60,109415.37,5822.06,33,0.4,172.53,6.6,73.51,175,2.5
CUST_00392,59,52960.63,32947.97,272,3.1,118.97,6.3,435.82,47,6.5
CUST_00393,48,31386.84,4601.56,63,2.3,72.39,2.2,174.3,31,7.6
CUST_00394,37,36927.01,656.53,16,1.0,39.49,1.2,45.59,88,6.8
CUST_00395,38,58541.2,6954.55,68,2.7,100.54,2.3,251.98,39,8.0
CUST_00396,47,105354.75,3753.94,22,0.3,163.73,6.3,49.66,81,2.4
CUST_00397,34,29376.71,947.06,22,1.1,44.25,1.7,46.42,38,7.1
CUST_00398,51,55052.25,12443.01,117,4.4,105.59,2.0,518.46,5,5.7
CUST_00399,27,25695.66,779.99,14,0.9,55.55,1.5,43.33,57,
CUST_00400,44,46474.48,125.84,3,0.1,43.53,2.3,4.56,91,5.7
CUST_00401,62,161495.84,242676.36,768,9.7,300.0,6.6,3064.1,19,6.6
CUST_00402,32,70669.04,3183.42,26,0.3,124.14,6.6,40.19,88,
CUST_00403,40,93085.7,18178.05,148,2.8,121.4,4.4,344.28,39,8.0
CUST_00404,29,43289.58,1081.04,30,0.9,36.57,3.0,30.03,87,4.9
CUST_00405,19,49315.53,11272.43,112,3.9,97.32,2.1,447.32,38,6.7
CUST_00406,25,26796.29,767.18,18,0.8,42.95,1.9,33.65,72,5.5
CUST_00407,19,88058.69,19282.81,123,3.3,158.01,3.3,486.94,48,7.7
CUST_00408,44,139708.86,235883.22,616,8.3,382.68,6.0,3276.16,5,10.0
CUST_00409,71,111204.75,7521.43,36,0.3,208.4,9.6,65.29,161,1.0
CUST_00410,33,112578.12,237082.89,805,9.2,299.44,7.1,2782.66,6,8.6
CUST_00411,33,72159.54,2952.88,23,1.7,131.43,1.1,223.7,28,8.0
CUST_00412,60,131370.14,2097.44,9,0.3,236.88,2.4,72.83,184,5.9
CUST_00413,38,130699.7,182.61,1,0.0,182.61,6.8,2.24,171,1.2
CUST_00414,18,45581.36,11978.82,130,2.7,91.4,4.0,249.56,26,5.6
CUST_00415,32,44694.03,12395.67,312,4.9,40.22,5.6,184.46,27,6.8
CUST_00416,35,87022.96,20411.71,106,3.1,199.37,2.7,629.99,33,9.1
CUST_00417,44,63694.37,4994.42,68,3.2,76.21,2.2,189.18,22,6.7
CUST_00418,41,99389.96,7197.56,121,3.7,61.16,2.6,230.69,50,5.3
CUST_00419,37,34352.6,452.05,20,0.8,22.38,1.9,19.83,33,6.9
CUST_00420,30,32539.55,847.64,29,0.9,28.48,2.5,28.25,126,6.8
CUST_00421,31,30891.11,505.93,19,0.6,27.54,3.1,13.6,107,5.8
CUST_00422,22,35045.49,2214.24,44,1.1,49.69,3.0,61.51,33,7.0
CUST_00423,43,142227.52,245352.19,806,8.9,301.06,7.9,2588.1,8,9.8
CUST_00424,28,64101.67,6583.57,48,3.6,130.0,1.1,498.76,14,6.7
CUST_00425,31,117530.0,146830.02,524,6.0,261.95,6.6,1853.91,5,7.3
CUST_00426,37,75153.69,22255.95,348,4.7,61.98,6.5,285.33,6,7.2
CUST_00427,29,54119.6,12473.56,144,3.4,84.83,3.5,296.99,25,6.4
CUST_00428,25,39331.55,168.7,5,0.6,33.21,0.7,20.08,64,6.2
CUST_00429,62,80581.89,12455.37,158,2.9,80.6,4.6,225.64,27,6.4
CUST_00430,48,98717.96,166451.2,532,7.3,324.0,6.7,2070.29,4,8.1
CUST_00431,55,107850.01,190136.15,518,12.6,385.06,3.3,4801.42,1,
CUST_00432,37,37428.83,617.3,24,1.6,25.6,1.4,36.74,58,4.4
CUST_00433,38,95835.09,6818.83,118,3.1,59.12,3.2,177.57,30,8.5
CUST_00434,42,132055.24,222915.62,609,6.9,357.52,7.7,2412.51,14,7.6
CUST_00435,27,167078.63,47104.42,189,9.3,257.93,1.8,2180.76,12,9.4
CUST_00436,19,22158.79,288.02,5,0.4,57.17,1.0,24.0,48,6.7
CUST_00437,45,140099.03,119837.39,424,9.0,289.26,4.3,2322.43,1,9.8
CUST_00438,32,38991.07,767.01,18,1.0,44.45,1.6,39.95,50,5.7
CUST_00439,29,41611.23,475.62,8,0.9,60.94,0.7,56.62,94,7.6
CUST_00440,45,148024.94,160216.13,1003,10.6,162.9,7.5,1780.18,12,9.4
CUST_00441,42,149783.44,38699.88,203,5.2,190.76,3.8,848.68,2,7.5
CUST_00442,71,104506.41,12418.52,49,0.7,258.12,5.9,175.4,202,4.5
CUST_00443,30,67532.0,17941.9,168,2.7,109.85,4.9,305.13,40,8.1
CUST_00444,18,82721.18,21337.08,164,3.9,133.31,3.1,573.58,59,8.7
CUST_00445,43,46549.36,1076.09,25,0.9,48.47,2.3,38.99,83,5.4
CUST_00446,52,104227.88,8203.16,39,0.9,212.76,4.1,166.73,252,1.2
CUST_00447,41,105718.05,13770.68,61,0.6,225.52,8.5,135.01,109,1.8
CUST_00448,33,24087.15,465.81,18,1.1,26.21,1.4,27.73,105,7.4
CUST_00449,19,58014.43,802.68,6,2.4,132.99,0.2,334.45,28,7.7
CUST_00450,29,159949.38,128198.91,454,7.5,274.43,4.4,2428.01,4,9.8
CUST_00451,18,37627.46,1188.62,25,0.7,46.08,3.3,30.02,15,7.2
CUST_00452,38,68132.56,43467.73,339,4.9,124.57,5.3,683.45,59,5.5
CUST_00453,45,70019.94,4409.31,35,1.3,128.35,2.1,174.97,48,8.7
CUST_00454,60,88022.39,19151.1,100,0.9,197.0,8.8,,161,2.1
CUST_00455,59,102205.32,106856.85,509,6.3,213.53,6.6,1349.2,7,8.9
CUST_00456,18,72795.89,31499.67,193,2.7,160.31,5.1,514.7,13,8.5
CUST_00457,51,97099.17,245079.55,1068,7.4,227.35,10.9,1873.7,1,7.5
CUST_00458,22,85187.07,18808.33,167,4.3,115.26,3.4,460.99,6,8.4
CUST_00459,25,93252.43,95380.41,254,5.7,363.76,3.7,2148.21,21,10.0
CUST_00460,41,118987.68,110716.56,499,6.6,229.51,6.9,1337.16,44,8.5
CUST_00461,28,137902.45,153147.86,545,8.7,285.48,4.7,2715.39,8,9.0
CUST_00462,53,70884.82,16598.54,146,3.8,112.98,3.2,432.25,29,7.8
CUST_00463,23,30110.58,205.0,20,1.4,10.0,1.4,12.2,74,5.8
CUST_00464,18,76645.9,6663.79,161,3.8,40.0,4.4,126.21,55,6.4
CUST_00465,55,121303.62,6351.62,33,0.7,190.73,4.1,129.1,66,4.6
CUST_00466,28,59182.6,11468.71,110,3.5,108.28,2.8,341.33,43,5.7
CUST_00467,29,70260.04,36477.92,248,3.1,142.56,6.9,440.55,35,6.7
CUST_00468,27,33652.64,1844.89,45,1.4,42.32,2.7,56.94,94,4.5
CUST_00469,33,61135.46,19758.93,152,2.8,131.89,4.1,401.6,21,7.2
CUST_00470,55,59563.34,6015.57,57,0.4,108.75,10.7,,167,3.2
CUST_00471,44,164779.78,245551.3,802,8.1,307.01,7.0,2923.23,6,8.7
CUST_00472,65,121693.62,21160.96,86,1.0,253.83,6.3,279.91,126,5.6
CUST_00473,51,134658.08,34480.55,89,4.7,382.01,1.5,1915.59,2,8.8
CUST_00474,35,30268.84,364.21,21,0.5,17.13,3.9,7.78,92,2.8
CUST_00475,35,118765.22,10408.49,94,2.1,108.28,3.5,247.82,34,7.4
CUST_00476,55,82139.55,15155.28,61,0.6,246.34,9.7,130.2,131,4.7
CUST_00477,42,146938.81,78920.42,244,5.5,,3.6,1826.86,1,8.4
CUST_00478,35,66709.73,7261.81,63,2.5,118.76,2.4,252.15,55,7.2
CUST_00479,47,84432.49,17701.49,69,0.9,261.87,5.5,268.2,203,4.3
CUST_00480,43,78018.11,15142.66,135,2.8,112.51,3.9,323.56,38,7.9
CUST_00481,39,103577.42,6630.87,61,4.0,108.76,1.3,425.06,35,6.3
CUST_00482,40,40222.73,1181.55,35,1.0,,3.0,32.82,63,6.4
CUST_00483,18,85093.99,36143.07,350,3.7,101.57,7.9,381.26,32,8.0
CUST_00484,34,85030.13,30401.92,177,4.9,160.6,3.2,791.72,30,7.1
CUST_00485,37,71865.51,6568.38,44,2.1,147.49,1.8,304.09,51,8.4
CUST_00486,47,146624.26,6611.62,48,0.8,140.57,6.0,91.83,149,3.0
CUST_00487,44,106862.53,177293.34,736,9.6,235.37,6.9,,4,8.2
CUST_00488,31,65149.54,6476.56,165,3.7,40.0,4.1,131.64,50,8.8
CUST_00489,36,83609.44,4247.44,19,0.3,221.2,5.0,70.79,72,1.9
CUST_00490,45,27574.24,693.92,42,1.0,16.29,3.5,16.52,80,5.6
CUST_00491,32,75674.36,32198.63,220,3.9,145.35,4.4,609.82,41,5.7
CUST_00492,32,116145.73,46536.55,312,5.6,151.86,4.8,807.93,38,7.5
CUST_00493,37,45932.93,17152.31,186,4.4,92.01,3.5,408.39,41,8.1
CUST_00494,35,128717.43,199436.53,207,5.9,202.74,3.5,984.15,14,9.6
CUST_00495,18,93751.31,4623.3,36,2.3,130.41,1.2,321.06,39,8.2
CUST_00496,22,67697.92,8143.87,67,2.1,127.88,2.4,282.77,49,6.8
CUST_00497,56,60214.5,21686.8,297,3.8,73.29,6.2,291.49,64,6.7
CUST_00498,57,143641.23,226485.41,643,9.3,330.75,6.2,3044.16,2,8.5
CUST_00499,44,111915.45,15467.07,61,0.7,274.14,7.0,184.13,163,1.6
CUST_00500,44,105969.38,4457.92,22,0.9,217.12,2.0,185.75,177,4.8
CUST_00501,23,39592.34,431.69,15,0.8,28.73,1.9,18.93,106,5.3
CUST_00502,46,43874.89,36717.08,318,4.3,112.92,5.6,546.39,31,7.6
CUST_00503,65,45551.45,13018.26,124,2.3,109.4,4.9,221.4,31,6.7
CUST_00504,29,25926.63,358.15,8,0.2,44.48,3.2,9.33,56,4.3
CUST_00505,32,22544.39,303.3,7,0.3,43.54,2.0,12.64,41,5.2
CUST_00506,47,120686.45,100810.12,323,4.5,317.85,5.4,,8,9.5
CUST_00507,48,153587.37,14429.2,70,0.7,203.8,8.9,135.1,127,4.3
CUST_00508,27,44346.92,1400.51,32,1.1,45.13,2.5,46.68,42,4.5
CUST_00509,36,128044.93,3661.69,15,0.3,236.88,3.9,78.24,148,2.7
CUST_00510,25,20000.0,386.37,13,1.4,31.53,0.8,40.25,17,4.5
CUST_00511,42,77100.52,6776.21,100,2.5,67.93,3.0,188.23,40,8.1
CUST_00512,53,55341.19,23343.0,210,3.1,110.8,6.0,324.21,48,6.6
CUST_00513,28,120506.95,8157.49,34,0.4,241.13,6.8,,197,1.4
CUST_00514,30,20000.0,778.04,18,0.8,,1.9,34.12,38,5.3
CUST_00515,25,153937.6,90007.64,464,7.7,190.39,5.3,1415.21,15,9.5
CUST_00516,45,,24213.03,105,7.9,233.46,1.0,2017.75,4,8.9
CUST_00517,23,59972.07,23872.33,162,4.1,154.39,3.6,,32,5.7
CUST_00518,32,49279.06,45.33,1,0.5,45.33,0.1,37.77,68,5.1
CUST_00519,50,126505.99,5283.01,22,0.4,239.45,5.8,75.91,147,
CUST_00520,65,117676.45,60459.62,303,8.2,202.87,3.0,,7,7.6
CUST_00521,29,67335.94,25713.9,194,3.2,133.85,4.6,465.83,55,8.4
CUST_00522,43,72177.94,12964.71,79,3.9,160.39,1.7,635.52,40,9.3
CUST_00523,31,79608.41,15703.67,58,0.6,275.69,7.9,165.65,159,2.2
CUST_00524,27,22738.53,531.65,11,1.3,48.47,0.6,73.84,74,3.6
CUST_00525,26,25200.0,769.53,31,0.7,24.97,3.4,18.86,65,5.0
CUST_00526,55,60977.84,1125.96,10,1.0,109.08,1.0,93.83,26,5.6
CUST_00527,52,82008.68,23412.55,180,4.6,129.88,3.4,573.84,22,6.1
CUST_00528,47,77945.5,14051.51,107,2.4,128.24,3.8,308.15,23,7.1
CUST_00529,59,123479.14,52839.84,159,5.4,339.66,2.4,1834.72,1,9.0
CUST_00530,19,32091.5,340.11,14,1.0,23.08,1.2,23.62,88,5.7
CUST_00531,26,34885.44,78.18,2,0.1,38.14,1.5,4.34,56,4.6
CUST_00532,60,119727.64,19414.22,104,0.8,177.83,11.4,,119,2.6
CUST_00533,40,107393.23,4101.03,19,0.7,214.56,2.6,131.44,183,1.8
CUST_00534,40,91487.65,6577.6,51,2.3,131.36,2.0,274.07,20,6.9
CUST_00535,44,28010.65,975.29,40,0.8,24.55,3.9,20.84,80,5.9
CUST_00536,48,88088.2,222.33,1,0.0,220.94,6.2,2.99,218,1.1
CUST_00537,25,28002.88,23.97,1,0.1,23.83,0.2,9.99,58,7.3
CUST_00538,19,76415.89,25490.64,203,4.9,127.13,3.9,544.67,44,8.0
CUST_00539,26,63407.66,6711.93,75,1.1,89.53,5.5,101.7,15,7.5
CUST_00540,40,155649.26,57629.86,301,4.4,190.01,5.3,906.13,3,8.8
CUST_00541,53,87278.41,18242.94,72,1.0,259.72,5.5,276.41,200,2.6
CUST_00542,44,68491.53,11839.42,130,3.6,92.09,3.1,318.26,57,7.0
CUST_00543,45,93834.01,14882.8,116,1.8,123.35,5.4,229.67,47,8.2
CUST_00544,18,29743.72,819.69,23,0.6,34.4,3.2,21.35,104,
CUST_00545,29,58835.74,9012.32,90,1.9,102.58,4.1,183.18,39,8.6
CUST_00546,46,61289.02,15414.68,200,2.9,72.93,5.6,229.39,32,8.8
CUST_00547,46,140313.05,104947.03,530,4.6,202.86,8.8,993.82,14,7.3
CUST_00548,30,40697.52,849.1,22,1.0,38.13,1.7,,27,5.4
CUST_00549,38,73546.83,2249.97,19,4.0,113.88,0.4,468.74,19,9.2
CUST_00550,26,32746.82,2478.62,55,1.7,46.17,2.8,73.77,85,4.5
CUST_00551,39,64016.07,32106.67,209,4.0,159.0,4.8,557.41,5,6.5
CUST_00552,43,23787.76,1643.21,43,1.4,37.66,3.0,45.64,29,5.6
CUST_00553,55,95085.26,17312.87,107,2.2,162.15,3.9,369.93,47,6.2
CUST_00554,42,76451.23,14311.69,101,3.5,143.19,2.4,496.93,30,8.5
CUST_00555,18,52746.14,1285.96,33,1.3,40.62,2.1,51.03,44,5.8
CUST_00556,18,82325.8,22602.3,164,3.0,132.58,3.8,495.66,35,7.9
CUST_00557,54,126269.3,61088.56,211,4.1,287.35,3.8,1339.66,2,8.1
CUST_00558,46,135986.01,174123.36,445,8.4,383.38,4.4,3297.79,6,7.0
CUST_00559,39,40768.96,911.38,20,0.7,44.03,2.4,31.65,91,4.5
CUST_00560,49,85963.12,15441.82,118,2.7,138.06,4.0,321.7,42,6.1
CUST_00561,26,41552.44,1158.79,34,1.3,33.9,2.1,45.98,40,8.7
CUST_00562,18,64502.41,25318.63,205,4.2,129.39,4.0,527.47,69,7.1
CUST_00563,36,134507.6,91315.5,404,7.4,221.05,4.9,1552.98,13,9.1
CUST_00564,50,114984.27,270962.86,237,5.1,226.84,3.8,1226.6,8,9.3
CUST_00565,18,56559.56,19351.25,205,2.5,94.65,6.3,255.97,54,6.3
CUST_00566,47,89612.82,10177.55,111,1.8,91.88,4.4,192.76,75,6.7
CUST_00567,73,97634.46,15829.85,162,3.5,96.06,4.4,299.81,33,6.4
CUST_00568,37,51567.08,3062.98,49,4.5,61.63,1.0,255.25,48,5.1
CUST_00569,54,100433.14,4569.33,42,0.4,109.52,8.9,42.78,151,3.4
CUST_00570,36,80626.62,4739.06,58,1.9,80.01,2.5,157.97,27,6.6
CUST_00571,66,90826.58,27174.23,230,3.6,118.99,4.7,481.81,39,7.4
CUST_00572,30,20000.0,497.7,17,0.8,29.01,1.6,25.92,51,6.2
CUST_00573,47,76488.55,18664.3,192,4.0,101.01,4.8,324.03,42,5.3
CUST_00574,33,64472.23,18531.01,256,3.5,69.97,6.3,245.12,43,8.2
CUST_00575,29,40522.05,23.86,1,0.1,23.86,0.1,19.88,68,7.8
CUST_00576,35,86219.1,4975.41,27,0.4,182.54,6.2,66.87,141,4.8
CUST_00577,56,140586.73,317178.33,940,8.5,349.23,8.8,3003.58,4,8.6
CUST_00578,32,134744.87,20078.77,64,0.5,317.96,10.6,157.85,164,2.7
CUST_00579,30,96556.24,46962.14,111,3.9,93.23,2.1,404.3,28,8.3
CUST_00580,33,65928.07,36913.96,281,4.8,129.34,5.5,559.3,25,6.6
CUST_00581,38,76813.95,44411.52,79,3.9,112.57,1.7,455.26,9,6.2
CUST_00582,42,103397.13,11487.85,70,0.6,167.96,10.2,93.85,169,2.8
CUST_00583,41,80708.52,38084.13,246,3.2,159.17,5.7,556.79,48,6.4
CUST_00584,64,76904.92,19369.91,109,4.9,172.33,2.0,807.08,34,6.6
CUST_00585,35,82720.98,29759.42,269,3.8,113.05,5.8,427.58,57,6.9
CUST_00586,50,67679.06,16452.27,142,3.1,108.32,4.3,318.84,29,8.7
CUST_00587,37,121494.19,163548.1,1234,9.5,136.89,9.7,1405.05,29,8.3
CUST_00588,42,114796.75,86415.2,238,3.2,355.35,5.4,1333.57,1,6.3
CUST_00589,28,142072.8,194458.45,559,10.5,364.68,4.7,3447.84,13,9.5
CUST_00590,25,124616.18,159323.4,467,4.9,351.9,8.5,1561.99,24,8.8
CUST_00591,42,135418.87,97856.26,299,9.4,337.19,2.6,3136.42,2,9.5
CUST_00592,39,48289.5,5201.03,64,2.3,82.75,2.5,173.37,27,7.9
CUST_00593,38,145626.45,115070.89,433,5.9,259.31,5.6,1712.36,10,8.9
CUST_00594,39,49454.3,17111.99,152,2.3,112.71,5.3,269.06,52,8.2
CUST_00595,30,32100.01,1549.74,49,1.2,,3.1,41.66,45,3.1
CUST_00596,39,70759.53,33344.62,217,3.6,150.03,5.5,505.22,24,8.5
CUST_00597,24,41220.77,27.52,2,1.0,14.18,0.2,11.47,58,6.4
CUST_00598,39,113739.06,162136.86,649,7.3,250.63,7.2,1876.58,32,8.8
CUST_00599,43,167018.01,152626.87,599,8.0,245.78,5.5,2312.53,13,9.2
CUST_00600,46,80097.94,48312.11,296,6.5,167.51,4.1,981.95,5,9.1
CUST_00601,44,198081.67,137778.41,394,6.6,343.77,4.8,2391.99,6,7.2
CUST_00602,22,58667.1,9404.48,80,2.2,120.17,3.2,244.91,31,7.2
CUST_00603,56,110494.21,155324.4,615,7.5,259.99,6.3,2054.56,1,9.6
CUST_00604,42,144363.29,167934.84,571,8.0,296.76,6.4,2186.65,4,8.6
CUST_00605,47,185814.03,46867.34,215,7.3,225.49,2.4,1627.34,9,9.3
CUST_00606,32,49770.17,8959.19,71,1.6,121.65,3.4,219.59,45,6.3
CUST_00607,39,58800.53,14435.98,118,2.5,133.67,4.4,273.41,7,6.1
CUST_00608,24,75050.31,19049.27,198,3.5,94.73,4.5,352.76,5,
CUST_00609,47,112207.63,9595.31,79,2.5,119.61,2.7,296.15,31,8.6
CUST_00610,21,33009.22,2048.72,40,1.0,51.93,3.1,55.07,54,
CUST_00611,28,99404.87,236657.34,751,7.5,335.25,8.1,2434.75,7,8.8
CUST_00612,31,35431.18,231.06,5,1.1,45.59,0.4,48.14,82,7.0
CUST_00613,45,65849.56,14969.31,134,3.3,113.23,3.4,366.89,49,7.9
CUST_00614,65,195161.72,60827.22,175,3.0,354.21,5.7,889.29,2,8.1
CUST_00615,25,31215.03,1311.86,23,1.6,55.07,1.1,99.38,75,5.2
CUST_00616,40,121319.79,11384.88,46,0.5,237.06,6.7,141.6,200,3.0
CUST_00617,37,106972.11,170813.78,813,11.8,213.36,6.0,2372.41,4,9.3
CUST_00618,43,85815.39,14919.63,87,2.8,175.57,2.6,478.19,31,8.0
CUST_00619,30,20213.93,50.67,1,0.7,50.67,0.1,42.22,84,7.0
CUST_00620,20,47926.98,288.5,8,1.0,37.88,0.8,30.05,60,7.5
CUST_00621,37,106259.87,216789.74,460,6.7,482.64,5.5,3284.69,43,9.4
CUST_00622,24,43648.4,40002.98,206,2.7,188.12,5.6,595.28,48,7.6
CUST_00623,42,78059.65,3316.16,35,1.4,93.48,2.2,125.61,34,6.5
CUST_00624,22,60776.85,28748.32,242,3.9,115.14,5.4,443.65,43,6.0
CUST_00625,28,76665.23,5448.04,74,3.3,72.12,1.7,267.06,10,8.0
CUST_00626,50,62537.69,1487.37,9,1.0,165.26,0.8,154.93,36,6.5
CUST_00627,33,43300.02,26637.41,307,5.2,86.52,4.6,482.56,70,7.1
CUST_00628,46,37457.77,2263.27,47,1.6,47.39,2.4,78.59,74,3.3
CUST_00629,29,151463.87,208393.43,858,7.8,244.52,8.4,2067.4,6,8.2
CUST_00630,34,58460.18,28907.78,339,3.4,84.47,8.4,286.78,47,8.0
CUST_00631,28,41724.85,126.28,9,0.7,13.88,1.0,10.52,31,8.1
CUST_00632,46,35526.31,1307.43,37,0.8,35.08,4.0,27.24,66,5.6
CUST_00633,35,89150.97,21751.09,157,3.9,140.94,3.8,477.0,40,6.1
CUST_00634,21,74231.71,12644.86,111,3.3,109.52,3.2,329.29,73,5.7
CUST_00635,25,221229.74,136588.22,417,8.1,315.03,4.7,2421.78,6,10.0
CUST_00636,45,65721.96,22599.47,272,5.0,86.36,4.3,437.97,38,5.7
CUST_00637,36,81248.93,6419.9,51,3.0,134.0,1.5,356.66,43,5.9
CUST_00638,42,80380.78,17399.63,191,4.3,92.32,3.7,391.88,41,5.9
CUST_00639,18,83716.18,8684.06,114,2.7,78.05,3.5,206.76,47,5.5
CUST_00640,49,78764.96,5948.08,33,3.3,189.61,0.9,550.75,52,6.3
CUST_00641,52,104602.17,78010.64,252,7.4,313.1,2.8,2321.75,16,
CUST_00642,48,85879.23,21684.41,191,3.9,108.87,3.8,475.54,38,8.5
CUST_00643,45,69460.88,12347.84,71,1.0,171.56,5.9,174.4,9,6.5
CUST_00644,37,69802.79,86029.4,143,2.1,117.82,5.3,271.42,26,7.5
CUST_00645,44,142323.39,102908.58,333,6.5,297.24,4.4,1949.03,2,9.6
CUST_00646,27,20435.58,985.08,29,1.6,33.2,1.5,54.73,19,6.9
CUST_00647,26,75216.43,20137.65,193,5.0,104.86,3.2,524.42,17,6.7
CUST_00648,18,33325.88,4851.01,75,1.4,62.49,4.1,98.6,76,6.0
CUST_00649,20,37157.34,646.44,27,1.2,24.53,1.8,29.93,66,3.8
CUST_00650,42,82136.28,882.42,13,1.9,71.12,0.6,122.56,32,5.7
CUST_00651,58,150903.82,133763.35,359,4.3,357.59,6.7,1663.72,2,8.7
CUST_00652,56,62124.26,9501.64,98,3.7,92.68,2.4,329.92,37,5.5
CUST_00653,64,51784.36,19012.82,115,3.2,167.38,2.9,546.35,15,9.4
CUST_00654,37,38336.76,317.35,11,1.1,29.32,0.8,33.06,96,4.5
CUST_00655,36,63670.9,10381.92,81,3.9,126.06,1.7,508.92,53,5.2
CUST_00656,55,200000.0,158933.68,622,11.3,264.21,4.6,2879.23,6,8.3
CUST_00657,30,83687.81,24058.37,220,4.1,110.15,4.7,426.57,50,8.3
CUST_00658,51,62646.61,17495.1,165,2.7,105.29,5.4,269.99,32,6.1
CUST_00659,18,90355.86,7159.04,83,2.9,88.08,2.2,271.18,31,6.6
CUST_00660,53,63142.44,38780.01,392,4.3,95.77,6.6,489.65,39,7.8
CUST_00661,48,86107.01,13283.17,102,2.2,129.23,3.8,291.3,31,4.1
CUST_00662,52,88849.58,3953.37,30,0.5,132.32,5.0,65.89,166,2.8
CUST_00663,27,72693.63,2300.02,18,3.3,124.12,0.5,383.34,39,8.1
CUST_00664,51,70779.78,15738.74,176,3.1,89.02,5.5,238.47,29,7.5
CUST_00665,55,140036.57,86715.64,457,10.4,193.91,4.2,1720.55,18,9.2
CUST_00666,27,121988.62,239539.43,654,8.3,352.88,6.3,3168.51,35,8.1
CUST_00667,34,58988.31,19545.53,123,3.4,159.03,3.5,465.37,26,7.0
CUST_00668,57,185127.23,128217.59,566,7.0,251.62,6.4,1669.5,9,7.1
CUST_00669,38,134765.61,154200.95,386,4.2,,8.4,1529.77,1,8.9
CUST_00670,48,63425.72,10411.92,113,1.6,97.77,5.8,149.6,30,7.4
CUST_00671,25,173818.5,283874.13,709,9.7,376.78,6.3,3754.95,6,6.5
CUST_00672,22,31327.75,1091.74,30,1.0,36.0,2.7,33.7,64,4.5
CUST_00673,30,158162.79,185280.98,788,10.7,232.6,6.9,2237.69,21,9.4
CUST_00674,58,45532.67,3655.86,36,2.7,99.31,1.3,234.35,56,7.3
CUST_00675,35,52949.9,8626.05,127,2.1,71.76,5.5,130.7,28,7.4
CUST_00676,40,120554.39,14522.09,61,0.8,235.26,5.4,224.11,240,2.7
CUST_00677,53,95329.72,346523.37,1363,9.1,262.22,11.3,2555.48,2,9.0
CUST_00678,24,55669.6,21751.52,208,3.8,105.87,4.5,402.81,46,5.9
CUST_00679,44,141253.31,11863.95,36,0.5,325.3,6.2,159.46,97,4.2
CUST_00680,46,32401.14,497.51,17,0.5,29.76,3.0,13.82,74,6.8
CUST_00681,41,47557.03,1022.0,32,1.4,33.89,1.9,44.82,87,6.1
CUST_00682,43,78352.62,1605.88,14,2.1,113.08,0.6,223.04,9,8.1
CUST_00683,53,148179.26,159823.2,389,10.3,402.23,3.3,4035.94,38,8.9
CUST_00684,35,32108.14,1116.29,32,1.1,36.08,2.3,40.45,81,5.9
CUST_00685,49,40700.41,1724.82,8,0.2,220.82,3.5,41.07,217,3.1
CUST_00686,48,81723.79,16219.16,139,3.8,117.38,3.8,355.68,32,7.6
CUST_00687,55,79091.23,16610.76,103,2.3,152.48,3.9,354.93,13,5.3
CUST_00688,42,58788.6,16066.78,110,1.5,138.85,5.5,243.44,47,7.3
CUST_00689,18,21213.58,916.88,19,0.8,46.73,2.3,33.22,63,5.6
CUST_00690,25,160560.81,69691.64,304,6.7,215.81,4.2,1382.77,11,7.4
CUST_00691,28,94801.38,30635.57,173,4.1,171.54,3.7,689.99,24,7.1
CUST_00692,34,42681.1,15779.28,124,4.1,126.22,2.9,453.43,44,6.8
CUST_00693,30,91038.84,13552.65,122,3.5,114.9,2.6,434.38,56,8.3
CUST_00694,22,54186.7,15436.6,169,3.1,96.34,4.5,285.86,50,7.4
CUST_00695,45,159495.72,117632.16,513,10.6,232.72,4.7,2085.68,5,9.4
CUST_00696,47,79717.14,2216.92,18,1.0,122.46,1.5,123.16,42,6.1
CUST_00697,23,81838.02,19664.95,220,2.7,83.61,6.8,240.99,39,7.9
CUST_00698,33,102376.37,10383.77,168,2.8,62.23,5.1,169.67,54,8.5
CUST_00699,41,148764.39,114799.29,523,8.5,218.5,5.2,1839.73,13,8.1
CUST_00700,24,79449.52,9868.37,197,3.6,49.58,4.6,178.77,21,7.2
CUST_00701,43,83509.61,18572.14,164,3.5,112.55,3.8,407.28,45,7.5
CUST_00702,45,133290.78,186791.72,599,8.5,296.05,5.7,2730.87,19,10.0
CUST_00703,48,53564.96,39892.56,242,4.4,158.53,5.2,639.3,28,
CUST_00704,35,147703.19,149071.28,549,6.5,271.49,7.0,1774.66,33,7.0
CUST_00705,39,106258.76,204939.47,879,8.7,237.6,8.3,2057.63,1,9.4
CUST_00706,36,97782.57,15418.05,83,0.9,188.95,8.1,158.62,89,2.3
CUST_00707,60,61212.83,19516.52,207,4.6,94.19,3.3,492.84,32,8.1
CUST_00708,47,29835.59,937.52,35,0.8,27.37,3.7,21.12,71,4.3
CUST_00709,43,119244.72,30973.51,213,3.1,141.57,5.5,469.3,21,6.4
CUST_00710,29,35702.25,142.1,4,0.8,36.26,0.4,29.6,103,4.1
CUST_00711,18,36405.67,1917.19,44,1.1,41.63,3.4,46.99,57,6.7
CUST_00712,47,68140.34,7098.35,51,2.3,136.36,1.8,328.63,11,9.0
CUST_00713,32,76642.98,11831.02,128,2.5,96.2,4.8,205.4,36,6.3
CUST_00714,25,57333.27,23492.2,261,3.6,86.2,5.7,343.45,48,6.4
CUST_00715,18,82452.13,13686.79,267,3.8,53.38,6.5,175.47,34,6.9
CUST_00716,52,86360.08,1622.19,7,0.1,221.09,5.3,25.51,97,3.7
CUST_00717,22,20000.0,2162.59,39,1.1,54.24,3.0,60.07,15,4.9
CUST_00718,49,117577.53,4453.06,23,0.6,181.41,2.8,132.53,76,2.3
CUST_00719,50,94667.55,174412.67,713,8.1,264.77,6.8,2137.41,6,7.8
CUST_00720,26,42624.08,839.15,23,1.1,36.33,1.6,43.71,71,
CUST_00721,55,71008.76,8986.88,38,0.6,236.68,5.2,144.02,227,2.7
CUST_00722,59,123524.4,213936.85,968,9.1,,8.2,2174.15,6,9.5
CUST_00723,38,160210.28,191403.87,715,10.8,259.98,5.2,3067.37,7,8.2
CUST_00724,23,47196.14,1109.32,23,1.5,48.7,1.5,61.63,61,3.4
CUST_00725,37,73524.45,27994.96,300,4.8,89.45,5.6,416.59,47,8.0
CUST_00726,40,38989.52,24.13,1,0.8,24.13,0.1,20.11,59,7.1
CUST_00727,48,168702.27,41500.46,342,4.9,128.75,6.2,557.8,1,8.9
CUST_00728,22,33860.12,554.37,13,0.6,43.62,1.8,25.67,59,7.5
CUST_00729,30,99920.6,25967.68,225,4.5,113.46,4.0,540.99,23,6.9
CUST_00730,31,137211.66,214591.57,579,7.6,359.81,5.8,3083.21,8,8.7
CUST_00731,52,139812.98,177578.63,601,8.1,304.2,5.9,2508.17,3,7.2
CUST_00732,22,20000.0,718.45,20,0.9,35.37,1.7,,71,5.4
CUST_00733,30,36360.9,496.22,18,0.8,27.28,2.0,20.68,79,5.4
CUST_00734,33,79684.41,16625.0,112,2.5,147.52,3.9,355.24,17,6.1
CUST_00735,46,98267.03,8281.01,106,3.6,74.23,2.5,276.03,21,8.4
CUST_00736,33,44305.84,93.79,4,0.1,23.65,3.3,2.37,71,3.6
CUST_00737,25,93404.51,11244.36,106,3.9,109.15,2.5,374.81,24,5.4
CUST_00738,32,46636.84,257.46,13,0.9,19.76,1.2,17.88,48,6.2
CUST_00739,46,80339.23,483.51,6,2.7,80.98,0.2,201.46,30,7.1
CUST_00740,50,76428.56,13517.42,195,2.5,67.49,6.1,184.66,56,7.7
CUST_00741,29,78567.34,15778.94,179,3.3,88.13,5.0,262.98,28,7.5
CUST_00742,40,90183.9,16042.28,85,2.2,187.31,3.0,445.62,37,8.1
CUST_00743,35,36492.6,50.05,2,0.1,25.24,1.7,2.45,73,2.3
CUST_00744,38,81918.46,29982.79,232,3.8,138.75,5.0,499.71,59,8.4
CUST_00745,40,69980.7,18905.15,131,2.9,143.53,3.7,425.79,43,6.8
CUST_00746,43,32664.97,291.06,10,0.9,28.11,0.9,26.95,88,4.7
CUST_00747,36,86095.61,7810.45,95,3.6,80.8,2.2,295.85,38,7.8
CUST_00748,37,72502.89,19049.86,146,2.9,136.69,4.3,369.18,55,6.2
CUST_00749,67,98323.27,12386.78,51,0.4,245.37,10.4,99.25,191,2.7
CUST_00750,38,93598.51,7633.29,102,2.8,75.4,2.9,219.35,58,6.7
CUST_00751,56,124966.13,222259.03,821,9.1,266.29,7.8,2374.56,3,8.6
CUST_00752,47,67397.02,13421.19,46,0.5,290.51,6.9,162.09,117,1.0
CUST_00753,45,77197.91,4828.52,34,1.7,156.12,1.7,236.69,56,4.5
CUST_00754,32,96962.88,7870.85,80,2.7,101.52,2.6,252.27,18,5.3
CUST_00755,55,93926.58,126136.12,661,9.3,192.93,6.0,1751.89,23,8.0
CUST_00756,36,40217.83,173.0,4,0.1,44.11,3.2,,87,5.3
CUST_00757,31,61479.34,13835.17,78,3.9,178.46,1.6,720.58,26,6.7
CUST_00758,38,47970.37,6641.53,81,3.1,83.18,2.2,251.57,52,5.8
CUST_00759,39,46748.02,1016.67,25,0.8,40.96,2.5,33.89,53,3.2
CUST_00760,20,34910.57,358.29,8,0.7,43.75,0.9,33.17,68,7.2
CUST_00761,47,148824.27,61806.76,234,4.8,,4.1,1256.23,6,9.0
CUST_00762,32,59461.95,10603.73,104,6.0,102.45,1.5,589.1,6,8.8
CUST_00763,45,60503.0,9395.26,90,3.9,102.59,1.8,434.97,6,9.2
CUST_00764,25,,1071.71,21,0.5,50.4,3.5,25.52,48,3.4
CUST_00765,40,149940.94,141182.5,389,6.9,348.61,4.6,2557.65,16,8.9
CUST_00766,32,51899.73,42906.99,250,3.2,168.24,6.0,595.93,36,7.4
CUST_00767,20,31611.65,49.8,1,0.4,46.89,0.1,41.5,57,5.3
CUST_00768,22,31915.81,973.56,40,1.0,23.84,3.4,23.86,90,8.0
CUST_00769,43,85369.35,15945.56,101,1.5,,5.7,233.12,51,7.7
CUST_00770,28,24302.06,540.7,21,1.1,24.75,1.6,28.16,63,4.3
CUST_00771,41,106184.32,68538.23,272,8.2,,2.6,2196.74,1,8.4
CUST_00772,25,35774.04,43.48,1,0.3,42.34,0.1,36.23,45,7.2
CUST_00773,47,155169.05,168410.15,714,6.9,245.53,8.3,1690.86,4,9.6
CUST_00774,37,63397.29,27292.08,236,3.9,111.97,4.6,494.42,47,7.4
CUST_00775,21,33413.8,1466.71,35,1.3,40.7,2.2,55.56,50,
CUST_00776,48,178641.84,138055.63,411,5.4,350.62,5.7,2018.36,17,8.3
CUST_00777,33,76635.7,40675.7,365,4.6,109.12,6.1,555.68,37,8.4
CUST_00778,18,32415.39,2268.54,53,1.3,42.43,3.6,52.51,27,5.7
CUST_00779,24,37648.31,79.34,6,0.5,13.22,1.0,6.61,95,5.3
CUST_00780,39,71966.43,2468.81,31,1.9,79.84,1.6,128.58,24,7.6
CUST_00781,22,48971.93,1758.03,51,1.2,36.56,3.2,45.78,102,5.5
CUST_00782,37,74549.62,20830.48,218,3.8,95.75,4.8,361.64,27,7.9
CUST_00783,46,66099.73,2634.14,20,3.0,128.71,0.6,365.85,62,5.9
CUST_00784,32,66158.95,15743.08,195,3.2,82.78,5.9,222.36,43,6.8
CUST_00785,32,117680.67,253665.94,887,8.3,286.47,9.0,2348.76,21,8.6
CUST_00786,53,124534.04,10116.21,55,0.7,186.78,6.0,140.5,198,3.5
CUST_00787,21,87545.77,11170.61,117,2.9,96.72,3.3,282.09,29,7.5
CUST_00788,26,48470.81,6656.21,67,3.6,105.14,1.6,346.68,51,7.1
CUST_00789,48,61607.78,10983.58,102,3.2,105.59,2.7,339.0,31,6.2
CUST_00790,30,118882.36,6414.03,28,0.3,228.94,7.1,,152,4.5
CUST_00791,31,136831.84,183004.85,504,7.8,372.23,5.1,2990.28,31,9.7
CUST_00792,35,77718.67,15372.06,126,3.1,117.77,3.4,376.77,43,5.8
CUST_00793,55,44105.05,11547.36,92,3.1,122.37,2.3,418.38,58,5.2
CUST_00794,31,40097.5,25342.03,161,3.5,157.72,3.6,586.62,36,8.3
CUST_00795,50,129118.8,48217.08,244,8.1,190.47,2.7,1488.18,22,10.0
CUST_00796,47,32161.76,402.49,12,0.6,32.02,1.7,19.73,45,7.3
CUST_00797,33,122700.75,19383.02,94,0.9,212.19,7.8,207.08,113,3.0
CUST_00798,45,73270.95,30059.71,244,4.6,127.46,4.2,596.42,37,5.2
CUST_00799,22,31762.6,34.78,1,0.5,34.78,0.1,28.98,62,6.5
CUST_00800,45,110456.89,7283.39,32,0.5,232.55,5.1,119.01,226,2.6
CUST_00801,31,41953.02,309.26,6,1.7,52.15,0.3,85.91,22,6.3
CUST_00802,39,130066.3,170917.02,713,9.6,252.05,6.2,,24,8.4
CUST_00803,47,90484.93,3542.79,27,2.6,134.6,0.8,369.04,27,6.3
CUST_00804,50,52657.5,11950.94,126,3.5,92.79,3.0,331.97,46,6.6
CUST_00805,54,70113.81,20307.93,221,3.9,91.17,4.7,360.07,5,7.6
CUST_00806,30,39446.61,1031.63,17,0.7,62.1,1.7,50.57,28,6.8
CUST_00807,41,97612.87,4701.16,19,0.3,238.56,5.3,73.92,222,3.8
CUST_00808,49,,17592.19,96,1.1,190.97,7.1,206.48,143,2.5
CUST_00809,32,30820.51,7701.8,123,2.4,61.69,4.2,,46,6.0
CUST_00810,41,176661.06,44996.91,153,4.4,296.16,2.7,1388.79,5,9.7
CUST_00811,51,112368.44,1688.18,12,0.1,140.28,9.5,14.81,152,3.3
CUST_00812,26,54686.02,557.85,14,0.7,39.49,1.6,29.05,89,4.9
CUST_00813,43,164982.12,368586.82,837,7.9,425.1,7.6,4041.52,6,7.5
CUST_00814,53,107814.4,4158.55,35,0.4,116.34,7.4,46.83,139,3.7
CUST_00815,40,25625.35,1049.75,24,0.6,42.35,3.2,27.34,52,6.0
CUST_00816,48,53594.79,14825.31,84,3.4,182.05,2.3,537.15,22,9.4
CUST_00817,62,336404.1,9631.41,90,2.5,107.95,3.0,267.54,13,7.1
CUST_00818,55,62833.72,6477.83,55,1.5,121.22,3.1,174.14,38,7.3
CUST_00819,42,132681.05,164841.08,574,7.4,298.9,6.5,2113.35,4,9.0
CUST_00820,36,68699.2,16122.73,120,3.3,130.81,3.5,,45,8.8
CUST_00821,31,21714.2,3115.04,49,1.4,67.54,3.0,86.53,101,5.2
CUST_00822,46,133234.33,134388.43,383,7.3,357.14,4.7,2382.77,1,7.4
CUST_00823,40,77826.37,4432.76,35,1.6,128.77,1.7,217.29,57,6.1
CUST_00824,57,76258.67,7414.62,109,2.8,68.46,3.5,176.54,49,6.3
CUST_00825,28,86878.89,422.82,4,1.7,109.46,0.2,176.18,39,7.7
CUST_00826,44,160668.13,4658.84,28,0.4,170.15,5.5,70.59,165,3.9
CUST_00827,52,49660.74,17248.08,128,3.6,127.61,3.1,463.66,35,7.8
CUST_00828,28,95368.58,8716.8,113,1.9,77.75,5.3,137.06,19,7.9
CUST_00829,18,,1040.53,26,0.9,41.11,2.5,34.68,38,6.6
CUST_00830,30,67130.7,16725.34,150,3.3,110.72,3.9,357.38,23,6.9
CUST_00831,38,51373.72,7687.17,107,3.6,,2.7,237.26,52,8.6
CUST_00832,23,92364.29,13579.89,135,3.6,95.1,3.2,353.64,48,7.6
CUST_00833,36,110869.95,78878.62,253,7.9,314.35,2.6,2528.16,1,9.4
CUST_00834,60,134989.13,115357.81,395,4.6,287.84,7.9,1216.85,1,8.3
CUST_00835,32,87700.69,15970.82,156,2.7,106.2,4.9,271.61,26,5.6
CUST_00836,27,74973.26,15408.67,156,3.3,100.95,4.1,313.18,48,7.3
CUST_00837,55,65976.95,2042.61,15,0.6,138.76,2.0,85.11,150,2.8
CUST_00838,57,77999.95,24289.97,210,4.0,121.05,3.8,532.67,28,8.4
CUST_00839,24,76848.71,2898.87,25,3.4,115.79,0.7,345.1,60,5.5
CUST_00840,30,84340.24,13601.05,166,3.4,81.32,4.1,276.44,26,8.6
CUST_00841,44,149383.99,111988.26,332,5.1,336.03,5.3,1760.82,7,9.3
CUST_00842,18,,37.73,1,1.1,37.73,0.1,31.44,80,4.5
CUST_00843,39,156601.32,666851.99,500,9.0,292.55,4.5,2630.33,3,8.9
CUST_00844,48,,12032.07,53,0.6,229.74,8.4,119.37,123,2.6
CUST_00845,43,101646.88,46269.32,154,6.3,311.35,2.1,1836.08,45,8.2
CUST_00846,29,86745.75,5382.48,50,2.5,114.67,2.1,213.59,18,8.9
CUST_00847,53,110797.83,190136.74,874,9.9,211.47,7.5,2112.63,5,8.3
CUST_00848,34,95518.08,8374.78,36,0.6,222.55,5.5,126.89,122,4.0
CUST_00849,30,69655.85,14416.49,150,2.6,92.92,4.7,255.61,43,6.3
CUST_00850,33,80336.13,45722.71,365,3.8,124.18,7.2,529.2,42,6.0
CUST_00851,46,139255.84,171295.07,576,7.7,302.78,6.1,2340.1,4,8.5
CUST_00852,44,35651.01,39.98,1,0.1,37.54,0.6,5.55,71,5.0
CUST_00853,39,78455.17,20520.34,183,3.0,108.64,5.3,322.65,32,7.2
CUST_00854,24,30856.28,488.59,18,1.0,27.83,1.5,27.14,53,8.2
CUST_00855,48,57643.78,25472.24,228,3.8,106.88,5.1,416.21,24,6.3
CUST_00856,47,118844.16,265701.6,953,10.3,277.43,7.7,2875.56,1,9.8
CUST_00857,54,108543.38,366255.91,1025,12.1,343.71,6.8,4488.43,25,10.0
CUST_00858,54,78499.26,12527.87,116,2.1,103.07,4.9,213.06,47,8.0
CUST_00859,48,73809.82,10155.35,93,3.1,111.41,2.3,367.95,38,6.1
CUST_00860,42,137783.31,31464.96,109,9.2,289.84,1.0,2622.08,20,9.0
CUST_00861,22,28231.68,780.15,20,0.6,38.72,2.8,23.22,68,6.2
CUST_00862,48,53055.56,1151.54,7,2.6,164.05,0.2,479.81,65,9.2
CUST_00863,35,45268.27,504.25,5,2.6,104.06,0.2,210.1,54,8.2
CUST_00864,40,58652.33,7881.02,60,3.5,130.91,1.8,364.86,40,6.1
CUST_00865,45,78388.66,6216.16,48,2.4,130.65,1.6,323.76,31,8.9
CUST_00866,44,64700.53,12151.24,139,3.3,88.15,3.5,289.32,21,8.0
CUST_00867,53,155094.54,264618.15,730,6.4,380.46,8.5,2594.3,17,8.0
CUST_00868,33,132200.34,108823.17,408,5.5,268.6,6.8,1333.62,2,9.5
CUST_00869,26,20792.14,352.49,6,0.6,55.2,0.8,36.72,69,6.7
CUST_00870,31,131272.72,177.12,1,0.0,174.73,8.9,1.66,182,4.0
CUST_00871,29,67417.51,14742.63,102,3.3,145.92,2.4,511.9,23,8.3
CUST_00872,28,59285.59,27958.88,203,4.1,135.54,5.0,465.98,15,6.7
CUST_00873,47,72623.13,6461.18,70,3.7,,1.6,336.52,61,8.9
CUST_00874,45,92415.1,27633.1,183,4.0,154.33,3.6,639.66,38,6.9
CUST_00875,27,137921.66,244465.78,750,9.4,310.26,7.1,2869.32,7,8.3
CUST_00876,35,128379.78,90131.37,427,5.5,218.07,6.5,1155.53,1,
CUST_00877,31,33266.15,499.17,18,0.9,28.06,1.7,24.47,68,6.4
CUST_00878,32,38660.34,269.92,6,0.2,45.64,2.5,9.0,48,4.4
CUST_00879,33,150838.54,73269.71,229,4.1,308.68,5.1,1197.22,30,7.5
CUST_00880,47,89879.34,18014.28,187,5.8,99.64,2.8,536.14,31,6.4
CUST_00881,44,67642.45,13519.33,127,3.0,103.16,3.4,331.36,37,6.7
CUST_00882,25,43582.81,597.93,22,1.1,27.33,1.6,31.14,53,4.2
CUST_00883,63,174386.49,315125.85,962,11.8,326.22,6.7,3919.48,32,7.9
CUST_00884,31,159251.25,143567.92,655,6.6,211.66,8.5,1407.53,7,7.7
CUST_00885,26,35385.51,1549.0,43,1.7,35.51,2.1,61.47,71,3.7
CUST_00886,44,148354.97,62313.54,194,5.6,309.35,2.7,1923.26,37,8.3
CUST_00887,35,34140.44,978.18,32,1.4,29.64,1.9,42.9,111,4.9
CUST_00888,39,67781.95,19239.7,145,3.6,123.02,3.7,433.33,23,6.0
CUST_00889,70,127900.39,88233.85,324,4.3,263.22,6.9,1065.63,1,8.7
CUST_00890,39,69445.73,11318.27,151,3.7,74.68,3.4,277.41,35,5.9
CUST_00891,31,40171.81,741.36,25,1.1,29.6,2.2,28.08,63,5.5
CUST_00892,26,28594.87,185.9,10,0.5,17.67,1.5,10.33,47,6.6
CUST_00893,32,24947.17,658.69,20,1.2,32.62,1.5,36.59,29,8.7
CUST_00894,35,54546.32,8290.53,128,3.1,63.76,3.8,181.81,36,8.3
CUST_00895,27,20000.0,1155.35,36,1.1,30.96,2.4,40.12,50,
CUST_00896,30,55171.79,19098.79,153,3.8,125.97,3.5,454.73,5,6.5
CUST_00897,51,76900.34,9479.57,70,4.4,138.95,1.3,607.66,30,8.2
CUST_00898,49,26564.96,2708.29,58,1.7,45.84,2.7,,46,6.1
CUST_00899,58,114605.84,120902.61,506,7.0,242.12,5.4,1865.78,4,9.0
CUST_00900,66,119095.13,161807.06,554,9.7,278.93,5.0,2696.78,26,10.0
CUST_00901,60,80203.35,23881.46,185,3.3,139.08,4.6,432.64,5,7.2
CUST_00902,39,143645.45,174869.3,686,7.5,258.37,7.7,1892.52,33,7.5
CUST_00903,25,115873.86,111133.36,313,3.0,351.25,7.3,1268.65,7,9.3
CUST_00904,39,91980.48,13263.69,109,1.9,123.8,5.7,193.91,60,6.1
CUST_00905,26,59741.98,11460.96,211,3.5,51.93,5.1,187.27,40,6.9
CUST_00906,28,28303.84,1132.54,37,1.3,30.3,2.4,39.32,22,5.4
CUST_00907,37,31631.76,162.25,3,1.2,54.98,0.2,67.6,65,3.7
CUST_00908,34,74273.08,6780.9,81,3.8,82.78,2.0,282.54,35,6.9
CUST_00909,45,71785.96,8112.18,76,2.4,111.04,3.1,218.07,31,6.2
CUST_00910,39,77459.57,15028.1,125,4.1,117.92,2.9,431.84,15,8.7
CUST_00911,47,87027.47,8046.97,54,1.0,142.78,4.2,159.66,35,7.6
CUST_00912,44,101044.16,6838.64,81,2.7,84.47,2.5,227.95,18,6.0
CUST_00913,18,78399.84,32881.95,388,5.3,84.43,7.1,385.94,30,8.6
CUST_00914,43,74017.74,13360.03,177,4.4,77.81,3.0,371.11,42,7.6
CUST_00915,38,83815.94,14938.2,135,2.7,112.78,3.6,345.79,11,7.9
CUST_00916,48,62150.78,6828.64,61,2.6,108.11,1.9,299.5,38,9.0
CUST_00917,55,84473.14,17007.81,106,2.3,160.39,3.7,383.06,31,7.5
CUST_00918,54,106355.11,17223.25,62,0.6,259.43,8.5,168.86,180,3.2
CUST_00919,30,34502.08,143.64,3,0.5,46.89,0.5,23.94,33,5.3
CUST_00920,34,128557.03,67254.91,357,6.7,194.3,5.2,1077.8,4,8.6
CUST_00921,36,29612.69,2591.98,51,1.5,47.37,3.1,69.68,59,6.0
CUST_00922,19,,16724.18,93,3.9,187.18,2.0,696.84,42,5.0
CUST_00923,26,328204.51,649.85,16,0.6,40.94,2.1,25.79,33,4.6
CUST_00924,36,26874.69,716.41,12,0.4,59.18,2.6,22.96,45,5.5
CUST_00925,41,63519.75,24187.59,172,3.8,138.82,3.8,530.43,46,7.0
CUST_00926,43,198727.71,143112.84,508,5.7,,7.4,1611.63,4,8.7
CUST_00927,31,75925.96,7896.73,47,3.5,167.36,1.1,598.24,5,5.9
CUST_00928,32,80128.39,14407.28,233,4.0,59.25,5.1,235.41,24,6.2
CUST_00929,37,72274.2,4656.07,35,2.8,127.42,1.0,388.01,25,7.0
CUST_00930,58,101850.44,1463.17,7,3.3,197.51,0.2,609.65,42,7.2
CUST_00931,58,145452.32,171958.48,602,7.1,292.21,6.9,2076.79,23,7.9
CUST_00932,35,34678.36,442.42,19,1.3,23.0,1.4,26.33,54,7.1
CUST_00933,51,103947.1,5868.63,43,0.6,134.17,6.6,74.1,144,5.1
CUST_00934,30,67225.48,7724.05,88,3.1,92.51,2.5,257.47,42,7.4
CUST_00935,52,113726.47,124982.79,409,7.0,307.34,4.8,2169.84,15,8.1
CUST_00936,23,90760.62,16277.96,98,2.0,162.82,4.0,339.12,33,5.1
CUST_00937,37,116188.64,80081.39,303,6.6,264.56,4.1,1627.67,5,8.1
CUST_00938,60,131923.46,12658.36,60,0.7,214.64,8.1,130.23,137,2.1
CUST_00939,48,110659.24,180320.03,451,9.8,394.04,3.5,4293.33,6,9.2
CUST_00940,42,80033.93,14845.52,119,2.6,119.98,3.8,325.56,12,5.4
CUST_00941,29,74882.46,2184.29,27,3.3,80.16,0.7,260.03,22,8.6
CUST_00942,38,58442.92,9119.83,80,1.7,121.47,3.8,200.0,51,7.9
CUST_00943,51,20000.0,373.29,10,0.4,35.92,2.2,14.14,65,8.8
CUST_00944,29,34372.56,2198.43,38,0.9,59.97,3.2,57.25,81,6.9
CUST_00945,18,101778.19,8049.4,92,3.2,90.42,2.3,291.64,19,5.9
CUST_00946,46,90752.58,180888.8,563,9.6,317.92,5.0,3014.81,4,9.2
CUST_00947,28,249726.69,82570.97,478,5.2,170.86,7.7,893.63,9,
CUST_00948,44,75371.64,11342.08,48,0.5,240.31,8.1,116.69,142,
CUST_00949,21,22735.9,52.41,2,0.3,25.57,0.5,8.74,37,6.3
CUST_00950,42,77895.06,18741.64,216,3.1,86.58,5.6,278.89,68,8.2
CUST_00951,39,73243.12,16331.5,150,3.0,113.85,4.0,340.24,42,6.4
CUST_00952,18,,466.11,11,0.3,43.58,3.1,12.53,36,4.3
CUST_00953,37,144853.3,60577.03,219,6.3,278.46,2.9,1740.72,1,8.4
CUST_00954,28,86473.83,7032.47,31,0.7,226.08,3.2,183.14,177,2.8
CUST_00955,34,66436.03,18704.98,158,4.0,120.08,3.4,458.46,42,7.7
CUST_00956,48,76322.25,18754.8,220,4.4,90.05,4.1,381.2,22,5.9
CUST_00957,40,44194.02,26280.62,186,3.1,144.04,4.3,509.31,24,7.0
CUST_00958,56,174578.39,130782.45,430,7.9,297.67,4.1,2658.18,3,8.6
CUST_00959,53,170250.53,158637.69,649,8.6,243.49,6.1,2167.18,10,9.9
CUST_00960,27,45398.97,922.52,15,1.3,59.73,1.1,69.89,95,5.9
CUST_00961,41,101785.22,108432.63,455,5.3,232.41,6.1,1481.32,7,7.7
CUST_00962,29,98896.71,21397.93,198,4.0,113.77,4.2,424.56,32,7.2
CUST_00963,40,55550.21,26066.09,255,4.3,104.1,4.9,443.3,27,6.4
CUST_00964,59,65215.94,19214.89,183,3.0,102.69,4.7,340.69,23,6.1
CUST_00965,46,,22511.87,167,3.3,132.58,4.3,436.28,25,8.4
CUST_00966,36,110875.42,4426.88,41,5.6,106.21,0.6,614.84,38,6.5
CUST_00967,18,30772.83,1008.53,19,1.0,51.45,1.6,52.53,69,6.1
CUST_00968,42,45676.05,1027.5,10,1.7,98.8,0.5,171.25,6,6.4
CUST_00969,21,79315.73,7749.73,154,2.9,53.0,4.3,150.19,31,7.6
CUST_00970,47,98301.07,21372.59,213,3.4,101.44,5.5,323.83,23,8.7
CUST_00971,31,40044.35,203.42,6,0.4,33.2,1.3,13.04,57,6.0
CUST_00972,39,105549.34,106.78,1,0.0,,8.6,1.03,216,1.4
CUST_00973,26,39867.84,942.25,23,0.9,38.87,1.9,41.33,127,8.1
CUST_00974,29,87763.32,13768.79,159,3.2,82.76,4.4,260.77,41,6.9
CUST_00975,41,120823.22,125498.11,517,6.0,234.3,7.5,1394.42,6,6.7
CUST_00976,24,48445.11,12325.28,133,2.7,93.85,4.1,250.51,20,4.0
CUST_00977,56,56995.94,8148.32,57,1.7,139.16,2.8,242.51,37,6.3
CUST_00978,41,181954.5,91800.37,387,7.1,223.52,5.4,1416.67,1,
CUST_00979,31,84248.54,12221.47,66,2.2,176.89,2.6,391.71,33,4.3
CUST_00980,53,90772.93,39667.61,224,3.8,174.79,4.3,768.75,20,7.3
CUST_00981,61,104723.54,27189.48,194,5.2,134.08,2.8,809.21,57,8.0
CUST_00982,33,52675.1,2024.63,32,1.7,62.73,1.4,120.51,99,5.7
CUST_00983,47,108129.86,98854.71,504,8.7,194.4,4.6,1790.85,13,9.8
CUST_00984,44,96447.94,92126.95,370,7.0,250.18,4.6,1668.97,43,7.0
CUST_00985,39,34052.96,1488.78,43,1.1,36.05,3.2,38.77,69,
CUST_00986,55,72939.82,10744.3,96,1.9,108.59,4.0,223.84,56,7.7
CUST_00987,19,27209.37,824.06,17,1.3,48.52,1.1,62.43,15,5.7
CUST_00988,39,57567.85,15997.32,130,4.5,122.27,2.8,476.11,27,7.0
CUST_00989,35,76229.33,4162.02,29,2.5,141.06,0.9,385.37,33,6.3
CUST_00990,21,40766.75,540.28,18,1.1,30.48,1.4,32.16,36,6.1
CUST_00991,29,40480.99,1345.24,31,0.8,42.19,3.1,36.16,55,6.6
CUST_00992,32,30009.31,673.8,13,1.0,51.95,1.2,46.79,87,4.6
CUST_00993,27,61642.83,5075.07,38,1.4,133.7,2.4,176.22,28,7.7
CUST_00994,34,71655.51,6920.25,91,3.2,83.86,2.3,250.73,34,8.8
CUST_00995,44,76365.78,6932.81,53,3.8,129.93,1.1,525.21,39,7.4
CUST_00996,43,156235.06,187041.21,866,8.2,221.7,8.3,1877.92,3,8.0
CUST_00997,42,,12500.55,75,0.8,168.11,7.9,131.86,121,4.8
CUST_00998,51,142071.62,175961.68,577,7.4,311.48,6.4,2291.17,19,8.6
CUST_00999,37,84453.28,5205.91,27,0.6,196.55,3.7,117.25,174,1.7
CUST_01000,27,58911.85,29352.28,273,3.0,108.01,7.4,330.54,33,8.9
CUST_01001,28,,20873.71,87,3.0,235.95,2.3,756.29,1,10.0
CUST_01002,21,97384.7,8509.55,105,3.2,77.4,3.0,236.38,23,6.6
CUST_01003,19,33328.66,797.8,33,1.6,24.01,1.5,44.32,67,6.1
CUST_01004,19,40494.62,90.78,2,0.1,45.92,1.5,5.04,37,4.4
CUST_01005,36,32222.71,1561.83,52,1.4,30.26,3.1,41.98,84,4.8
CUST_01006,52,29456.34,1938.19,45,1.2,41.79,3.2,50.47,48,5.6
CUST_01007,18,36795.36,294.34,29,1.0,10.0,2.4,10.22,33,4.8
CUST_01008,32,,569.84,23,1.2,25.69,1.8,26.38,80,6.4
CUST_01009,42,69269.39,23030.68,290,3.7,80.95,6.8,282.24,38,8.0
CUST_01010,30,,5129.5,43,1.0,118.99,4.2,101.78,28,7.8
CUST_01011,49,74927.43,28828.35,225,3.0,128.74,6.5,369.59,47,7.1
CUST_01012,56,91917.19,1311.02,6,0.1,222.07,5.1,21.42,174,4.6
CUST_01013,56,98734.5,6868.11,26,0.6,265.54,3.4,168.34,193,4.5
CUST_01014,42,128334.53,98320.27,354,7.4,275.28,4.0,2048.34,3,9.8
CUST_01015,18,31343.89,1110.33,45,1.6,24.38,2.3,40.23,32,4.7
CUST_01016,55,107756.28,4321.15,15,0.5,287.57,2.8,128.61,171,3.4
CUST_01017,47,150362.57,70581.82,255,7.0,269.21,3.0,1960.61,22,8.0
CUST_01018,26,70292.63,17167.46,193,3.4,87.72,4.3,332.7,27,6.0
CUST_01019,45,128650.47,16456.23,60,0.8,282.77,6.0,228.56,133,3.0
CUST_01020,66,176108.59,57129.59,206,8.3,280.03,2.2,2164.0,21,8.6
CUST_01021,33,29006.78,1216.98,36,1.0,33.93,3.0,33.8,43,4.1
CUST_01022,43,51196.81,15527.23,149,1.9,104.65,5.9,219.31,21,7.2
CUST_01023,48,114785.67,2525.2,10,0.3,258.53,2.6,80.94,189,1.0
CUST_01024,52,82285.77,6798.65,24,0.4,287.87,4.7,120.54,113,1.5
CUST_01025,52,104383.61,10841.89,39,0.4,270.54,8.7,103.85,160,3.8
CUST_01026,57,69491.28,18601.75,164,2.6,116.83,5.4,287.06,13,6.6
CUST_01027,19,44766.02,1110.77,39,0.8,28.72,4.1,22.58,32,6.1
CUST_01028,23,30610.27,2057.1,44,0.8,45.04,4.0,42.86,66,4.0
CUST_01029,18,79312.83,33025.6,257,3.5,128.72,6.6,416.99,21,8.3
CUST_01030,40,29430.41,350.43,7,0.2,46.69,2.7,10.82,50,4.2
CUST_01031,49,95706.75,85261.36,408,5.2,199.22,6.2,1145.99,1,
CUST_01032,55,52120.78,42270.87,330,4.4,136.95,5.9,597.05,24,7.6
CUST_01033,22,85663.61,7943.97,112,2.8,73.29,3.4,194.71,5,6.1
CUST_01034,56,129929.16,208245.94,535,8.8,388.34,5.2,,5,9.1
CUST_01035,63,,24797.61,71,10.3,352.45,0.5,4132.94,4,8.7
CUST_01036,28,42155.67,383.18,11,0.4,34.1,2.4,13.3,81,6.5
CUST_01037,41,86001.34,4487.14,110,3.4,40.0,2.8,133.55,28,8.0
CUST_01038,26,31270.18,553.49,13,1.3,44.58,0.8,57.66,85,
CUST_01039,43,132997.22,100374.04,374,6.3,259.23,4.9,1707.04,9,9.6
CUST_01040,20,37227.0,8918.74,77,5.1,109.47,1.4,530.88,24,
CUST_01041,49,53687.28,42389.53,362,3.5,122.07,8.0,441.56,42,7.7
CUST_01042,23,51900.15,830.37,26,1.3,32.3,1.7,40.7,48,8.3
CUST_01043,36,71488.39,46639.95,269,5.8,175.06,4.0,971.67,54,10.0
CUST_01044,26,81838.26,9384.13,73,1.4,123.89,3.6,217.23,27,8.9
CUST_01045,26,31384.86,2172.48,40,0.9,51.95,3.8,47.64,75,6.4
CUST_01046,35,79533.15,10126.83,96,2.4,106.87,3.3,255.73,54,7.8
CUST_01047,47,72022.01,499.69,5,2.0,101.33,0.2,208.2,17,6.6
CUST_01048,39,126739.78,238967.78,690,7.4,336.08,8.4,2370.71,12,8.9
CUST_01049,40,44891.92,1080.27,37,0.7,29.38,4.2,21.43,84,6.7
CUST_01050,52,187232.06,132501.66,595,8.4,221.18,5.5,2007.6,1,8.7
CUST_01051,18,27532.49,740.62,23,0.7,31.3,2.5,24.69,45,4.9
CUST_01052,57,55200.91,20969.47,227,2.9,90.39,6.2,281.85,40,7.3
CUST_01053,45,109837.44,6993.64,27,0.4,256.78,6.1,,94,2.1
CUST_01054,22,26536.51,402.58,29,1.1,14.45,2.1,15.98,53,5.4
CUST_01055,44,76728.06,2164.49,11,0.2,193.28,5.3,34.03,82,2.8
CUST_01056,29,68062.78,23286.15,169,3.2,133.8,4.0,485.13,29,7.9
CUST_01057,41,37190.08,1236.96,29,1.1,41.71,2.0,51.54,90,6.8
CUST_01058,47,72660.39,12379.77,175,3.5,73.78,4.1,251.62,51,5.4
CUST_01059,46,76004.94,16576.16,132,3.6,122.56,3.0,460.45,15,8.8
CUST_01060,38,106720.98,16432.9,188,3.2,89.3,4.9,279.47,33,7.4
CUST_01061,44,,615.11,48,1.6,13.81,2.5,20.5,76,7.4
CUST_01062,54,75678.22,18540.04,82,0.7,227.15,9.1,169.78,163,5.6
CUST_01063,34,33064.64,673.63,14,1.2,49.83,1.0,56.14,66,5.1
CUST_01064,53,58688.77,17696.48,247,2.5,71.65,7.0,210.67,17,6.0
CUST_01065,35,64977.41,26247.87,264,4.1,103.29,5.3,412.7,81,6.9
CUST_01066,28,24780.66,590.98,25,1.0,23.79,1.9,,52,6.2
CUST_01067,31,,7138.4,97,1.9,77.36,4.9,121.4,37,8.1
CUST_01068,48,134402.82,173129.1,533,9.5,331.54,4.9,2944.37,43,8.8
CUST_01069,27,61634.18,12535.25,114,2.4,108.86,3.7,282.33,31,7.0
CUST_01070,29,62415.22,9505.45,71,3.6,127.13,1.6,495.08,23,8.9
CUST_01071,34,94952.78,3994.5,33,1.2,122.07,2.3,144.73,38,7.2
CUST_01072,30,71481.42,13249.17,98,2.9,135.25,2.6,424.65,37,7.9
CUST_01073,42,131449.57,37476.46,305,6.8,120.0,3.2,975.95,37,8.3
CUST_01074,59,131744.07,59712.43,276,4.6,213.75,5.5,904.73,5,7.3
CUST_01075,45,133077.81,9322.75,44,0.5,209.02,6.8,114.25,127,2.5
CUST_01076,43,51219.59,20501.72,149,2.8,134.77,4.6,371.41,49,5.4
CUST_01077,31,59167.08,1086.88,6,2.2,183.24,0.2,452.87,44,9.3
CUST_01078,38,29065.25,802.34,19,1.1,43.25,1.5,44.57,50,3.8
CUST_01079,75,69882.75,12429.6,120,3.3,102.72,2.9,357.17,36,8.6
CUST_01080,46,79420.37,7322.91,28,0.4,281.19,5.6,108.97,212,3.3
CUST_01081,18,25192.86,723.03,23,1.0,33.5,2.0,30.13,52,5.0
CUST_01082,44,80430.94,86909.87,236,6.2,352.45,3.3,2194.69,45,9.1
CUST_01083,23,75548.53,15931.34,79,2.4,195.02,2.8,474.15,29,7.0
CUST_01084,39,28852.59,1163.05,29,1.1,40.94,2.5,38.77,122,4.8
CUST_01085,64,115387.09,17561.63,60,0.6,303.91,8.0,182.93,145,3.8
CUST_01086,53,63617.36,16829.1,227,3.2,72.95,5.3,264.61,13,7.1
CUST_01087,49,40815.46,12658.72,173,4.1,71.66,3.9,270.49,25,7.8
CUST_01088,53,180102.46,118083.65,320,5.9,379.16,4.3,2288.44,12,8.1
CUST_01089,65,109114.17,14534.87,82,0.9,177.93,7.4,163.68,209,3.5
CUST_01090,48,74791.4,13874.54,224,3.4,65.48,5.8,199.35,56,6.2
CUST_01091,61,103014.66,21932.21,96,0.8,231.51,8.6,212.52,182,3.7
CUST_01092,18,73774.95,5036.65,67,3.4,75.71,1.5,279.81,17,9.0
CUST_01093,50,71937.86,19158.01,150,3.0,127.1,3.8,420.13,24,8.3
CUST_01094,34,65702.3,14060.98,110,2.6,119.86,3.5,334.79,26,7.7
CUST_01095,52,61210.17,12060.44,129,3.7,96.92,3.3,304.56,41,7.8
CUST_01096,55,124850.25,70043.32,302,6.9,221.93,3.6,1621.37,2,8.8
CUST_01097,34,84273.4,32679.41,271,6.0,122.73,3.8,716.65,8,7.0
CUST_01098,43,124659.22,132513.66,451,6.2,299.97,5.6,1971.93,1,7.1
CUST_01099,24,26378.05,256.62,11,1.0,22.62,1.0,21.38,46,6.7
CUST_01100,69,79163.83,7277.96,67,2.8,110.95,1.8,336.94,29,8.2
CUST_01101,47,162696.31,149792.65,570,10.2,270.01,4.9,2547.49,7,7.9
CUST_01102,37,107696.78,741.78,8,0.1,91.06,6.3,9.81,226,
CUST_01103,45,46988.73,977.33,29,0.9,33.23,2.9,28.08,82,5.6
CUST_01104,41,58846.1,15043.58,56,0.8,272.97,5.8,216.14,162,
CUST_01105,57,104661.96,1993.08,6,0.1,315.19,5.2,31.94,193,4.2
CUST_01106,36,141993.74,207273.02,582,9.1,361.58,5.3,3259.01,13,7.5
CUST_01107,44,65271.05,8192.96,55,2.6,156.44,1.9,359.34,25,7.3
CUST_01108,22,41742.19,274.77,16,0.9,17.8,1.4,16.36,24,5.8
CUST_01109,18,51840.69,38.2,1,0.6,,0.1,31.83,55,4.4
CUST_01110,35,115233.65,188589.12,670,11.4,284.68,4.9,3207.3,11,8.6
CUST_01111,43,46004.73,1210.32,38,1.6,30.54,2.1,48.03,16,3.8
CUST_01112,29,80014.53,2948.46,43,2.5,72.52,1.4,175.5,25,8.7
CUST_01113,42,63345.16,28278.76,236,3.2,114.01,5.7,413.43,52,6.8
CUST_01114,48,84673.93,7345.67,68,1.8,110.38,3.2,191.29,52,8.1
CUST_01115,58,64644.0,14249.9,125,2.2,116.05,4.9,242.35,51,8.2
CUST_01116,39,67979.22,3793.8,55,3.0,70.69,1.7,185.97,29,5.2
CUST_01117,31,161320.15,164787.23,590,6.9,283.89,7.0,1961.75,32,
CUST_01118,35,26759.31,2938.61,83,1.3,35.69,4.9,49.98,45,5.7
CUST_01119,33,101294.17,6210.22,57,3.3,109.45,1.3,398.09,33,7.1
CUST_01120,43,161826.65,82253.73,680,8.3,120.0,6.7,1023.06,1,8.7
CUST_01121,28,48347.83,422.06,8,0.3,56.34,2.4,14.65,71,5.3
CUST_01122,62,87868.82,14764.11,57,0.5,260.28,9.8,125.55,298,3.4
CUST_01123,29,26463.76,435.16,12,0.5,35.76,1.9,19.09,137,6.0
CUST_01124,24,33322.26,920.65,25,1.3,36.92,1.5,51.15,105,5.4
CUST_01125,27,27825.72,37.0,3,0.2,12.44,1.5,2.06,80,3.5
CUST_01126,42,64492.55,13600.45,108,1.5,127.95,5.2,217.96,39,7.6
CUST_01127,56,141757.18,16970.41,55,8.4,299.18,0.6,2357.0,1,10.0
CUST_01128,31,44006.31,7940.8,120,4.9,65.27,2.1,315.11,34,7.2
CUST_01129,31,65347.18,7824.58,117,2.6,67.34,3.6,181.12,38,8.4
CUST_01130,48,59853.97,6536.16,41,2.9,157.03,1.2,453.9,44,8.0
CUST_01131,38,38366.13,937.1,29,1.2,31.45,2.1,37.19,29,6.7
CUST_01132,52,55226.52,30981.26,294,4.9,109.93,5.0,516.35,22,7.3
CUST_01133,39,124581.75,70050.62,357,4.3,193.36,6.4,912.12,1,8.8
CUST_01134,51,70587.38,17653.16,219,4.4,82.72,3.6,408.64,44,6.0
CUST_01135,39,32648.36,1059.63,22,0.8,46.38,2.2,40.14,60,8.6
CUST_01136,59,107392.78,148349.71,605,9.0,252.51,5.9,2095.33,7,9.9
CUST_01137,27,43223.67,688.24,16,0.9,43.06,1.5,38.24,39,6.6
CUST_01138,57,69407.8,15972.55,65,3.1,43.27,1.5,157.5,40,7.7
CUST_01139,58,69090.08,11531.75,123,2.3,99.31,4.2,228.8,12,7.0
CUST_01140,34,76488.0,9840.6,105,3.3,100.0,2.4,341.69,30,7.3
CUST_01141,30,41089.39,672.04,19,0.8,35.83,1.9,29.48,47,5.3
CUST_01142,62,58309.82,11633.97,108,2.8,102.58,3.0,323.17,30,7.5
CUST_01143,18,43297.37,139.21,13,0.4,10.77,2.8,4.14,40,5.5
CUST_01144,68,80148.85,769.57,7,2.5,108.4,0.2,320.65,38,5.8
CUST_01145,36,61235.41,5915.76,49,3.5,,1.5,328.65,47,7.8
CUST_01146,25,40716.4,942.71,30,1.0,30.66,2.4,32.73,52,5.9
CUST_01147,54,37409.94,325.71,10,0.6,32.1,1.3,20.88,119,5.3
CUST_01148,39,,984.31,31,1.2,31.14,2.3,35.66,48,8.0
CUST_01149,39,,2429.05,39,1.1,62.21,2.9,69.8,66,6.6
CUST_01150,18,28400.31,105.78,11,1.4,10.0,0.6,14.69,54,2.0
CUST_01151,21,31072.41,1149.26,42,1.1,28.0,3.7,25.88,91,5.8
CUST_01152,30,25378.63,225.03,6,0.6,38.56,0.8,23.44,66,7.8
CUST_01153,33,20000.0,241.56,9,0.3,26.41,2.3,8.75,44,4.9
CUST_01154,18,36627.86,257.54,4,1.0,64.84,0.3,71.54,31,5.4
CUST_01155,18,67485.97,26589.32,231,3.9,112.32,4.7,471.44,48,
CUST_01156,47,30819.83,81.41,3,0.7,26.64,0.3,,76,4.3
CUST_01157,44,160950.35,141673.77,384,5.6,350.49,5.3,2227.57,6,7.1
CUST_01158,18,55686.33,956.64,20,0.7,,2.6,30.66,48,4.0
CUST_01159,30,,1540.3,49,1.1,31.65,3.5,36.67,99,7.3
CUST_01160,47,170269.44,171802.86,758,6.4,226.02,9.9,1446.15,11,8.3
CUST_01161,28,34369.98,897.89,28,0.6,34.86,3.6,20.78,15,8.1
CUST_01162,34,148172.77,145231.01,447,7.3,328.59,5.3,2283.51,9,9.6
CUST_01163,50,76885.27,32287.07,233,3.7,136.09,4.6,584.91,18,8.5
CUST_01164,32,36194.67,268.6,14,0.4,19.36,2.7,8.29,61,7.8
CUST_01165,33,144378.86,90456.62,294,5.8,310.04,4.1,1838.55,1,9.1
CUST_01166,26,38969.99,13192.33,56,1.2,47.71,3.8,58.05,72,3.8
CUST_01167,19,38639.01,1826.07,30,1.1,58.12,2.0,,83,7.4
CUST_01168,39,59891.76,18169.02,115,2.4,156.75,3.4,445.32,46,7.8
CUST_01169,57,89498.59,106817.4,384,4.9,279.56,6.7,1328.57,12,8.5
CUST_01170,35,82796.65,26683.91,237,4.6,104.99,4.4,505.38,45,8.0
CUST_01171,33,70290.3,8782.32,93,2.0,98.34,3.5,209.1,57,8.3
CUST_01172,41,104653.67,11505.45,47,0.6,250.0,8.1,118.37,184,3.5
CUST_01173,36,54073.37,7907.08,135,3.0,60.56,4.7,140.2,26,8.1
CUST_01174,18,56557.13,26249.37,192,4.6,140.0,3.7,591.2,57,7.4
CUST_01175,35,84649.6,4063.26,52,2.2,75.35,1.9,178.21,51,6.3
CUST_01176,50,74226.75,11232.07,127,2.1,91.23,5.5,170.18,41,6.7
CUST_01177,18,24021.92,962.87,4,0.5,46.18,0.7,22.0,73,6.0
CUST_01178,65,169380.61,106365.83,370,4.5,283.57,7.1,1248.43,15,9.1
CUST_01179,23,34313.09,1602.54,23,0.9,68.29,1.9,70.29,74,3.2
CUST_01180,31,43014.42,3368.31,41,1.2,83.85,2.9,96.79,12,7.6
CUST_01181,48,111665.17,1916.34,8,0.1,235.68,5.8,27.53,246,3.7
CUST_01182,32,,11913.63,85,3.7,142.19,1.9,522.53,38,8.1
CUST_01183,46,79598.02,8960.99,106,3.4,84.55,2.3,324.67,35,7.6
CUST_01184,66,76185.9,18227.28,76,0.9,247.94,7.1,213.94,197,3.9
CUST_01185,57,112813.05,36376.01,252,7.5,150.33,2.7,1122.72,5,9.9
CUST_01186,43,132847.58,9068.78,41,0.9,218.97,3.7,,181,3.7
CUST_01187,35,31709.08,29.3,1,0.7,27.35,0.1,24.42,72,
CUST_01188,42,183888.12,46044.95,162,3.0,287.17,4.2,913.59,1,9.9
CUST_01189,45,85807.64,56455.1,481,6.0,117.52,6.3,746.76,25,7.7
CUST_01190,27,42407.73,442.29,9,1.8,48.27,0.4,92.14,22,4.9
CUST_01191,53,169408.6,45950.95,273,8.9,163.16,3.0,1276.42,1,8.7
CUST_01192,35,64100.56,21547.11,161,4.1,129.54,3.6,498.78,25,6.4
CUST_01193,27,73331.88,1760.05,18,2.3,96.24,0.7,209.53,50,7.1
CUST_01194,50,74813.62,6641.65,89,2.8,75.02,2.6,212.87,71,8.4
CUST_01195,51,107417.26,89228.19,304,5.5,287.65,4.6,1616.45,4,8.4
CUST_01196,18,44011.47,3070.86,57,1.3,53.25,3.9,65.62,56,5.0
CUST_01197,39,119169.43,10147.65,37,0.5,274.76,6.5,,178,2.2
CUST_01198,40,120003.85,23175.75,74,0.7,304.84,8.3,232.69,233,3.7
CUST_01199,21,24520.1,1213.75,20,1.2,59.92,1.5,67.43,75,7.3
CUST_01200,42,155569.23,60209.71,241,3.5,255.19,7.1,706.69,11,8.6
CUST_01201,20,38311.97,677.59,12,0.5,58.33,2.0,28.23,66,5.3
CUST_01202,42,180466.7,127228.58,606,7.2,220.47,7.3,1452.38,33,8.0
CUST_01203,49,151796.75,93915.66,409,6.8,236.3,4.7,1665.17,15,9.5
CUST_01204,30,,2295.94,21,2.3,109.23,0.8,239.16,20,8.8
CUST_01205,26,,23489.12,230,3.3,99.08,5.9,331.77,37,6.6
CUST_01206,19,39901.65,995.28,21,1.3,47.56,1.3,63.8,69,7.1
CUST_01207,24,41270.22,762.01,23,0.8,,2.9,21.9,73,8.4
CUST_01208,35,65238.41,29347.91,212,3.3,135.98,5.6,436.72,57,5.1
CUST_01209,37,68552.94,1559.72,26,1.3,62.26,1.8,72.21,36,6.6
CUST_01210,39,107077.4,8302.05,47,0.9,178.96,4.5,153.74,227,3.2
CUST_01211,30,61131.53,23485.14,279,3.9,87.22,6.2,315.66,36,4.6
CUST_01212,22,60745.67,5776.31,111,4.4,52.57,2.1,229.22,13,7.7
CUST_01213,47,131255.73,363660.31,1021,8.7,353.37,9.6,3156.77,1,10.0
CUST_01214,28,27361.05,48.48,1,0.4,48.37,0.2,20.2,56,5.0
CUST_01215,22,35680.37,898.48,17,0.8,54.19,1.7,44.04,103,3.7
CUST_01216,41,60347.07,15060.17,143,3.5,103.62,3.1,404.84,38,7.9
CUST_01217,47,123829.09,57871.69,251,4.6,228.76,4.2,1148.25,3,10.0
CUST_01218,18,24790.26,100.46,3,0.8,33.06,0.3,27.91,74,5.1
CUST_01219,18,34864.94,180.94,10,1.1,18.01,0.7,21.54,15,3.7
CUST_01220,32,67693.05,9178.94,111,2.6,84.6,3.7,206.73,56,8.5
CUST_01221,58,111795.72,5023.5,24,0.3,217.22,6.9,60.67,117,1.9
CUST_01222,28,150151.79,121528.53,473,6.9,253.97,5.8,1746.1,1,7.2
CUST_01223,41,92301.77,25077.75,189,4.1,131.02,3.5,597.09,36,6.0
CUST_01224,32,107343.12,11153.72,45,0.8,247.29,4.8,193.64,151,1.8
CUST_01225,44,56730.76,6638.8,59,2.2,105.84,2.1,263.44,52,7.2
CUST_01226,32,49115.78,12428.43,111,2.4,113.53,4.5,230.16,29,8.1
CUST_01227,36,71116.1,32305.57,234,5.3,136.65,4.4,611.85,33,7.2
CUST_01228,31,57750.06,10402.86,80,2.4,129.6,2.5,346.76,18,8.7
CUST_01229,56,105451.04,5135.34,23,0.3,223.5,6.0,71.32,208,2.4
CUST_01230,19,82548.27,9711.58,114,2.1,88.0,4.1,197.39,22,6.4
CUST_01231,26,32867.62,279.72,8,0.6,35.25,1.2,19.43,69,5.4
CUST_01232,51,79621.32,3560.61,27,3.7,128.17,0.6,494.53,28,5.6
CUST_01233,38,71884.37,2950.29,27,1.7,107.37,1.5,163.9,31,6.7
CUST_01234,44,112430.59,135998.8,512,8.6,259.0,4.6,2463.75,6,9.4
CUST_01235,18,31566.8,162.18,4,0.3,41.3,1.2,11.26,62,8.4
CUST_01236,33,60357.37,8006.55,61,2.7,127.71,1.9,351.16,45,10.0
CUST_01237,18,35689.88,844.91,16,1.0,54.6,1.2,58.67,86,4.2
CUST_01238,46,40299.74,892.96,7,3.0,128.32,0.2,372.07,40,9.3
CUST_01239,49,102649.11,9119.58,41,0.4,229.44,8.5,89.41,180,2.0
CUST_01240,48,194625.67,214260.64,484,5.8,420.32,7.8,2289.11,6,9.4
CUST_01241,30,38911.92,2537.42,59,1.1,42.8,4.0,52.86,71,5.2
CUST_01242,29,29275.9,88.75,2,0.1,43.15,1.9,3.89,61,5.4
CUST_01243,32,23531.49,1797.66,49,0.9,36.25,4.3,34.84,40,5.8
CUST_01244,43,43287.33,1232.62,36,1.1,33.7,3.0,34.24,28,5.5
CUST_01245,27,43390.36,2434.99,48,1.5,52.37,2.4,84.55,53,3.5
CUST_01246,54,92390.78,7031.22,58,4.7,121.46,1.0,585.94,37,9.0
CUST_01247,58,156283.27,189487.19,765,8.7,256.0,6.4,2467.28,5,8.8
CUST_01248,43,138351.41,125445.46,464,7.9,274.2,4.5,2323.06,10,8.6
CUST_01249,46,107894.14,2747.54,21,0.4,130.74,5.3,,176,4.0
CUST_01250,43,87580.91,20618.62,185,3.7,114.68,3.9,440.57,45,5.5
CUST_01251,21,47695.2,52.07,1,0.8,52.07,0.1,43.39,62,5.3
CUST_01252,39,66703.2,15731.62,114,2.5,143.26,3.6,364.16,56,7.1
CUST_01253,31,126903.92,118941.68,532,8.5,219.52,5.1,1943.49,21,8.1
CUST_01254,33,158850.35,69621.17,207,3.0,339.74,5.8,1000.3,5,8.9
CUST_01255,28,,844.85,24,0.9,36.64,2.2,32.0,28,8.3
CUST_01256,26,51599.65,9844.9,91,2.2,108.45,3.1,264.65,45,8.3
CUST_01257,47,67415.52,10229.74,175,3.6,57.27,3.6,236.8,43,5.6
CUST_01258,62,65932.27,8253.4,91,2.4,91.1,3.2,214.93,69,8.2
CUST_01259,29,177605.32,175773.39,616,6.9,298.4,7.9,1854.15,6,8.8
CUST_01260,32,74194.19,31357.91,248,3.6,,5.2,502.53,10,9.6
CUST_01261,18,74346.33,16976.53,128,3.1,136.09,3.2,442.1,24,6.7
CUST_01262,18,43977.27,1633.04,34,1.2,47.74,2.3,59.17,114,8.2
CUST_01263,41,74369.44,13992.29,108,3.9,131.21,2.5,466.41,24,8.0
CUST_01264,50,55175.3,13576.72,123,3.1,109.84,3.8,297.74,20,5.2
CUST_01265,37,117613.54,183550.06,649,8.2,298.76,6.2,2467.07,5,9.0
CUST_01266,25,115589.36,279182.25,725,8.4,384.89,7.5,3102.02,1,8.7
CUST_01267,46,72113.65,16201.81,121,1.6,135.21,6.6,204.57,37,5.7
CUST_01268,18,55124.71,31454.84,305,4.3,106.14,5.7,459.87,29,6.3
CUST_01269,35,64887.57,18510.56,152,2.0,121.77,6.6,233.72,61,8.1
CUST_01270,24,48865.05,22816.8,157,3.4,146.97,4.0,475.35,43,6.7
CUST_01271,24,24550.74,341.1,7,0.3,48.92,2.2,12.92,79,6.5
CUST_01272,18,33800.29,730.04,17,0.9,44.34,1.5,40.56,52,5.2
CUST_01273,36,25964.0,538.18,11,0.9,48.8,1.1,40.77,40,8.1
CUST_01274,31,178756.97,66068.99,385,4.6,182.07,7.9,696.93,1,9.4
CUST_01275,23,44825.4,19807.47,181,3.4,110.31,4.8,343.88,13,9.0
CUST_01276,39,153340.66,73237.82,247,7.1,297.48,2.6,2347.37,2,10.0
CUST_01277,46,75091.3,19740.55,163,3.1,115.55,4.6,357.62,43,4.9
CUST_01278,57,123355.48,4708.44,48,0.9,99.13,4.3,91.25,175,3.2
CUST_01279,41,140484.18,108766.91,306,3.9,340.06,6.7,1352.82,22,7.6
CUST_01280,28,66773.01,21541.26,200,3.2,,5.3,338.7,16,8.1
CUST_01281,30,70499.58,18593.83,306,3.7,61.15,6.2,249.92,8,7.1
CUST_01282,18,40188.37,736.38,25,1.0,,2.1,29.22,108,9.0
CUST_01283,34,77295.59,11980.77,146,2.9,85.04,3.7,269.84,18,6.0
CUST_01284,49,127008.14,15780.01,58,8.4,,0.5,2630.0,1,8.9
CUST_01285,44,67148.45,36385.1,341,4.2,106.24,6.0,505.35,31,
CUST_01286,37,50614.74,19928.27,135,3.9,149.44,3.0,553.56,49,7.6
CUST_01287,59,150598.79,224061.27,677,10.5,323.22,5.3,3522.98,5,7.7
CUST_01288,47,84309.11,14155.3,119,5.2,116.95,1.7,693.89,44,5.5
CUST_01289,66,109386.08,128789.88,527,5.5,242.86,7.5,1431.0,4,9.5
CUST_01290,57,166210.17,186812.04,977,9.8,187.84,7.6,2048.38,3,7.4
CUST_01291,43,59196.51,18982.11,180,3.4,104.39,4.0,395.46,47,6.9
CUST_01292,47,168661.8,180588.04,856,9.1,,7.1,2119.58,1,8.5
CUST_01293,42,56791.44,14458.42,170,3.2,87.07,4.8,251.01,42,6.4
CUST_01294,22,25389.78,54.82,1,1.1,51.99,0.1,45.68,53,4.8
CUST_01295,18,20000.0,74.17,3,0.1,24.27,2.9,2.13,72,5.9
CUST_01296,41,72103.79,6615.24,72,2.1,90.98,2.9,190.09,30,5.1
CUST_01297,37,130694.54,106214.72,340,6.8,320.12,4.1,2158.84,15,7.7
CUST_01298,64,123551.05,51689.14,140,4.0,344.51,2.9,1485.32,2,10.0
CUST_01299,26,88257.31,15558.61,82,2.1,193.99,3.4,381.34,37,7.6
CUST_01300,35,38655.65,2120.64,79,1.6,26.82,4.6,38.42,115,4.9
CUST_01301,48,,116935.99,553,6.9,211.03,7.6,1282.19,13,7.6
CUST_01302,64,131328.79,8658.32,48,0.5,188.07,7.0,103.08,172,5.1
CUST_01303,47,194173.98,95523.06,366,7.5,257.62,3.7,2151.42,2,7.8
CUST_01304,52,51050.63,32344.4,240,3.3,133.44,5.9,456.84,47,8.2
CUST_01305,30,35418.74,320.68,14,0.5,23.67,3.1,8.62,53,6.2
CUST_01306,49,35383.86,1796.57,54,1.1,32.56,4.4,34.03,93,5.5
CUST_01307,32,24309.03,149.23,3,1.1,51.24,0.2,62.18,113,4.7
CUST_01308,44,45515.58,1318.88,27,1.5,49.33,1.4,78.5,93,8.6
CUST_01309,51,39946.53,8612.17,77,1.6,114.54,4.1,175.04,36,6.6
CUST_01310,19,30757.34,639.69,16,0.8,39.27,1.6,,79,5.4
CUST_01311,57,139044.04,270753.86,600,6.9,444.62,7.3,3090.8,15,7.3
CUST_01312,34,37518.1,182.09,5,0.5,37.7,0.7,21.68,73,2.6
CUST_01313,50,64582.53,5795.76,54,4.1,109.29,1.1,439.07,53,7.7
CUST_01314,29,33778.16,600.25,22,0.7,27.77,2.6,19.24,80,5.6
CUST_01315,38,88340.7,11442.81,122,3.2,92.01,3.3,288.96,41,7.6
CUST_01316,48,63313.07,15761.77,137,4.0,117.57,2.7,486.47,21,8.6
CUST_01317,18,83764.27,4820.01,76,5.1,63.66,1.2,334.72,52,7.1
CUST_01318,26,36483.17,1665.93,15,0.5,28.21,2.8,12.51,81,
CUST_01319,39,200000.0,105940.58,437,9.8,244.84,3.6,2452.33,18,9.3
CUST_01320,57,168086.62,325907.37,827,7.0,374.74,9.7,2799.89,1,9.3
CUST_01321,32,108613.86,15154.27,114,4.4,135.69,2.0,631.43,34,6.2
CUST_01322,37,127050.82,23528.24,124,5.5,191.05,1.9,1031.94,11,9.5
CUST_01323,38,54622.89,1972.1,46,1.3,42.41,3.2,51.36,65,6.9
CUST_01324,52,74557.44,44612.25,403,6.0,112.13,5.8,640.98,36,7.1
CUST_01325,49,131908.32,9895.79,51,0.6,197.52,6.2,133.01,182,2.6
CUST_01326,23,78715.08,19333.47,243,2.9,78.76,7.1,226.92,63,7.3
CUST_01327,54,121775.85,216834.52,736,10.3,287.85,5.5,3285.37,2,7.4
CUST_01328,31,38042.69,2865.42,57,1.4,48.38,3.8,62.84,15,7.0
CUST_01329,37,37047.56,24.0,1,0.6,24.0,0.1,20.0,15,5.8
CUST_01330,28,111379.58,9344.31,152,4.5,62.93,3.2,243.34,27,7.3
CUST_01331,27,65666.99,18120.03,112,3.0,165.65,3.1,487.1,40,7.7
CUST_01332,35,39901.01,708.62,17,0.8,40.0,1.9,31.08,93,7.3
CUST_01333,35,83517.66,10639.66,110,3.2,95.79,3.1,286.01,32,8.7
CUST_01334,49,107976.22,2316.78,12,0.4,197.93,2.8,68.95,122,3.2
CUST_01335,43,106759.91,2792.8,15,0.2,190.06,6.3,36.94,163,4.6
CUST_01336,32,29704.52,1942.05,41,1.6,49.0,2.5,64.74,78,6.7
CUST_01337,59,166890.67,144419.09,673,9.6,215.1,6.6,1823.47,27,7.4
CUST_01338,30,35524.65,99.82,4,0.2,24.6,1.5,5.55,42,3.2
CUST_01339,33,168529.99,93917.04,376,5.6,238.71,6.5,1204.06,13,9.4
CUST_01340,47,198325.89,112831.29,478,7.2,228.61,6.3,1492.48,3,8.8
CUST_01341,18,80896.74,50824.11,282,4.2,180.03,4.9,864.36,41,7.1
CUST_01342,18,77879.29,10972.56,109,1.8,102.8,4.5,203.2,35,7.8
CUST_01343,38,30707.54,980.45,27,1.1,35.82,2.2,37.14,54,6.7
CUST_01344,28,25423.31,768.07,22,0.5,36.87,3.6,,73,6.4
CUST_01345,31,20000.0,465.7,13,1.0,36.69,1.2,32.34,77,7.1
CUST_01346,44,61064.76,14394.21,135,4.8,104.63,2.5,479.81,33,7.8
CUST_01347,52,58481.04,3839.38,37,1.6,101.11,2.6,123.06,43,6.8
CUST_01348,59,73743.03,8917.63,124,2.8,69.2,3.3,225.19,33,7.6
CUST_01349,46,110084.49,1223.97,6,0.1,204.69,4.5,22.67,169,3.0
CUST_01350,47,159416.06,289561.49,819,9.2,340.32,7.0,3447.16,13,9.2
CUST_01351,18,36633.23,1748.3,36,1.6,49.13,1.8,,49,6.3
CUST_01352,40,78814.97,7324.34,72,3.6,103.16,1.7,359.04,39,6.4
CUST_01353,30,89607.63,4487.45,41,2.2,108.45,1.6,233.72,23,6.2
CUST_01354,31,22959.47,720.02,16,1.7,43.51,0.8,75.0,46,6.3
CUST_01355,44,86916.22,9342.07,186,4.2,48.85,3.3,235.91,19,7.4
CUST_01356,33,27705.74,679.35,19,0.7,34.68,2.3,,90,7.0
CUST_01357,37,81740.47,6296.8,35,0.5,177.11,5.1,102.89,206,
CUST_01358,42,53001.92,8751.0,63,1.0,135.02,5.6,130.22,49,6.7
CUST_01359,53,71053.54,27367.82,133,3.5,205.6,3.6,633.51,55,8.0
CUST_01360,27,74153.85,10260.97,89,4.0,114.21,2.0,427.54,18,7.3
CUST_01361,38,108326.76,6437.19,24,0.5,247.52,4.1,130.84,157,2.7
CUST_01362,40,82457.74,10743.02,70,3.5,149.53,1.5,596.83,43,7.3
CUST_01363,45,78787.45,4313.79,68,1.2,63.4,4.9,73.36,50,5.5
CUST_01364,42,66719.26,7486.03,63,3.5,116.03,1.7,366.96,66,6.5
CUST_01365,44,37819.38,737.32,17,1.2,44.79,1.2,51.2,65,6.1
CUST_01366,39,119355.32,178517.28,655,7.1,,7.0,2125.21,21,9.1
CUST_01367,40,30000.72,1171.7,24,1.2,49.12,1.7,57.44,70,6.3
CUST_01368,53,120642.75,10506.58,48,1.1,223.7,3.6,243.21,192,2.3
CUST_01369,43,149424.59,32374.83,130,5.7,236.48,1.9,1419.95,8,9.2
CUST_01370,32,112354.73,7050.97,83,2.8,83.76,2.5,235.03,54,6.8
CUST_01371,40,120553.01,9129.57,30,0.7,299.07,3.0,253.6,185,4.0
CUST_01372,53,182742.7,293203.41,880,8.4,334.23,7.9,3092.86,15,
CUST_01373,18,35154.46,256.19,7,0.9,37.91,0.6,35.58,97,6.5
CUST_01374,49,64656.08,46705.93,381,4.1,,6.3,617.8,7,8.5
CUST_01375,59,72169.29,7775.61,129,2.7,61.05,3.6,179.99,26,9.0
CUST_01376,40,28818.33,674.32,27,1.8,25.76,1.3,43.23,47,5.2
CUST_01377,21,63937.35,11800.55,77,2.3,149.84,2.6,378.22,17,7.0
CUST_01378,27,68850.39,9732.13,82,3.3,119.64,1.8,450.56,56,6.6
CUST_01379,57,59895.33,36193.39,194,5.0,197.09,3.1,972.94,60,7.0
CUST_01380,44,82239.55,12289.48,105,2.2,117.04,4.1,249.79,27,6.1
CUST_01381,41,147883.29,192532.09,699,7.0,275.28,7.5,,9,9.0
CUST_01382,46,92501.2,11647.99,102,2.3,111.67,4.1,236.75,62,8.7
CUST_01383,57,122505.11,13712.66,73,0.8,,7.5,152.36,99,3.3
CUST_01384,28,56174.69,17917.24,160,5.7,114.08,2.2,678.68,40,5.9
CUST_01385,18,28447.58,2017.61,44,1.0,45.18,3.7,45.44,83,5.0
CUST_01386,54,62507.89,15023.53,272,3.6,56.33,6.0,208.66,23,5.2
CUST_01387,41,34802.12,32.22,1,1.1,31.55,0.1,26.85,27,8.0
CUST_01388,46,132664.21,55311.99,265,4.5,201.73,4.7,980.71,5,8.2
CUST_01389,59,156961.6,7541.82,50,0.7,162.96,6.1,103.03,65,5.4
CUST_01390,30,82780.62,25068.25,185,4.2,138.62,3.8,549.74,39,7.6
CUST_01391,52,65854.61,21292.89,187,2.5,112.3,6.3,281.65,44,5.4
CUST_01392,58,151897.52,423547.33,1512,11.7,279.35,12.1,2916.99,11,
CUST_01393,42,161646.81,186348.25,492,7.7,364.57,4.8,3235.21,9,8.8
CUST_01394,48,61555.71,11785.79,150,2.3,75.73,5.2,188.87,40,6.3
CUST_01395,30,86909.58,10072.29,160,2.8,61.25,4.7,178.59,23,9.3
CUST_01396,39,46388.73,974.14,21,0.8,48.86,2.3,35.29,97,5.2
CUST_01397,29,49181.11,9532.58,104,3.9,92.11,2.2,361.08,48,9.4
CUST_01398,38,71755.95,13109.51,142,2.6,90.58,4.5,242.77,25,5.9
CUST_01399,48,64551.3,25779.06,236,3.7,109.32,5.5,390.59,47,6.2
CUST_01400,22,40708.78,45.09,1,0.9,45.09,0.1,37.57,97,7.8
CUST_01401,43,159256.66,105516.17,281,6.6,362.06,3.9,2254.62,45,10.0
CUST_01402,31,165536.45,246577.46,703,8.9,347.02,7.1,2894.1,4,7.9
CUST_01403,44,99547.02,92173.49,367,5.5,253.07,5.1,1506.1,3,6.7
CUST_01404,37,52762.57,1044.35,29,0.8,37.34,2.7,32.23,54,5.9
CUST_01405,29,28271.61,735.39,15,0.3,46.62,4.0,15.32,62,8.3
CUST_01406,42,66601.42,8404.78,110,3.2,,3.1,225.93,23,5.2
CUST_01407,20,35751.25,107.52,3,0.1,36.35,2.4,3.73,79,5.6
CUST_01408,23,31702.71,412.1,10,0.6,40.09,1.4,24.53,122,4.8
CUST_01409,34,71224.53,4569.1,120,4.3,40.0,2.3,165.55,27,8.1
CUST_01410,27,28433.29,1877.06,44,1.3,40.53,2.5,,44,6.4
CUST_01411,33,83177.8,9117.19,79,1.0,113.33,6.2,122.54,8,9.9
CUST_01412,40,158659.33,88843.6,371,5.9,224.68,5.4,1371.04,30,9.0
CUST_01413,29,72919.66,21955.17,171,2.3,126.0,7.1,257.69,24,7.0
CUST_01414,64,153161.55,276723.54,622,7.6,441.73,7.0,3294.33,10,7.9
CUST_01415,51,67399.68,11288.79,92,1.9,124.97,3.9,241.21,39,7.2
CUST_01416,59,261914.54,19764.28,97,0.8,206.47,9.6,171.56,153,3.8
CUST_01417,60,142540.19,175456.11,471,7.5,,5.8,2520.92,18,8.5
CUST_01418,56,139520.53,31801.59,113,9.9,265.67,1.0,2650.13,15,8.0
CUST_01419,36,75850.28,5008.57,44,2.8,113.38,1.7,245.52,35,8.6
CUST_01420,64,86166.13,15837.24,54,0.7,285.82,6.2,212.87,192,3.5
CUST_01421,45,82106.53,9986.72,63,3.4,153.77,1.8,462.35,31,7.3
CUST_01422,35,37292.11,13347.14,142,3.5,94.63,3.5,317.79,17,6.2
CUST_01423,52,189313.12,143548.65,444,4.8,331.28,8.3,1441.25,3,8.2
CUST_01424,49,126588.65,94958.93,407,8.7,238.44,3.7,2138.71,12,9.8
CUST_01425,48,81503.46,5742.61,29,0.4,207.66,5.9,81.11,124,1.4
CUST_01426,28,102114.04,4536.66,17,0.3,276.13,5.1,74.13,121,4.9
CUST_01427,61,,56573.83,464,6.7,120.0,5.7,827.1,12,7.5
CUST_01428,70,,5565.74,60,0.7,90.0,6.8,68.21,148,2.4
CUST_01429,63,66879.02,9488.79,134,3.2,70.8,3.4,232.57,26,8.1
CUST_01430,18,37490.82,483.17,11,1.4,42.74,0.9,44.74,27,5.3
CUST_01431,43,67440.69,24196.56,173,3.2,136.0,3.8,530.63,41,7.1
CUST_01432,38,55757.49,45409.16,458,6.0,100.09,6.1,620.34,35,8.3
CUST_01433,50,74674.65,14951.15,111,5.0,130.44,1.7,732.9,38,6.4
CUST_01434,30,20484.42,1744.13,43,1.3,40.76,2.9,50.12,40,6.4
CUST_01435,52,121419.09,181598.47,698,8.5,263.56,7.4,2045.03,5,8.9
CUST_01436,38,146537.96,154287.66,513,9.3,299.98,4.8,2678.61,18,8.6
CUST_01437,27,65551.02,37807.82,323,3.8,122.22,6.1,516.5,7,7.5
CUST_01438,18,24933.05,191.79,4,0.6,48.0,0.6,26.64,70,4.6
CUST_01439,31,79474.72,13295.39,189,3.3,75.58,4.8,230.82,28,
CUST_01440,18,37999.46,3061.3,50,0.8,60.01,4.5,56.69,47,3.2
CUST_01441,41,88330.49,2744.21,11,0.4,259.55,2.3,99.43,133,2.7
CUST_01442,58,121293.23,73255.66,330,4.1,222.03,6.7,911.14,4,8.6
CUST_01443,37,46881.73,2079.2,39,1.1,51.04,3.3,52.51,22,5.1
CUST_01444,27,90369.58,19584.23,155,4.0,126.08,2.8,582.86,22,6.6
CUST_01445,42,28796.14,452.0,14,0.6,34.23,2.1,17.94,63,
CUST_01446,35,147156.83,59499.77,265,5.9,223.66,3.8,1304.82,27,6.7
CUST_01447,22,38680.18,587.84,18,0.9,32.91,2.3,21.3,25,7.1
CUST_01448,18,33366.01,554.85,12,1.3,44.98,0.8,,56,6.7
CUST_01449,31,103251.05,7977.66,35,0.8,228.71,3.7,179.68,189,2.5
CUST_01450,37,26064.16,193.73,7,0.8,26.78,0.8,20.18,82,5.2
CUST_01451,25,53847.27,4035.56,50,1.0,79.67,4.8,70.06,56,6.8
CUST_01452,46,78412.49,4323.78,60,1.5,70.22,3.2,112.6,14,7.7
CUST_01453,36,27969.48,660.13,17,0.9,,1.9,28.95,45,7.9
CUST_01454,46,,8231.3,65,2.4,121.94,2.6,263.82,27,7.3
CUST_01455,26,126755.15,129408.8,585,9.4,224.66,5.3,2034.73,10,8.1
CUST_01456,38,46040.34,9664.08,57,0.8,179.41,5.4,149.14,256,2.9
CUST_01457,31,24095.18,134.39,3,0.1,46.32,2.3,4.87,83,7.6
CUST_01458,19,36284.5,997.92,36,1.1,27.62,2.7,30.8,15,6.3
CUST_01459,36,63499.94,12636.58,178,3.2,70.42,4.9,214.91,6,6.0
CUST_01460,53,40782.21,703.87,20,0.8,35.03,2.2,26.66,94,5.2
CUST_01461,44,66773.58,53618.1,351,3.9,,7.0,638.31,26,8.4
CUST_01462,26,35880.28,4844.66,26,0.5,40.44,4.0,22.03,75,6.5
CUST_01463,40,192156.6,140417.13,394,10.4,352.9,2.9,4034.98,6,10.0
CUST_01464,22,21736.54,99.91,2,1.6,48.53,0.1,83.26,45,4.8
CUST_01465,48,123906.59,5066.66,20,0.3,266.75,5.4,78.19,158,3.0
CUST_01466,50,86591.71,113673.35,564,8.3,197.27,6.4,1480.12,1,7.1
CUST_01467,49,95289.69,4075.67,28,0.4,140.03,6.2,54.78,168,1.6
CUST_01468,39,92612.04,7376.37,68,2.0,106.19,3.0,204.9,22,7.9
CUST_01469,28,48678.11,1552.0,33,0.8,46.59,3.4,,55,5.8
CUST_01470,26,41131.65,2863.77,57,1.2,49.06,3.7,64.5,88,6.5
CUST_01471,24,97514.57,21740.72,235,3.0,98.88,6.7,270.41,44,7.8
CUST_01472,27,24999.79,1163.21,25,1.1,46.71,2.4,40.39,73,5.4
CUST_01473,39,35526.79,245.79,15,0.8,17.05,1.4,14.63,60,6.7
CUST_01474,42,94809.96,16779.46,124,3.7,133.78,3.0,466.1,70,7.4
CUST_01475,25,84718.93,29379.07,224,2.9,135.23,6.9,354.82,53,8.3
CUST_01476,31,29412.21,1303.82,26,1.1,48.9,1.9,57.19,73,5.3
CUST_01477,35,41880.68,601.34,17,0.6,35.82,2.5,20.04,88,4.0
CUST_01478,18,47064.66,819.79,34,1.1,25.08,2.6,26.28,83,6.2
CUST_01479,18,46394.27,617.73,19,0.7,33.46,2.2,23.4,15,6.6
CUST_01480,41,69088.8,11235.9,127,1.8,92.1,5.8,161.44,22,6.9
CUST_01481,30,38440.11,523.51,9,0.5,58.23,1.6,27.27,125,6.0
CUST_01482,37,176886.35,51924.22,214,6.8,238.23,2.6,1664.24,6,8.8
CUST_01483,23,47307.06,13016.74,158,3.0,84.01,3.7,,38,7.7
CUST_01484,47,145088.12,92317.21,308,10.1,313.45,2.3,3344.83,45,7.9
CUST_01485,59,68140.25,912.02,8,3.0,114.05,0.2,380.01,5,8.7
CUST_01486,29,76928.45,5679.15,73,1.9,77.88,3.1,152.67,20,8.4
CUST_01487,36,64172.02,16375.58,108,4.4,153.93,1.8,758.13,52,7.7
CUST_01488,32,25272.5,204.24,13,0.6,16.09,1.7,10.01,91,4.9
CUST_01489,52,85226.2,21672.39,228,3.8,91.54,4.5,401.34,62,7.2
CUST_01490,41,62263.85,10186.83,89,3.7,116.53,1.8,471.61,23,5.6
CUST_01491,22,89942.01,13071.73,89,2.9,153.51,2.4,453.88,18,6.4
CUST_01492,28,96271.03,47666.47,358,4.0,133.5,7.1,559.47,26,9.3
CUST_01493,41,84796.65,18353.39,113,2.9,159.89,3.3,463.47,43,8.8
CUST_01494,47,118790.84,113541.45,462,7.7,242.41,4.3,2200.42,14,9.7
CUST_01495,19,57976.14,36617.5,308,4.2,124.88,6.1,500.24,31,7.5
CUST_01496,47,34184.78,1150.94,37,1.2,30.01,2.8,34.25,50,7.8
CUST_01497,44,61794.86,11288.81,79,2.2,142.0,2.9,324.39,31,6.9
CUST_01498,48,46808.6,13308.54,129,3.2,101.43,3.4,326.19,26,6.4
CUST_01499,41,56848.7,11329.95,110,2.6,,3.8,248.46,37,6.7
CUST_01500,42,33879.47,643.3,22,0.6,28.59,3.3,16.24,23,5.2
CUST_01501,35,73155.42,32385.89,221,3.8,144.07,4.8,562.26,21,7.2
CUST_01502,25,78213.52,21148.37,163,2.0,130.63,6.7,263.04,50,6.2
CUST_01503,49,131001.67,101257.88,380,6.7,266.51,5.3,1592.11,7,8.9
CUST_01504,51,69477.91,17705.38,137,3.1,134.08,3.8,388.28,24,4.8
CUST_01505,43,86817.52,11040.69,145,2.6,75.95,4.3,213.97,42,7.4
CUST_01506,36,99336.95,10007.17,86,5.0,110.95,1.8,463.29,7,7.0
CUST_01507,49,66524.17,2390.03,28,3.0,84.28,0.8,248.96,42,8.1
CUST_01508,25,61412.94,11250.96,136,2.3,77.54,4.9,191.34,17,7.6
CUST_01509,41,61739.31,17069.27,208,4.7,80.78,3.5,406.41,5,7.7
CUST_01510,28,29319.8,463.87,40,1.2,11.5,2.8,13.81,48,8.8
CUST_01511,35,40408.83,1705.07,36,0.9,47.56,3.4,41.79,82,6.5
CUST_01512,26,36376.47,380.97,15,0.9,23.98,1.3,24.42,45,5.4
CUST_01513,37,93889.62,10154.87,40,0.6,257.46,5.6,151.11,139,4.8
CUST_01514,54,152602.35,220908.76,643,8.1,351.22,5.8,3173.98,13,8.3
CUST_01515,46,83575.87,244335.67,668,7.8,375.71,6.8,2994.31,1,9.6
CUST_01516,54,134228.4,61481.27,256,8.0,224.9,2.5,2049.38,5,9.7
CUST_01517,32,75927.53,12904.92,113,2.6,113.7,3.6,298.72,28,8.3
CUST_01518,27,54124.28,1066.85,24,0.9,44.34,1.9,46.79,85,5.9
CUST_01519,44,74742.06,7050.33,53,2.2,130.98,2.1,279.77,57,5.4
CUST_01520,32,73227.13,10717.57,67,0.8,161.18,7.7,115.99,259,2.7
CUST_01521,59,160213.52,63838.71,287,6.7,227.65,3.6,1477.75,7,8.6
CUST_01522,33,109495.04,3420.7,16,0.4,219.13,3.4,83.84,150,3.5
CUST_01523,46,54630.99,4577.65,40,1.0,117.42,3.4,112.2,30,6.1
CUST_01524,48,169317.44,95371.0,350,5.6,289.9,4.5,1766.13,5,8.9
CUST_01525,18,68720.12,27313.56,258,4.1,105.68,5.6,406.45,59,9.3
CUST_01526,45,49983.43,1230.38,11,4.6,117.34,0.2,512.66,59,5.7
CUST_01527,36,87437.86,10374.94,96,4.2,106.32,2.2,392.99,35,5.9
CUST_01528,41,104891.85,21639.52,139,2.4,151.87,4.2,429.36,23,9.1
CUST_01529,18,37181.67,842.49,22,0.6,39.0,3.8,18.48,93,2.9
CUST_01530,49,70681.1,12298.15,178,2.4,68.4,6.1,168.01,26,6.6
CUST_01531,35,64971.3,836.5,7,3.1,116.95,0.2,348.54,32,7.5
CUST_01532,39,51270.1,11397.54,106,3.3,102.88,3.0,316.6,12,8.5
CUST_01533,20,25062.43,804.44,18,0.8,45.22,2.0,33.52,86,6.7
CUST_01534,37,80299.46,3092.53,33,4.3,97.86,0.7,368.16,64,8.4
CUST_01535,35,72321.16,7060.91,69,1.0,105.19,5.6,105.07,60,8.1
CUST_01536,36,147861.87,72978.93,256,6.8,300.03,3.5,1737.59,17,9.3
CUST_01537,46,194438.85,105523.13,341,5.7,305.09,4.6,1911.65,2,8.2
CUST_01538,40,43856.11,176.41,8,0.9,24.41,0.7,21.0,35,
CUST_01539,48,152972.88,178680.14,804,8.7,229.13,6.8,2189.71,13,8.1
CUST_01540,45,65008.38,10383.34,111,4.4,93.51,2.4,360.53,39,7.4
CUST_01541,19,42728.74,119.98,3,0.1,41.33,2.7,3.7,45,7.2
CUST_01542,30,131088.08,172650.46,544,7.6,325.78,6.2,2320.57,30,9.2
CUST_01543,22,92857.19,17407.53,92,3.1,184.62,2.6,557.93,31,8.0
CUST_01544,44,52007.72,13909.27,113,5.2,127.37,1.7,681.83,34,6.6
CUST_01545,51,114133.25,10519.92,64,0.8,166.66,6.5,134.87,114,
CUST_01546,63,84638.89,24253.45,200,3.1,117.98,5.8,348.47,38,7.1
CUST_01547,44,43926.78,147.3,4,0.2,37.24,1.5,8.18,36,5.8
CUST_01548,25,90847.75,33380.57,219,3.9,142.17,4.7,591.85,40,7.8
CUST_01549,59,136637.12,125882.4,428,5.4,284.76,6.7,1565.7,9,9.8
CUST_01550,36,72464.22,5063.85,38,4.2,128.82,0.8,527.48,43,6.3
CUST_01551,39,109919.19,2931.13,30,0.6,,4.5,54.28,138,5.4
CUST_01552,43,74501.9,7675.95,90,1.0,85.54,7.1,90.09,28,8.1
CUST_01553,38,28071.95,1250.21,24,0.7,52.54,3.2,32.56,39,5.6
CUST_01554,25,43448.24,696.66,16,0.9,44.08,1.4,41.47,78,7.0
CUST_01555,40,65726.27,13062.97,113,3.2,117.49,2.9,375.37,32,7.2
CUST_01556,19,82010.33,19500.85,178,4.2,110.0,3.8,427.65,8,6.8
CUST_01557,35,83143.55,930.98,8,3.2,125.41,0.2,,25,7.3
CUST_01558,30,61056.41,10023.58,79,2.5,130.51,2.8,298.32,23,6.2
CUST_01559,47,42685.92,42.98,1,0.6,40.91,0.1,35.82,73,3.9
CUST_01560,60,123154.94,16478.74,72,0.9,232.61,7.1,193.41,180,5.1
CUST_01561,51,59377.39,17050.58,139,2.5,125.12,4.6,308.89,42,5.7
CUST_01562,36,75978.86,15132.76,113,3.5,134.18,2.7,467.06,34,7.4
CUST_01563,43,38785.57,599.22,13,0.5,46.05,2.2,22.7,73,7.5
CUST_01564,38,44756.0,1559.04,18,3.9,92.89,0.4,324.8,41,7.3
CUST_01565,28,34229.11,311.21,10,0.9,30.99,1.0,25.93,55,5.4
CUST_01566,35,85832.6,28884.83,182,4.2,156.14,3.3,729.41,47,7.8
CUST_01567,33,41922.87,1431.28,31,1.3,45.37,2.1,56.8,56,7.0
CUST_01568,45,137346.7,138363.27,419,7.8,339.79,4.5,2562.28,12,9.1
CUST_01569,43,72917.73,3022.84,35,1.0,82.55,3.5,71.97,26,7.7
CUST_01570,18,64182.49,11083.96,86,3.3,123.59,2.3,401.59,25,6.6
CUST_01571,29,66148.08,15986.28,193,4.5,79.63,3.4,391.82,61,5.8
CUST_01572,54,128105.1,135614.31,465,10.1,284.91,3.7,3054.38,1,8.8
CUST_01573,26,20000.0,2896.13,58,0.8,50.46,5.8,41.61,34,7.1
CUST_01574,48,34517.75,90.25,8,0.8,11.28,0.8,9.4,64,6.9
CUST_01575,37,67737.91,12868.1,205,3.8,60.2,4.4,243.71,36,9.9
CUST_01576,31,137864.53,283450.29,1221,9.7,249.2,9.4,2512.86,8,8.8
CUST_01577,46,144924.65,117319.11,516,10.1,232.46,4.6,2125.35,8,8.9
CUST_01578,34,83311.29,23949.58,215,5.1,109.88,3.2,623.69,45,6.4
CUST_01579,44,76126.4,9204.44,102,2.7,90.86,3.4,225.6,39,7.9
CUST_01580,36,76309.02,14178.24,138,3.3,103.99,3.4,347.51,35,10.0
CUST_01581,41,,21695.12,139,2.9,148.82,4.3,420.45,30,8.4
CUST_01582,33,57600.41,14602.99,113,2.1,126.07,4.2,289.74,17,6.8
CUST_01583,20,114362.51,2523.86,17,3.2,144.3,0.5,420.64,50,8.1
CUST_01584,34,92266.33,21870.12,191,3.4,117.22,5.1,357.35,30,6.2
CUST_01585,61,133868.58,4786.87,24,0.5,202.83,4.1,97.29,158,3.3
CUST_01586,54,121319.57,109001.62,427,10.0,252.24,3.8,2390.39,5,8.9
CUST_01587,28,48589.51,434.06,10,0.6,42.85,1.5,24.11,75,5.0
CUST_01588,28,93706.05,6721.88,55,1.7,115.79,2.7,207.47,48,7.0
CUST_01589,44,56289.96,13133.02,109,2.2,119.16,4.6,237.92,46,7.3
CUST_01590,18,25463.37,1386.79,28,0.6,47.18,3.9,29.63,67,4.5
CUST_01591,24,48598.66,2006.66,59,0.8,33.36,6.0,27.87,24,3.7
CUST_01592,38,95209.92,9439.39,43,0.7,221.04,5.9,133.32,191,
CUST_01593,44,130897.5,30921.78,132,3.6,239.85,3.0,858.94,7,10.0
CUST_01594,35,179652.85,150691.91,587,8.6,250.67,5.6,2242.44,30,8.1
CUST_01595,32,36228.39,786.0,19,0.7,41.83,2.2,29.77,74,3.9
CUST_01596,48,,9945.34,78,3.4,127.94,1.9,436.2,38,7.6
CUST_01597,24,64144.88,408.14,6,2.3,69.75,0.2,170.06,35,9.8
CUST_01598,52,83878.49,26381.17,151,4.9,174.69,2.5,879.37,2,8.5
CUST_01599,56,144915.94,209614.5,751,9.9,274.23,6.2,2817.4,45,
CUST_01600,19,28635.9,140.86,7,1.5,20.37,0.4,29.35,88,3.9
CUST_01601,52,164303.2,161120.83,568,5.4,289.86,7.8,1721.38,2,9.3
CUST_01602,34,99274.18,13720.83,146,2.9,93.79,3.8,300.9,21,6.5
CUST_01603,33,64685.41,11630.41,145,5.3,79.1,2.3,421.39,37,7.9
CUST_01604,45,71120.89,15453.53,131,3.7,118.0,3.1,415.42,31,5.5
CUST_01605,40,111336.25,134467.11,422,7.6,301.52,4.2,2668.0,21,10.0
CUST_01606,43,67927.33,17611.43,248,3.8,70.8,4.6,319.05,39,8.5
CUST_01607,54,140684.31,145951.74,679,9.3,211.67,6.1,1993.88,45,8.3
CUST_01608,20,24859.38,1393.06,41,1.5,33.1,2.2,52.77,79,5.7
CUST_01609,22,83022.17,5652.45,56,3.2,99.75,1.5,314.02,48,6.0
CUST_01610,42,59403.04,5535.65,33,1.0,172.76,2.6,177.42,43,6.4
CUST_01611,18,31034.81,106.2,3,0.1,36.3,2.9,3.05,109,4.3
CUST_01612,30,52626.48,1363.82,32,1.0,44.08,2.8,40.59,54,7.5
CUST_01613,33,42612.28,7608.05,78,2.2,101.56,2.8,226.43,31,8.5
CUST_01614,46,75948.98,3683.87,82,2.1,44.56,3.5,87.71,36,8.1
CUST_01615,36,63977.19,27812.96,167,3.1,160.57,4.3,,53,8.3
CUST_01616,37,24678.66,1757.7,38,1.1,45.28,2.8,52.31,77,6.4
CUST_01617,75,103323.92,10446.97,41,0.4,249.53,8.1,107.48,202,3.6
CUST_01618,46,27925.79,753.21,16,1.0,,1.4,44.83,69,7.5
CUST_01619,30,54891.32,20761.64,162,3.1,126.29,4.1,421.98,34,6.8
CUST_01620,29,35230.79,606.36,18,0.8,33.16,1.6,,86,6.1
CUST_01621,65,74410.57,21855.74,170,5.9,122.41,2.5,728.52,49,7.9
CUST_01622,51,153391.35,62179.23,307,8.2,200.51,3.3,1570.18,13,9.9
CUST_01623,33,79213.24,22657.39,165,2.9,130.51,4.8,393.36,41,8.0
CUST_01624,36,133074.17,8860.93,43,0.5,205.3,7.0,105.49,158,2.2
CUST_01625,56,164077.73,259574.17,879,10.5,291.39,7.6,2846.21,10,9.7
CUST_01626,20,33480.15,1064.96,21,0.9,49.0,2.0,44.37,75,2.0
CUST_01627,22,39189.29,20654.49,173,3.4,118.5,3.8,452.95,20,7.9
CUST_01628,46,53172.76,5939.8,38,3.2,163.75,0.9,549.98,60,7.8
CUST_01629,37,162171.07,44789.79,305,6.0,151.36,4.6,811.41,10,8.9
CUST_01630,38,61924.3,4026.08,62,1.0,60.13,4.5,74.56,26,7.8
CUST_01631,32,43402.26,554.74,22,0.9,25.14,2.1,22.01,59,5.8
CUST_01632,18,58646.71,18817.98,180,3.4,102.41,4.3,364.69,25,5.3
CUST_01633,18,32546.5,1994.8,41,0.9,50.26,3.8,43.75,35,6.2
CUST_01634,22,29061.76,733.99,34,0.9,21.37,2.9,21.09,67,4.9
CUST_01635,32,83102.31,11703.94,103,0.9,109.27,10.5,92.89,151,3.1
CUST_01636,34,62041.66,30180.11,226,4.1,141.47,4.8,523.96,39,7.9
CUST_01637,33,48353.41,1569.48,15,2.3,103.98,0.6,217.98,15,6.0
CUST_01638,41,161602.86,112371.3,395,5.8,282.78,6.2,1510.37,3,7.6
CUST_01639,41,126258.13,2732.1,9,0.3,300.65,2.8,81.31,117,2.9
CUST_01640,34,75334.59,14517.73,63,0.6,216.68,9.4,128.7,83,3.6
CUST_01641,51,89242.16,14806.33,125,2.1,119.39,4.7,,45,5.2
CUST_01642,18,42105.26,515.55,11,0.3,47.54,3.1,13.86,67,6.8
CUST_01643,30,81677.75,18141.95,165,2.8,110.53,5.0,302.37,25,9.0
CUST_01644,36,58169.64,10509.39,74,3.3,132.6,2.2,398.08,14,9.2
CUST_01645,48,151661.4,140280.75,515,7.5,271.1,5.3,2205.67,32,9.7
CUST_01646,49,34642.79,402.8,17,0.8,23.29,2.1,15.98,31,5.1
CUST_01647,34,133058.25,159168.86,583,6.7,293.2,7.2,1842.23,10,9.2
CUST_01648,29,33759.5,1220.18,27,0.6,45.04,3.4,29.91,45,5.9
CUST_01649,18,29699.86,1599.28,41,1.6,39.21,1.9,70.14,106,6.1
CUST_01650,26,47314.85,700.34,16,0.6,43.65,2.5,23.34,57,3.2
CUST_01651,54,167373.35,237055.79,903,8.3,265.08,9.2,2147.24,14,9.6
CUST_01652,31,73914.92,21919.85,188,2.5,121.3,5.9,309.6,17,8.2
CUST_01653,30,81281.59,8765.02,76,1.4,116.28,4.7,155.41,27,7.7
CUST_01654,27,63278.52,26819.1,320,4.3,80.18,5.7,392.09,61,4.4
CUST_01655,47,107888.73,95812.46,436,7.0,218.94,6.2,1287.8,3,9.2
CUST_01656,44,71018.33,17744.6,87,0.6,215.58,12.0,123.23,110,3.5
CUST_01657,36,43672.15,12991.18,80,4.0,168.32,1.6,676.62,40,8.4
CUST_01658,36,70701.81,44183.98,294,4.9,149.03,5.5,669.45,19,7.1
CUST_01659,41,68104.83,29157.89,215,4.0,140.08,4.2,578.53,60,6.8
CUST_01660,21,77373.52,26962.84,205,2.7,130.61,6.9,325.64,45,7.4
CUST_01661,38,58148.56,611.86,6,2.1,98.29,0.2,254.94,51,7.1
CUST_01662,31,58635.22,36409.48,253,4.6,141.9,4.7,645.56,44,5.6
CUST_01663,44,147840.69,207.22,1,0.0,207.22,8.5,2.03,176,2.3
CUST_01664,18,73482.36,5492.81,55,2.4,99.36,2.1,217.97,32,7.2
CUST_01665,38,100155.39,1380.06,15,0.6,90.0,2.1,54.76,146,4.3
CUST_01666,19,40731.44,141.57,4,0.1,36.18,3.4,3.47,15,5.6
CUST_01667,37,34761.84,24619.28,301,3.5,84.53,7.0,293.09,56,5.2
CUST_01668,34,54411.98,17689.22,73,0.6,242.97,10.0,147.41,173,3.9
CUST_01669,45,146773.03,124159.53,428,6.3,277.2,5.7,1815.2,2,9.0
CUST_01670,51,37512.93,529.66,21,0.5,,3.4,12.98,34,4.1
CUST_01671,18,75498.22,12918.16,130,4.1,100.69,2.9,371.21,5,7.7
CUST_01672,18,36715.15,239.3,12,1.0,20.68,1.1,18.13,84,5.8
CUST_01673,26,21442.0,1126.43,28,0.5,41.16,4.2,22.35,41,9.0
CUST_01674,31,30082.5,1575.19,37,1.2,42.74,2.7,48.62,56,6.4
CUST_01675,28,34797.65,178.25,4,0.3,44.76,1.1,13.5,80,7.5
CUST_01676,38,68763.99,3435.82,31,3.2,120.81,1.0,286.32,7,8.4
CUST_01677,37,135097.49,225686.39,624,7.5,364.2,6.7,2807.04,6,8.8
CUST_01678,46,102163.55,6632.66,84,2.3,74.99,2.8,197.4,37,7.7
CUST_01679,39,159467.07,133599.93,589,7.6,225.86,6.4,1739.58,8,8.4
CUST_01680,19,32110.86,1971.7,46,1.0,43.18,3.8,43.24,84,4.7
CUST_01681,19,45690.26,29843.23,221,4.2,137.38,3.9,637.68,22,8.7
CUST_01682,70,118367.9,17563.77,91,0.8,198.51,9.3,157.38,130,1.3
CUST_01683,32,68447.53,4504.11,109,3.1,41.19,3.1,121.08,46,8.2
CUST_01684,33,25645.24,1107.05,25,0.9,43.69,2.4,38.44,103,5.6
CUST_01685,46,118390.96,228738.77,742,8.9,292.99,7.3,2611.17,4,8.5
CUST_01686,27,33897.71,453.72,18,1.4,25.78,1.0,37.81,72,6.3
CUST_01687,37,106608.29,7632.69,48,0.9,153.06,4.0,159.01,130,1.7
CUST_01688,21,95868.23,18085.74,193,3.3,90.3,4.5,334.92,48,6.3
CUST_01689,47,58912.33,13963.08,104,4.0,135.91,2.3,505.91,43,
CUST_01690,25,36255.19,166.27,17,1.4,10.0,1.0,13.86,45,5.1
CUST_01691,25,105094.27,234666.27,655,7.6,374.39,6.8,2875.81,1,10.0
CUST_01692,35,86820.74,47835.63,373,3.5,128.12,9.8,406.77,20,7.4
CUST_01693,33,83682.16,3459.5,24,2.1,145.4,0.9,320.32,38,8.7
CUST_01694,48,152744.48,155534.62,446,7.1,337.87,4.9,2645.15,7,8.7
CUST_01695,32,85400.21,26821.56,175,2.9,151.66,4.8,465.65,29,8.9
CUST_01696,49,139603.35,86887.77,345,7.3,267.77,3.7,1956.93,7,9.3
CUST_01697,37,126986.27,115038.98,284,7.0,405.85,3.4,2819.58,16,7.9
CUST_01698,52,128838.64,92783.71,398,6.7,231.0,5.3,1458.86,5,9.0
CUST_01699,52,106707.17,4091.44,27,0.3,152.59,6.8,50.14,108,1.8
CUST_01700,42,102205.48,6674.74,56,2.9,116.09,1.6,347.64,30,7.6
CUST_01701,41,90032.64,10509.66,39,0.6,274.12,5.6,156.39,176,2.9
CUST_01702,47,87001.51,11324.27,113,3.1,97.19,3.0,314.56,47,7.3
CUST_01703,21,78092.38,33948.0,361,4.8,95.63,6.2,456.29,24,9.3
CUST_01704,56,79009.54,917.1,12,2.6,77.19,0.4,191.06,62,5.5
CUST_01705,59,70417.13,9276.06,68,4.2,128.88,1.3,594.62,16,7.2
CUST_01706,58,129752.41,129662.65,739,6.0,182.68,8.9,1214.07,19,8.8
CUST_01707,38,59201.73,21002.39,149,6.0,140.56,2.3,760.96,47,6.5
CUST_01708,56,88491.23,24801.92,374,5.0,65.63,6.9,299.54,18,6.1
CUST_01709,26,76851.79,28708.73,175,5.3,167.14,2.5,956.96,34,9.4
CUST_01710,44,31394.35,30.69,1,0.8,30.26,0.1,25.57,70,5.9
CUST_01711,45,153092.12,90728.1,350,8.3,253.62,3.1,2438.93,4,9.0
CUST_01712,32,325023.73,126675.4,461,7.1,272.5,4.7,2246.02,2,8.6
CUST_01713,22,43736.44,1241.43,20,1.1,61.71,1.4,73.89,63,7.2
CUST_01714,58,87407.87,10512.54,145,3.8,71.38,3.5,250.3,23,6.5
CUST_01715,67,119685.39,77547.25,253,5.4,313.59,3.8,1700.6,13,8.9
CUST_01716,41,132274.13,200.27,1,0.0,200.27,5.2,3.21,221,2.8
CUST_01717,34,226512.22,175857.15,562,7.5,308.63,6.0,2442.46,3,8.3
CUST_01718,23,36061.48,1137.0,22,1.5,52.26,1.3,72.88,94,5.2
CUST_01719,37,106804.66,3170.61,21,0.3,151.21,5.7,46.35,158,2.7
CUST_01720,46,81976.59,15001.19,133,1.9,122.03,5.5,227.29,24,5.9
CUST_01721,40,166717.62,199518.68,625,10.6,312.93,4.8,3463.87,11,8.4
CUST_01722,50,166766.5,63735.78,216,6.7,283.79,2.6,2042.81,45,8.1
CUST_01723,27,89693.07,20556.69,213,3.8,,4.4,389.33,47,8.2
CUST_01724,38,104575.25,98488.65,333,4.4,289.12,6.7,1224.98,19,9.8
CUST_01725,26,44151.56,169.47,11,0.6,14.99,1.5,9.41,48,6.0
CUST_01726,46,155290.89,205084.98,726,7.6,284.06,8.0,2136.3,31,9.8
CUST_01727,18,88984.31,996.19,7,2.8,146.22,0.2,415.08,29,6.4
CUST_01728,57,86275.47,5099.7,25,0.6,200.85,3.3,128.78,104,4.0
CUST_01729,34,32121.96,1133.0,21,1.1,52.28,1.7,55.54,57,6.7
CUST_01730,44,85189.61,9765.46,105,2.3,96.13,3.6,226.05,40,9.2
CUST_01731,32,84071.81,20327.8,128,3.3,155.46,2.9,584.13,46,5.8
CUST_01732,31,90843.32,8530.69,99,2.1,85.43,3.8,187.08,45,8.3
CUST_01733,38,109129.71,15003.33,176,3.0,85.53,5.0,250.06,20,7.6
CUST_01734,32,97106.16,18806.11,254,3.8,74.63,6.1,256.91,24,8.6
CUST_01735,39,168053.54,117970.46,492,7.6,237.83,6.4,1536.07,24,8.7
CUST_01736,18,44414.27,22.41,1,1.0,22.41,0.1,18.67,43,
CUST_01737,39,70092.89,27881.13,174,2.9,146.9,5.6,414.9,18,5.9
CUST_01738,43,140081.9,100418.1,289,6.9,361.89,3.8,2202.15,6,8.4
CUST_01739,58,41701.11,29636.94,233,3.5,137.72,5.5,449.04,26,5.3
CUST_01740,45,57885.34,2970.45,23,1.9,128.03,1.0,247.54,37,8.1
CUST_01741,36,31632.53,640.35,18,0.7,35.48,1.9,28.09,40,6.3
CUST_01742,40,28467.1,1620.25,39,0.9,40.89,3.5,38.58,22,3.5
CUST_01743,31,41317.86,984.59,23,1.6,46.82,1.2,68.37,42,5.8
CUST_01744,69,108935.9,163001.8,535,6.9,322.41,6.6,2058.1,6,9.2
CUST_01745,53,83638.22,33689.38,172,4.4,198.52,3.7,758.77,22,4.5
CUST_01746,42,88237.66,3793.34,37,4.0,99.89,0.7,451.59,40,6.2
CUST_01747,35,,154301.57,551,6.3,296.18,6.8,1890.95,1,9.5
CUST_01748,38,92004.58,49261.27,316,4.6,153.82,5.6,733.05,37,5.9
CUST_01749,19,20000.0,248.39,8,0.9,31.28,0.7,29.57,60,6.4
CUST_01750,41,111954.28,106267.72,401,5.7,263.75,5.4,1639.93,2,8.7
CUST_01751,30,77439.42,17032.28,138,1.9,123.52,5.8,244.72,49,6.7
CUST_01752,53,,4537.93,34,1.9,133.54,1.5,252.11,45,8.9
CUST_01753,51,137513.19,154626.02,595,7.6,260.05,6.5,1982.38,4,8.4
CUST_01754,18,71641.94,10887.3,114,4.9,92.44,2.2,412.4,18,7.8
CUST_01755,40,87851.96,2608.38,19,0.2,137.14,7.1,30.61,237,3.9
CUST_01756,27,34972.18,1192.52,40,1.3,28.93,2.6,38.22,74,5.1
CUST_01757,45,108535.24,12718.98,55,0.7,234.35,6.0,176.65,92,1.6
CUST_01758,33,,7376.51,76,3.0,93.91,2.0,307.35,26,
CUST_01759,59,151399.21,173291.15,613,13.0,284.71,3.9,3702.8,6,8.3
CUST_01760,32,92933.46,11421.53,103,3.5,,2.3,413.82,25,7.7
CUST_01761,53,98846.86,6935.25,108,2.0,67.83,4.8,120.4,52,6.1
CUST_01762,36,36071.52,1537.66,42,1.1,37.63,3.6,35.59,116,6.9
CUST_01763,50,122934.85,49494.72,266,7.0,190.07,3.2,1288.92,25,7.7
CUST_01764,20,72730.75,32046.65,299,4.3,113.33,5.6,476.88,65,7.1
CUST_01765,43,75814.1,197739.46,543,9.2,373.84,4.6,3582.24,1,8.1
CUST_01766,40,67995.51,8561.6,61,4.6,137.52,1.1,648.61,35,5.8
CUST_01767,46,32081.68,522.19,12,0.9,42.5,1.2,36.26,60,2.0
CUST_01768,40,85838.73,15652.77,121,4.8,136.25,1.9,,42,6.1
CUST_01769,41,77323.95,16868.51,162,4.1,99.18,3.4,413.44,30,6.5
CUST_01770,32,69750.14,16801.21,119,3.0,137.72,3.2,437.53,57,5.8
CUST_01771,55,82116.98,8688.25,69,2.9,118.52,1.9,381.06,10,7.1
CUST_01772,35,29045.03,133.28,2,1.0,64.5,0.2,55.53,47,4.9
CUST_01773,27,47557.82,34.19,1,1.2,32.35,0.1,28.49,55,4.5
CUST_01774,45,83411.43,124.85,1,0.0,123.3,4.8,2.17,175,4.7
CUST_01775,62,42396.43,86.89,2,0.1,44.48,1.4,5.17,28,4.8
CUST_01776,48,76413.08,4222.16,36,1.5,116.37,1.8,,40,8.9
CUST_01777,18,35945.74,474.53,27,0.7,18.84,3.1,12.76,41,5.8
CUST_01778,32,76558.32,29468.26,202,2.8,146.59,5.8,423.39,33,7.6
CUST_01779,36,77472.43,19021.46,173,3.8,110.1,4.5,352.25,5,7.9
CUST_01780,18,30144.92,88.51,2,1.6,43.01,0.1,73.76,56,7.6
CUST_01781,50,143114.77,112552.14,544,6.7,205.62,6.3,1488.78,7,8.9
CUST_01782,58,127366.15,1041.43,5,0.1,211.08,4.1,21.17,197,3.4
CUST_01783,41,89127.46,12342.08,81,3.0,159.04,2.2,467.5,32,5.8
CUST_01784,29,57927.3,13624.66,118,2.3,118.13,4.1,276.92,23,4.9
CUST_01785,33,36187.71,597.61,21,0.6,28.65,2.6,19.15,75,7.8
CUST_01786,30,38396.68,291.38,6,0.3,49.61,1.6,15.18,87,6.7
CUST_01787,35,80955.84,38988.03,303,4.8,139.66,5.1,637.06,35,5.8
CUST_01788,39,75848.66,27635.02,258,4.6,107.15,4.8,479.77,66,5.3
CUST_01789,49,120036.99,27532.2,145,7.1,192.57,1.7,1349.62,31,8.7
CUST_01790,66,75412.01,10557.6,91,1.6,,4.7,187.19,35,6.1
CUST_01791,51,97340.62,106688.79,449,9.9,236.45,3.6,2469.65,10,8.3
CUST_01792,36,22812.46,610.14,30,1.2,20.62,2.2,23.11,59,6.7
CUST_01793,18,92031.8,19147.28,190,3.9,97.62,4.1,389.17,9,7.8
CUST_01794,29,35256.92,2925.27,49,1.2,61.05,3.3,73.87,68,
CUST_01795,43,150391.58,112172.05,410,4.6,280.51,7.5,1246.36,25,10.0
CUST_01796,47,135540.89,139062.02,644,6.8,220.96,7.8,1485.71,30,9.3
CUST_01797,21,28556.79,244.61,7,0.3,34.76,2.0,10.19,71,8.1
CUST_01798,49,155630.71,148461.71,547,5.6,270.1,7.8,1586.13,14,8.8
CUST_01799,41,178596.93,267370.27,710,8.4,383.01,7.4,3010.93,3,
CUST_01800,48,121147.19,62751.12,229,6.5,274.13,3.3,1584.62,1,9.6
CUST_01801,32,144961.25,7240.22,42,0.4,170.44,8.5,70.98,209,3.8
CUST_01802,37,39566.84,1672.21,52,1.2,31.59,3.5,39.81,50,6.3
CUST_01803,65,69753.21,20775.2,214,4.1,,4.2,412.21,46,7.2
CUST_01804,52,57831.18,34101.73,278,2.9,125.64,7.7,369.07,35,6.0
CUST_01805,47,68035.32,13073.34,131,2.4,102.21,4.4,247.6,30,7.8
CUST_01806,33,33587.25,854.46,21,1.0,40.37,1.6,44.5,68,8.4
CUST_01807,35,50392.27,717.74,22,0.9,31.93,1.9,31.48,72,5.4
CUST_01808,40,92492.48,268740.8,726,6.7,368.5,8.4,2666.08,1,
CUST_01809,47,106211.31,100764.2,420,10.8,242.73,3.1,2708.72,11,8.0
CUST_01810,37,149294.55,160978.21,560,8.4,292.46,5.2,2579.78,3,10.0
CUST_01811,33,37916.81,445.4,9,0.2,48.32,3.8,9.77,37,6.9
CUST_01812,25,28488.23,185.36,5,0.3,38.49,1.3,11.88,45,6.8
CUST_01813,45,97322.36,30565.69,204,3.7,152.0,4.2,606.46,25,5.6
CUST_01814,47,104434.16,545547.23,1276,10.4,409.84,10.4,4371.37,38,9.9
CUST_01815,46,124042.68,25853.98,94,3.9,265.72,1.8,1196.94,5,10.0
CUST_01816,67,74135.56,10848.58,82,0.8,131.51,8.8,102.73,142,2.5
CUST_01817,46,53568.31,12606.07,103,2.5,124.2,3.3,318.34,31,6.6
CUST_01818,27,51288.34,357.26,8,0.5,45.0,1.5,19.85,61,4.0
CUST_01819,64,66712.82,19802.96,122,3.4,,2.8,589.37,9,7.5
CUST_01820,63,73930.93,5560.12,45,2.6,116.21,1.3,356.42,54,6.8
CUST_01821,47,50469.47,4577.53,29,2.7,153.14,0.9,423.85,36,7.5
CUST_01822,47,167730.2,96886.58,410,8.9,230.15,4.3,1877.65,35,8.8
CUST_01823,34,92144.93,16193.17,134,2.1,121.41,5.3,254.61,63,8.7
CUST_01824,20,47767.84,678.08,17,0.5,40.49,3.1,18.23,76,4.4
CUST_01825,46,108446.34,24937.21,247,3.4,101.56,6.0,346.35,39,6.1
CUST_01826,32,42573.44,21180.66,160,2.9,128.54,4.3,410.48,36,6.1
CUST_01827,47,122163.25,167956.83,636,5.8,251.8,8.8,1590.5,21,8.7
CUST_01828,44,86000.84,4302.45,21,0.4,210.26,4.9,73.17,177,3.0
CUST_01829,19,23815.34,710.17,24,0.4,31.78,5.1,11.6,77,6.3
CUST_01830,44,65359.24,15681.63,157,3.3,100.64,3.9,335.08,38,8.4
CUST_01831,47,104657.96,26558.07,89,0.8,289.2,8.3,266.65,80,4.3
CUST_01832,45,58715.21,17069.23,204,4.3,85.13,4.0,355.61,41,8.2
CUST_01833,25,69865.71,10171.88,120,2.4,83.63,4.0,211.91,32,8.1
CUST_01834,36,28108.7,360.99,20,0.6,18.68,2.8,10.74,55,7.3
CUST_01835,36,34987.43,467.56,12,0.7,39.31,1.5,25.98,38,5.3
CUST_01836,27,24191.4,483.71,13,1.1,38.11,1.0,40.31,57,4.6
CUST_01837,60,119050.52,129488.74,461,6.5,282.18,6.0,1798.45,8,9.2
CUST_01838,43,54878.15,41674.49,372,4.2,111.35,6.7,518.34,28,5.7
CUST_01839,52,90146.56,9382.54,32,0.7,287.25,4.1,190.7,138,4.2
CUST_01840,40,77382.43,5405.22,71,3.0,77.1,2.0,225.22,16,7.8
CUST_01841,31,58273.76,1239.02,25,1.7,51.31,1.3,79.42,36,4.3
CUST_01842,43,78964.12,13941.0,144,3.3,101.44,3.3,352.05,38,7.4
CUST_01843,53,94992.44,25215.41,184,2.4,132.73,6.2,338.92,42,6.5
CUST_01844,27,66349.49,4630.9,38,1.8,124.92,1.6,241.19,35,7.2
CUST_01845,58,100690.76,3859.07,22,0.3,172.74,7.8,41.23,160,5.7
CUST_01846,53,88470.35,5512.65,43,3.3,134.63,1.0,459.39,66,5.3
CUST_01847,52,166609.34,105713.34,342,4.8,295.2,6.4,1376.48,13,8.2
CUST_01848,40,124914.05,125955.03,364,3.7,319.36,8.6,1220.49,5,8.5
CUST_01849,18,39692.47,51.82,1,1.2,51.31,0.1,43.18,71,3.4
CUST_01850,39,60048.9,7779.46,59,3.8,133.01,1.3,498.68,54,6.9
CUST_01851,40,96980.38,39026.84,376,4.3,99.5,7.3,445.51,35,7.0
CUST_01852,37,28442.75,1133.35,27,1.0,42.61,2.4,39.35,39,6.1
CUST_01853,47,31344.38,205.46,5,0.2,41.03,2.3,7.44,70,6.0
CUST_01854,37,32767.71,1014.58,20,0.5,,3.4,24.87,70,
CUST_01855,32,80586.62,5442.14,21,0.3,259.75,6.8,66.69,172,1.5
CUST_01856,47,69563.83,12414.21,176,4.2,68.17,3.4,304.27,18,
CUST_01857,18,30142.82,742.45,35,0.9,21.51,3.2,19.33,69,5.3
CUST_01858,29,125346.87,21484.94,159,2.9,136.95,4.5,397.87,30,6.6
CUST_01859,32,39069.52,2784.56,54,1.5,52.25,3.1,74.85,86,7.0
CUST_01860,41,40678.61,57.73,1,1.1,54.52,0.1,48.11,44,5.3
CUST_01861,29,36520.83,533.53,12,0.9,44.16,1.3,34.2,15,5.9
CUST_01862,26,21344.96,1240.82,31,1.0,39.98,2.7,38.3,80,6.2
CUST_01863,37,158074.57,147297.29,448,5.3,332.83,7.3,1681.48,31,8.1
CUST_01864,33,64144.72,27122.5,201,3.5,130.9,4.8,470.88,17,8.8
CUST_01865,43,80799.63,13392.18,72,1.2,190.61,5.0,223.2,145,3.0
CUST_01866,46,87807.53,15224.73,65,0.8,225.71,6.3,201.39,109,2.8
CUST_01867,39,141323.49,176564.99,645,7.2,274.71,8.2,1794.36,23,10.0
CUST_01868,49,159759.79,249701.62,756,10.1,319.08,5.9,3526.86,5,10.0
CUST_01869,29,151300.13,49275.29,193,6.6,258.17,2.1,1955.37,22,8.1
CUST_01870,43,29651.75,453.51,8,0.4,55.33,1.7,22.23,104,5.6
CUST_01871,18,33334.5,1211.08,18,0.6,66.21,2.3,43.88,110,3.5
CUST_01872,24,78880.84,8038.93,73,3.4,110.32,1.6,418.69,34,8.3
CUST_01873,59,77941.16,5487.83,57,3.3,92.48,1.3,351.78,64,8.0
CUST_01874,34,40196.85,1067.91,33,1.4,31.15,2.0,44.5,89,7.9
CUST_01875,21,37701.25,338.44,16,0.5,21.57,2.5,11.28,42,5.7
CUST_01876,43,66455.68,45587.59,377,4.2,123.58,7.0,542.71,28,7.3
CUST_01877,51,85800.21,18257.05,195,2.9,94.31,5.1,298.32,13,7.8
CUST_01878,19,71767.34,16666.29,116,3.4,144.97,2.7,514.39,55,8.0
CUST_01879,28,71664.99,7957.79,62,2.5,124.47,1.9,349.03,20,6.7
CUST_01880,25,81874.46,5464.5,34,1.0,159.01,2.9,157.03,50,5.0
CUST_01881,37,47181.58,698.41,21,1.0,34.18,1.8,32.33,77,7.1
CUST_01882,18,29350.7,877.64,21,1.0,42.89,2.1,34.83,60,4.7
CUST_01883,49,53675.28,11997.24,96,3.2,124.55,2.6,384.53,30,
CUST_01884,42,30017.39,1008.94,29,1.0,33.91,2.5,33.63,17,6.3
CUST_01885,49,167182.03,72123.86,306,6.2,225.13,4.8,1252.15,8,9.8
CUST_01886,18,42238.08,17902.27,196,3.7,90.87,4.4,339.06,37,4.4
CUST_01887,52,146243.14,162859.4,528,7.5,309.6,5.4,2513.26,9,8.8
CUST_01888,18,64807.79,5236.83,61,3.9,86.43,1.4,311.72,11,5.2
CUST_01889,34,27569.95,1538.12,37,1.5,42.5,1.8,71.21,52,4.3
CUST_01890,52,102159.74,266.87,1,0.0,266.87,7.3,3.05,82,2.6
CUST_01891,58,84159.87,130247.33,475,7.0,278.27,5.3,2047.91,8,8.8
CUST_01892,42,81882.3,21058.5,133,3.6,160.3,3.1,566.09,50,9.8
CUST_01893,23,48409.52,571.5,12,1.0,46.79,1.1,43.3,52,5.9
CUST_01894,48,61345.94,23495.16,146,1.8,168.19,6.5,301.22,50,7.1
CUST_01895,33,64394.58,18648.89,134,3.2,147.66,3.3,470.93,64,7.4
CUST_01896,21,30634.19,254.86,11,0.5,23.85,1.8,11.8,117,6.2
CUST_01897,28,84249.05,3166.21,36,2.1,85.91,1.4,188.46,59,6.9
CUST_01898,25,170251.65,58814.38,223,3.8,261.0,4.9,1000.24,17,8.6
CUST_01899,51,65272.46,12803.59,112,2.6,111.18,3.8,280.78,36,6.8
CUST_01900,40,28085.54,1626.62,41,1.6,41.74,2.1,64.55,45,6.3
CUST_01901,67,72588.41,21373.8,178,3.2,118.26,4.9,363.5,33,6.1
CUST_01902,48,109424.64,185970.06,705,11.3,275.68,4.9,3162.76,1,8.0
CUST_01903,40,40224.06,3913.79,100,1.4,40.45,5.0,65.23,81,5.5
CUST_01904,33,172644.41,195159.69,685,7.0,296.44,7.5,2168.44,36,9.2
CUST_01905,39,32783.99,616.18,23,0.9,27.73,2.2,23.34,76,5.3
CUST_01906,59,64382.11,5487.91,58,4.3,87.67,1.1,415.75,16,7.6
CUST_01907,62,121221.65,6161.09,31,0.5,195.63,4.7,109.24,234,2.7
CUST_01908,39,74538.72,4944.76,50,3.0,104.7,1.4,294.33,55,7.4
CUST_01909,33,69823.22,17859.55,136,3.2,137.82,3.4,437.73,49,6.1
CUST_01910,55,158783.69,92442.63,315,4.6,292.76,5.4,1426.58,22,8.5
CUST_01911,29,89962.42,27728.17,177,3.9,155.87,3.7,624.51,51,8.4
CUST_01912,31,41351.48,449.19,11,0.4,41.63,2.3,16.28,71,6.6
CUST_01913,46,88247.98,2972.77,10,0.1,,7.4,33.48,149,3.5
CUST_01914,44,80860.32,6375.06,55,4.0,119.09,1.0,531.26,25,6.4
CUST_01915,33,52518.87,46987.78,370,4.7,123.55,6.6,593.28,31,7.0
CUST_01916,37,49062.62,521.55,9,0.5,56.57,1.3,33.43,20,4.5
CUST_01917,27,22516.53,1400.37,42,1.2,,3.3,35.36,96,7.7
CUST_01918,36,65239.98,46614.3,369,3.9,117.69,7.6,511.12,55,7.5
CUST_01919,31,73202.4,6622.11,64,1.2,101.36,5.4,102.19,55,6.6
CUST_01920,56,93221.16,10148.98,100,2.6,101.38,3.4,248.75,74,9.3
CUST_01921,31,30134.77,536.53,23,1.0,23.08,2.1,21.29,67,7.5
CUST_01922,27,160664.6,276745.17,712,6.4,381.65,8.2,2812.45,15,8.6
CUST_01923,35,69214.73,3535.5,28,3.4,133.73,0.7,420.89,24,6.2
CUST_01924,36,83768.17,7122.94,105,5.5,71.03,1.6,370.99,26,8.4
CUST_01925,39,42039.9,285.31,10,0.7,27.72,1.2,19.81,56,6.3
CUST_01926,36,96295.3,198867.21,588,7.1,324.89,7.8,2124.65,11,8.5
CUST_01927,18,76732.45,14759.9,104,1.8,135.86,4.7,261.7,33,10.0
CUST_01928,18,92536.72,5053.77,54,1.6,94.19,2.8,150.41,39,8.3
CUST_01929,58,93328.4,10695.41,87,4.3,121.74,1.8,495.16,25,7.0
CUST_01930,37,140927.31,87697.49,288,5.4,308.75,4.0,1827.03,5,8.7
CUST_01931,46,74050.58,20954.01,163,3.6,121.83,3.4,513.58,45,8.0
CUST_01932,36,69921.09,20441.7,144,3.8,143.63,3.5,486.71,29,7.0
CUST_01933,28,49571.18,2813.37,32,2.2,90.03,1.3,180.34,41,6.0
CUST_01934,38,84567.62,4694.21,67,2.7,70.4,2.0,195.59,20,8.7
CUST_01935,35,52196.44,549.23,19,1.5,,1.1,41.61,52,9.0
CUST_01936,21,47693.35,249.42,12,0.5,20.83,2.0,10.39,67,4.3
CUST_01937,34,43432.13,8556.9,77,1.7,108.2,4.1,173.92,14,8.5
CUST_01938,18,32736.44,693.83,30,1.0,23.04,2.7,21.41,21,6.8
CUST_01939,36,55924.23,13301.59,150,2.6,90.28,5.0,221.69,21,6.4
CUST_01940,37,148207.68,124681.16,490,4.7,259.54,8.6,1208.15,1,8.7
CUST_01941,39,144711.0,58585.1,183,6.0,325.37,2.5,1952.84,7,10.0
CUST_01942,28,65794.12,22761.05,177,3.5,136.56,4.5,421.5,49,5.6
CUST_01943,42,39085.68,345.42,30,1.1,11.21,2.5,11.51,59,4.5
CUST_01944,18,31096.98,1409.62,32,1.0,43.25,3.0,39.16,53,6.3
CUST_01945,28,42592.99,1069.43,36,1.0,28.38,2.8,31.83,71,6.1
CUST_01946,39,64862.05,9631.27,113,3.5,84.27,2.3,348.96,31,7.8
CUST_01947,43,54640.99,32090.67,258,5.2,130.27,4.0,668.56,30,8.6
CUST_01948,66,161583.91,60187.46,166,8.7,360.93,2.0,2507.81,6,6.9
CUST_01949,37,87038.7,23428.82,184,3.5,126.63,4.2,464.86,47,6.8
CUST_01950,50,55732.94,26305.04,184,4.0,139.85,3.5,626.31,41,6.8
CUST_01951,53,123265.84,147711.47,747,7.3,187.62,9.0,1367.7,22,7.7
CUST_01952,27,100915.32,9851.56,85,3.5,120.36,1.9,432.09,35,8.1
CUST_01953,26,100995.98,5506.94,81,3.1,66.85,2.0,229.46,50,9.3
CUST_01954,50,44077.77,645.2,19,0.9,34.13,1.6,33.6,34,5.4
CUST_01955,57,85926.35,540.49,2,0.1,250.91,2.0,22.52,82,2.6
CUST_01956,43,110676.02,9772.7,47,0.6,202.57,6.5,125.29,117,4.3
CUST_01957,18,83718.86,32505.37,375,5.5,,5.6,483.71,26,7.3
CUST_01958,37,84519.35,18162.41,163,2.8,107.06,4.4,343.99,48,5.8
CUST_01959,35,80320.85,2893.12,19,1.0,153.4,1.6,150.68,34,5.8
CUST_01960,39,33333.53,394.08,10,1.0,38.62,0.8,41.05,49,4.8
CUST_01961,34,158388.8,61358.18,217,5.9,286.07,3.0,1704.39,8,
CUST_01962,49,81314.96,31932.82,271,2.5,117.57,8.4,316.79,58,8.8
CUST_01963,18,34973.14,4918.91,102,2.1,46.45,3.8,107.87,55,4.5
CUST_01964,64,82931.12,8023.8,68,3.0,119.31,2.0,334.32,43,6.2
CUST_01965,30,47205.98,21638.23,192,2.9,123.99,5.4,333.92,56,7.4
CUST_01966,36,74908.82,20992.23,180,4.4,119.33,3.6,485.93,26,8.4
CUST_01967,57,106541.73,262131.52,845,8.2,297.0,8.6,2540.03,20,9.7
CUST_01968,25,61000.04,31022.62,233,2.5,127.1,6.8,380.18,20,8.6
CUST_01969,32,73241.69,14985.88,133,3.7,115.15,3.1,402.85,48,7.9
CUST_01970,47,156284.67,126483.44,528,6.7,251.58,6.9,1527.58,14,10.0
CUST_01971,43,222464.69,92182.01,302,7.1,309.58,3.6,2133.84,5,8.5
CUST_01972,45,43875.73,2918.68,18,1.1,32.15,1.3,38.17,18,5.7
CUST_01973,53,66979.58,20506.98,158,2.5,130.65,5.0,341.78,31,8.9
CUST_01974,34,63864.21,21448.84,196,2.6,116.38,6.1,293.02,26,8.2
CUST_01975,53,61882.08,22219.48,192,3.8,113.79,4.5,411.47,57,8.9
CUST_01976,38,131590.48,10226.66,50,0.6,198.39,7.1,120.03,93,3.5
CUST_01977,41,101921.01,3830.01,49,1.6,74.62,2.3,138.77,58,6.7
CUST_01978,54,72093.85,13046.2,93,5.2,149.53,1.7,639.52,32,8.3
CUST_01979,31,38500.7,522.86,15,0.3,33.7,4.1,10.63,65,6.2
CUST_01980,18,245546.52,105.56,3,0.4,34.99,0.6,14.66,112,9.0
CUST_01981,49,134045.05,213529.68,592,8.2,367.98,5.8,3067.96,13,8.0
CUST_01982,18,36418.38,248.46,7,0.3,37.34,2.0,10.35,50,5.8
CUST_01983,46,94389.15,15434.76,135,2.5,121.07,5.1,252.2,35,5.7
CUST_01984,42,99850.09,7801.49,72,1.6,110.91,3.6,180.59,16,8.1
CUST_01985,50,135727.25,103162.29,377,7.1,280.5,4.8,1791.01,12,8.1
CUST_01986,57,112580.43,175109.39,477,8.6,368.28,5.1,2861.26,1,8.3
CUST_01987,22,32160.63,332.48,11,0.2,28.94,4.6,6.02,112,5.7
CUST_01988,29,89531.53,13978.61,121,2.9,,3.6,323.58,25,6.1
CUST_01989,36,56835.05,18363.04,142,3.6,135.59,3.5,437.22,51,6.8
CUST_01990,34,38940.19,497.52,20,0.7,25.66,2.4,17.28,77,3.6
CUST_01991,27,20000.0,103.35,2,0.5,51.16,0.4,21.53,82,5.1
CUST_01992,52,162190.57,86291.92,330,4.7,267.53,5.2,1382.88,2,10.0
CUST_01993,36,77282.4,21577.41,166,3.0,130.44,4.5,399.58,49,8.2
CUST_01994,55,87932.09,59107.95,246,6.5,232.24,3.2,1539.27,9,8.2
CUST_01995,21,28206.88,758.23,13,0.6,57.21,1.7,37.17,109,3.2
CUST_01996,35,,655.36,19,0.6,35.07,2.7,20.23,46,5.3
CUST_01997,34,,1861.91,13,0.4,147.57,2.7,57.47,169,2.4
CUST_01998,47,167039.52,366060.99,337,3.0,229.95,8.7,786.13,26,8.3
CUST_01999,30,168205.84,143934.44,446,9.6,329.65,4.1,2925.5,45,9.1
CUST_02000,40,72836.1,8712.35,52,1.0,156.33,4.7,154.47,5,6.0
CUST_02001,35,82089.19,1122.15,8,3.2,,0.2,467.56,49,6.4
CUST_02002,34,62757.78,6232.19,75,2.2,83.32,2.8,185.48,41,7.3
CUST_02003,53,109708.32,8644.08,73,0.8,122.91,7.5,96.05,121,2.9
CUST_02004,37,61948.64,35755.45,309,5.2,115.58,5.1,584.24,36,8.1
CUST_02005,18,72427.03,13163.98,173,2.6,73.2,5.3,206.98,32,7.1
CUST_02006,20,51769.29,218.76,6,0.4,36.88,1.4,13.02,87,5.8
CUST_02007,43,58927.34,32465.82,239,3.8,141.43,6.2,436.37,40,8.1
CUST_02008,21,31068.72,1501.51,63,1.5,24.24,3.6,34.76,71,5.2
CUST_02009,38,147120.99,217967.88,826,8.4,260.83,7.8,2328.72,22,9.3
CUST_02010,33,52536.48,20125.37,322,3.7,61.63,6.6,254.11,53,7.9
CUST_02011,56,126034.86,141584.65,347,5.9,407.03,4.7,2510.37,2,7.7
CUST_02012,34,142890.52,122385.96,336,8.4,369.41,3.6,2833.01,21,8.6
CUST_02013,36,140068.63,18638.36,73,0.8,256.26,8.2,189.41,128,3.5
CUST_02014,55,163608.42,267675.26,870,11.4,311.98,5.8,3845.91,1,10.0
CUST_02015,49,87365.28,8665.3,122,3.5,70.74,2.7,267.45,49,6.3
CUST_02016,47,54760.43,20676.41,237,3.5,86.56,5.4,319.08,45,6.6
CUST_02017,46,67888.33,1060.18,11,2.2,97.09,0.4,220.87,55,8.2
CUST_02018,46,48229.08,451.14,14,0.8,33.06,1.4,26.85,48,3.4
CUST_02019,44,107860.86,193066.01,746,11.7,249.44,5.4,2979.41,25,9.0
CUST_02020,31,39766.18,354.54,20,1.0,17.57,1.7,17.38,42,3.6
CUST_02021,55,75006.44,18182.54,69,0.6,257.97,9.1,166.51,130,1.9
CUST_02022,33,87962.76,22756.76,330,3.7,70.53,7.3,259.78,20,5.6
CUST_02023,46,98900.79,1810.95,12,0.2,151.32,5.7,26.48,164,3.8
CUST_02024,33,151842.88,104300.38,285,3.0,374.54,7.4,1174.55,45,9.4
CUST_02025,30,84700.84,37098.18,266,4.0,133.79,5.3,583.3,43,7.3
CUST_02026,35,90154.86,10303.27,124,3.6,85.88,2.8,306.64,25,6.9
CUST_02027,21,41382.81,191.96,5,0.9,39.59,0.4,39.99,19,5.2
CUST_02028,50,114432.02,9017.66,44,0.7,204.53,5.6,134.19,160,3.5
CUST_02029,49,61864.23,6853.47,71,2.5,100.03,2.6,219.66,56,7.8
CUST_02030,18,313026.12,458.12,15,0.5,29.3,2.4,15.91,98,5.0
CUST_02031,54,171383.08,64838.02,257,5.7,263.43,4.0,,1,7.8
CUST_02032,47,82250.38,11818.09,92,3.4,129.38,2.0,492.42,20,7.4
CUST_02033,52,68326.65,235.65,2,1.0,119.32,0.2,98.19,36,7.4
CUST_02034,53,72452.03,7221.48,29,0.6,246.79,4.2,143.28,148,1.5
CUST_02035,42,72767.01,2729.76,22,1.2,127.14,1.6,142.17,25,7.4
CUST_02036,39,54796.07,7614.63,116,2.3,65.14,4.3,147.57,10,7.2
CUST_02037,60,141025.54,333848.29,1102,10.4,310.98,9.1,3057.22,11,9.9
CUST_02038,50,136471.49,126449.14,451,5.9,289.13,6.5,1621.14,5,9.9
CUST_02039,34,98284.65,13520.02,138,3.2,98.64,3.7,304.5,32,7.5
CUST_02040,37,65026.95,24901.4,147,5.0,169.93,2.8,741.11,27,8.1
CUST_02041,21,32385.37,477.85,11,1.3,43.81,0.7,56.89,81,7.0
CUST_02042,27,67133.73,15951.81,144,2.9,112.08,4.3,309.14,23,8.7
CUST_02043,49,90556.17,11644.29,117,2.1,95.61,4.7,206.46,24,6.9
CUST_02044,55,103180.98,63330.01,312,6.7,201.16,4.3,1227.33,22,9.0
CUST_02045,38,33220.85,200.66,4,0.3,49.8,1.2,13.93,65,6.1
CUST_02046,40,31180.75,172.17,4,0.9,41.7,0.4,35.87,58,7.7
CUST_02047,25,168001.42,92658.18,805,8.4,120.0,7.1,1087.54,4,10.0
CUST_02048,40,30063.6,2126.32,50,1.2,40.03,3.1,57.16,79,7.5
CUST_02049,45,85936.93,9471.96,80,3.8,124.68,1.9,415.44,51,5.9
CUST_02050,55,118020.9,142842.39,656,5.7,209.99,10.2,1167.01,2,8.5
CUST_02051,40,61543.82,8702.12,103,2.5,88.97,3.4,213.29,42,6.2
CUST_02052,28,51408.13,9290.19,110,4.5,84.62,2.6,297.76,24,7.4
CUST_02053,41,195703.86,566506.69,488,8.2,336.63,5.2,2583.79,3,9.6
CUST_02054,47,125391.29,7445.81,30,0.6,237.32,4.1,151.34,90,3.2
CUST_02055,18,46758.83,155.27,4,0.8,37.94,0.4,32.35,40,8.2
CUST_02056,23,32841.65,254.62,7,0.6,36.69,1.2,17.68,82,6.0
CUST_02057,28,71905.62,4334.95,45,4.4,94.82,1.0,361.25,28,5.1
CUST_02058,31,97234.83,24036.52,210,4.3,113.5,4.6,,5,7.3
CUST_02059,32,42165.11,526.19,14,0.6,36.81,2.0,21.92,56,6.5
CUST_02060,36,57147.92,12590.78,126,2.5,100.52,4.5,233.16,28,7.5
CUST_02061,31,140802.71,187962.17,800,7.7,239.95,7.7,2034.22,19,9.3
CUST_02062,28,87396.29,13797.56,198,2.4,74.54,7.7,149.32,37,8.2
CUST_02063,29,26574.35,917.78,28,1.1,33.12,1.9,40.25,80,7.3
CUST_02064,40,71580.78,10211.01,125,2.3,81.36,5.0,170.18,31,6.7
CUST_02065,36,185761.71,266128.74,961,6.8,285.5,9.8,2263.0,1,8.6
CUST_02066,28,33856.64,1438.23,31,1.1,46.5,2.2,54.48,114,6.9
CUST_02067,20,55742.07,8930.23,71,2.4,121.71,3.0,248.06,42,6.7
CUST_02068,52,93813.0,716.51,5,1.8,142.92,0.2,298.55,48,7.8
CUST_02069,45,137422.08,211362.1,603,7.9,,6.6,2668.71,8,8.9
CUST_02070,30,74586.3,17226.24,136,2.7,123.25,3.9,368.08,16,6.5
CUST_02071,37,20961.03,69.33,4,0.1,17.22,3.1,1.86,52,6.2
CUST_02072,53,72864.34,11555.84,137,3.8,83.87,3.1,310.64,37,5.9
CUST_02073,38,70052.46,9515.84,84,3.4,114.76,2.1,377.61,52,5.4
CUST_02074,29,28917.9,1654.51,39,1.2,44.09,3.0,45.96,47,7.0
CUST_02075,18,21117.51,232.18,5,0.9,46.1,0.5,38.7,15,7.5
CUST_02076,31,22457.82,1324.96,29,1.3,45.19,2.1,52.58,92,4.0
CUST_02077,33,58129.62,55449.97,290,3.8,195.41,6.6,700.13,27,6.4
CUST_02078,36,92675.36,12817.37,113,3.3,112.9,2.8,381.47,35,6.5
CUST_02079,46,101037.74,18996.04,62,0.8,298.03,6.0,263.83,122,2.7
CUST_02080,21,36496.81,943.88,19,1.0,51.24,1.4,56.18,15,6.4
CUST_02081,40,151510.56,148839.03,439,9.9,334.8,3.7,3352.23,3,9.3
CUST_02082,51,155038.4,84953.77,296,6.3,,4.3,1646.39,5,8.6
CUST_02083,34,79528.42,25132.55,218,2.5,112.06,7.3,286.9,50,8.2
CUST_02084,44,93631.93,11940.14,59,0.9,196.04,5.5,180.91,163,2.7
CUST_02085,46,74332.88,2506.63,50,2.2,50.04,1.7,122.87,22,8.1
CUST_02086,53,82283.38,23849.92,179,3.1,133.25,4.5,441.67,39,9.2
CUST_02087,44,173575.2,125326.71,792,9.0,159.31,7.2,1450.54,1,9.6
CUST_02088,29,20000.0,809.38,12,0.7,69.66,1.3,51.88,71,6.4
CUST_02089,18,34498.18,2049.65,68,1.9,29.79,3.1,55.1,19,4.8
CUST_02090,28,60570.34,17165.17,225,3.5,,5.1,280.48,56,9.3
CUST_02091,18,44421.18,200.74,10,0.5,20.54,1.8,9.29,53,5.1
CUST_02092,49,152212.94,1092.45,6,0.1,193.49,4.9,18.58,206,2.9
CUST_02093,45,74549.94,14237.43,173,4.8,80.96,3.6,329.57,19,6.2
CUST_02094,42,72801.48,18543.17,180,3.1,104.13,4.8,321.93,39,9.1
CUST_02095,24,58197.66,18034.71,227,5.2,77.85,3.6,417.47,34,6.2
CUST_02096,33,20000.0,475.16,13,1.4,38.11,0.8,49.5,46,5.7
CUST_02097,37,80412.12,407.63,5,2.2,81.35,0.2,169.85,44,7.2
CUST_02098,55,84437.12,17841.39,120,3.2,148.82,2.9,512.68,56,7.1
CUST_02099,20,20000.0,43.42,1,1.1,43.42,0.1,36.18,48,7.5
CUST_02100,35,63174.04,33623.23,296,4.2,108.45,5.6,500.35,42,7.9
CUST_02101,71,102117.55,6210.02,29,0.7,213.11,3.4,152.21,165,3.2
CUST_02102,18,75920.69,10225.45,110,2.9,98.05,2.9,293.83,34,7.5
CUST_02103,44,168870.38,139488.9,648,7.4,217.88,7.0,1660.58,4,10.0
CUST_02104,19,45284.0,421.56,20,0.7,22.15,2.1,16.73,68,7.7
CUST_02105,26,34352.31,777.75,39,1.0,19.13,3.2,20.25,67,7.8
CUST_02106,37,30877.66,7775.22,140,3.0,55.13,4.2,154.27,9,8.3
CUST_02107,22,27740.03,624.19,16,0.6,39.2,2.0,26.01,59,4.2
CUST_02108,42,114740.57,56268.62,38,0.5,306.87,6.1,152.56,192,4.2
CUST_02109,36,75302.18,14477.82,135,4.0,106.69,2.7,446.85,38,7.4
CUST_02110,47,169640.14,3533.61,14,0.3,244.7,4.5,65.44,133,2.9
CUST_02111,34,152288.95,197829.23,602,6.9,322.89,6.5,2536.27,6,7.1
CUST_02112,35,62488.76,15818.59,198,3.0,,5.1,258.47,12,8.0
CUST_02113,52,129673.79,283992.91,757,7.6,359.68,8.1,2921.74,3,7.9
CUST_02114,22,32590.25,728.54,15,1.0,46.44,1.6,37.94,55,6.3
CUST_02115,30,42483.96,638.76,19,0.9,33.51,1.8,29.57,60,4.8
CUST_02116,36,159394.13,109285.86,315,6.9,340.92,3.3,2759.74,25,7.8
CUST_02117,31,87409.71,2741.87,34,4.6,76.7,0.6,380.82,46,6.1
CUST_02118,30,41137.84,35034.48,280,3.8,129.01,6.8,429.34,27,
CUST_02119,52,109921.89,86885.43,298,5.0,287.44,5.2,1392.39,6,10.0
CUST_02120,23,38939.87,160.79,11,0.7,,1.4,9.57,79,7.5
CUST_02121,20,22638.17,416.32,8,0.2,52.63,3.0,11.56,42,4.4
CUST_02122,40,56427.91,3494.88,84,3.6,40.0,2.2,132.38,59,7.2
CUST_02123,33,82620.6,20420.14,75,0.7,279.34,8.2,207.52,129,3.6
CUST_02124,43,82429.01,19259.85,175,2.5,106.57,5.5,291.82,25,7.1
CUST_02125,55,68611.22,4586.02,24,0.2,194.63,8.4,45.5,215,3.6
CUST_02126,33,25554.99,351.45,11,1.3,30.93,0.7,41.84,52,7.1
CUST_02127,25,76038.53,12324.55,125,3.2,94.45,3.6,285.29,26,6.0
CUST_02128,49,123296.27,132258.64,628,7.1,216.49,7.4,,1,8.1
CUST_02129,18,38045.17,1470.82,44,1.6,32.8,2.5,49.03,17,6.9
CUST_02130,49,89130.02,29602.09,355,4.7,80.7,6.1,404.4,58,6.8
CUST_02131,52,146487.32,120187.28,482,9.8,252.63,3.6,2782.11,6,7.7
CUST_02132,55,127627.98,123322.7,350,10.8,346.44,2.9,3543.76,10,8.6
CUST_02133,33,73198.44,14047.57,112,5.8,130.09,1.5,780.42,16,6.3
CUST_02134,40,52583.65,4780.67,32,3.5,140.18,0.8,497.99,48,7.1
CUST_02135,27,35413.36,364.38,13,0.4,28.67,3.2,9.49,55,5.5
CUST_02136,29,34800.78,148.94,8,0.2,18.78,2.8,4.43,48,6.9
CUST_02137,38,138972.94,213744.73,574,8.1,373.87,5.8,3071.04,18,9.3
CUST_02138,32,36851.69,105.26,3,0.1,35.0,2.4,3.65,94,9.0
CUST_02139,32,150577.0,131943.85,655,11.6,198.77,4.4,2498.94,6,9.4
CUST_02140,33,32747.88,39.65,1,0.9,39.14,0.1,,58,3.4
CUST_02141,32,24858.88,1187.35,25,0.7,49.13,3.1,31.92,65,5.9
CUST_02142,53,59771.02,4008.22,59,3.8,70.58,1.5,222.68,23,5.5
CUST_02143,41,26978.6,210.42,6,0.4,33.37,1.2,14.61,61,6.9
CUST_02144,22,62986.17,31175.62,336,4.2,89.67,6.1,425.9,34,9.4
CUST_02145,23,43181.08,7926.98,96,3.1,85.93,2.5,264.23,49,7.4
CUST_02146,23,30688.1,490.71,15,1.2,32.33,1.1,37.17,35,7.1
CUST_02147,34,,34459.85,302,3.8,111.39,6.6,435.1,31,6.9
CUST_02148,34,67896.4,8570.99,88,3.1,91.72,2.4,297.6,38,7.2
CUST_02149,29,70697.69,6904.47,55,1.0,127.35,4.5,127.86,16,6.7
CUST_02150,18,39525.29,362.59,9,0.7,39.09,1.1,27.47,15,5.9
CUST_02151,45,74613.02,11669.41,106,3.2,107.74,2.8,347.3,46,8.6
CUST_02152,40,145788.2,127431.77,423,8.3,307.61,4.2,2528.41,8,8.6
CUST_02153,22,34702.26,466.28,15,1.0,31.41,1.2,32.38,46,4.9
CUST_02154,35,34226.0,581.14,18,1.0,,1.5,32.29,93,4.5
CUST_02155,43,104880.87,67300.21,205,4.1,324.78,4.8,1168.41,8,9.5
CUST_02156,36,75885.09,8099.51,89,1.8,95.43,4.6,146.73,36,5.4
CUST_02157,58,158910.36,274047.75,853,10.1,323.39,6.7,3408.55,3,9.3
CUST_02158,37,57098.5,6058.62,91,3.5,67.3,2.2,229.49,36,7.8
CUST_02159,49,51024.64,38458.71,335,4.9,122.3,5.9,543.2,19,6.8
CUST_02160,29,37163.71,894.04,24,1.0,36.91,2.0,37.25,71,5.2
CUST_02161,26,30391.8,3463.14,76,1.5,44.66,4.3,67.12,98,6.8
CUST_02162,40,49416.43,6543.47,90,2.9,76.01,3.0,181.76,12,7.7
CUST_02163,41,54489.05,11045.32,132,4.4,83.67,2.2,418.38,37,7.0
CUST_02164,35,28151.14,976.93,25,1.0,40.76,2.1,38.77,66,6.2
CUST_02165,64,110419.47,3593.2,28,1.0,127.86,2.3,130.19,37,8.4
CUST_02166,51,106289.29,13395.58,92,0.9,140.67,8.5,131.33,123,3.1
CUST_02167,39,68610.25,37097.63,233,4.2,161.68,4.3,718.95,43,6.3
CUST_02168,43,138116.19,272835.29,683,8.3,403.02,6.5,3497.89,1,8.6
CUST_02169,47,28088.6,668.67,16,0.6,39.3,2.3,24.23,118,
CUST_02170,42,81446.55,22762.17,139,2.9,167.5,4.3,441.13,54,7.5
CUST_02171,27,33784.34,1406.15,28,0.9,51.67,2.4,48.82,76,4.6
CUST_02172,33,164769.98,66437.99,262,6.8,253.62,3.2,1730.16,39,7.7
CUST_02173,37,167606.58,115848.88,612,8.4,176.5,5.8,1664.5,6,6.6
CUST_02174,24,24132.98,2791.53,93,1.8,29.79,4.7,49.5,96,6.6
CUST_02175,57,70391.93,36144.76,250,4.6,147.49,4.3,700.48,37,6.2
CUST_02176,22,20206.52,1308.55,31,1.0,41.47,2.9,37.6,64,4.3
CUST_02177,41,81078.77,6572.75,71,3.2,90.55,1.9,288.28,31,6.0
CUST_02178,34,96410.79,7356.85,79,2.5,91.46,2.6,235.8,32,9.2
CUST_02179,44,33852.64,83.09,3,0.2,27.06,1.2,5.77,15,6.8
CUST_02180,54,66371.53,5911.25,111,2.1,51.8,4.2,117.29,35,7.6
CUST_02181,58,102947.75,19633.24,165,4.1,119.45,3.0,545.37,35,7.2
CUST_02182,36,70471.13,44449.4,275,3.4,162.26,6.5,569.86,21,4.1
CUST_02183,40,119098.76,56541.82,276,10.1,199.82,2.5,1884.73,1,9.0
CUST_02184,29,38583.01,13967.24,197,2.9,76.51,6.2,187.73,39,7.4
CUST_02185,26,36188.25,216.13,9,1.2,26.04,0.6,30.02,49,6.6
CUST_02186,61,139887.04,4830.96,37,0.4,132.95,8.3,48.5,223,4.8
CUST_02187,23,42369.51,787.31,25,1.5,31.82,1.6,41.01,114,6.8
CUST_02188,47,31289.62,687.85,14,0.5,48.13,2.5,22.93,87,8.9
CUST_02189,34,40792.75,626.21,19,1.1,33.44,1.4,,67,6.0
CUST_02190,26,35503.56,632.52,12,0.7,50.92,1.5,35.14,69,6.3
CUST_02191,20,78351.87,28767.12,166,2.8,172.55,4.5,532.72,5,8.1
CUST_02192,55,116914.82,13858.84,56,0.7,253.41,6.4,180.45,127,3.6
CUST_02193,28,26249.85,519.73,25,0.7,20.03,2.9,14.93,51,4.8
CUST_02194,50,74297.9,25549.62,186,2.5,136.23,6.0,354.86,77,7.6
CUST_02195,53,157337.94,84596.19,295,8.7,298.39,2.7,2610.99,15,8.6
CUST_02196,44,52687.06,2823.0,49,3.0,56.32,1.3,180.96,38,7.1
CUST_02197,27,63723.86,6674.41,71,1.7,91.9,3.7,150.32,31,6.9
CUST_02198,27,45872.43,614.28,25,0.6,25.55,3.1,16.51,54,7.4
CUST_02199,18,73253.8,22520.45,161,4.4,139.43,2.9,647.14,12,8.5
CUST_02200,18,81184.15,32470.48,273,4.9,116.82,4.8,563.72,25,6.1
CUST_02201,64,142336.45,8456.8,32,0.5,278.17,5.0,140.95,194,3.0
CUST_02202,37,118967.66,142130.87,539,6.8,255.6,7.4,,42,9.4
CUST_02203,44,61936.28,37611.53,323,4.2,118.9,6.0,,31,8.1
CUST_02204,48,145964.6,193556.59,970,10.4,204.86,7.6,2122.33,4,8.7
CUST_02205,18,34310.94,94.62,3,1.3,31.81,0.2,39.42,38,6.7
CUST_02206,47,116443.68,54021.06,63,0.8,189.92,5.7,178.6,89,1.9
CUST_02207,43,62133.05,18094.31,125,2.0,140.55,5.8,259.98,28,8.6
CUST_02208,35,36540.04,1923.63,49,1.4,37.39,2.8,57.25,18,7.4
CUST_02209,34,110398.49,11590.54,90,2.8,132.33,2.4,402.45,46,7.7
CUST_02210,41,79475.73,316.62,1,0.0,313.17,4.5,5.86,113,2.8
CUST_02211,36,35041.77,407.26,13,0.8,30.7,1.3,26.11,58,6.3
CUST_02212,19,43643.53,659.44,19,0.7,34.21,2.1,26.17,94,6.9
CUST_02213,47,124988.25,241611.6,647,7.5,,6.6,3050.65,16,7.8
CUST_02214,47,98110.45,138318.94,126,0.8,212.48,12.0,187.35,154,4.3
CUST_02215,39,20000.0,719.51,32,0.9,22.27,2.8,21.41,87,8.7
CUST_02216,44,88506.43,10010.49,188,2.4,54.27,6.7,124.51,44,6.9
CUST_02217,18,34374.64,840.25,29,0.8,28.56,2.9,24.15,59,5.8
CUST_02218,18,69858.38,3813.92,60,3.9,63.17,1.1,288.93,50,6.7
CUST_02219,24,37355.64,364.32,13,1.0,29.21,1.0,30.36,51,6.3
CUST_02220,33,108391.57,148998.95,504,7.4,290.12,6.0,2069.43,1,9.0
CUST_02221,20,35422.5,1278.94,28,0.9,45.52,2.4,44.41,65,2.1
CUST_02222,26,332867.5,3600.74,59,1.0,64.7,4.4,68.2,45,6.6
CUST_02223,25,166484.76,156773.04,446,5.8,354.7,6.9,1893.39,45,8.4
CUST_02224,46,62937.93,9507.64,90,4.4,105.25,1.7,466.06,42,7.7
CUST_02225,51,101086.58,78350.55,348,6.9,230.11,4.3,1518.42,13,9.2
CUST_02226,51,79905.78,19638.32,146,2.7,133.26,4.2,389.65,53,9.0
CUST_02227,31,84278.06,31527.0,209,3.0,152.16,6.0,437.88,37,6.1
CUST_02228,29,50348.78,13828.09,116,3.0,115.65,3.4,338.92,55,7.2
CUST_02229,34,69007.42,1063.38,10,3.9,105.48,0.2,443.08,36,7.0
CUST_02230,39,52323.62,11621.87,99,2.6,111.05,3.5,276.71,19,7.7
CUST_02231,30,24636.17,838.3,26,0.7,33.7,3.1,22.53,84,7.2
CUST_02232,40,142787.12,224685.03,780,10.0,285.32,6.9,2713.59,4,9.2
CUST_02233,35,95803.8,15874.9,85,0.8,186.67,8.1,163.32,141,2.4
CUST_02234,18,29921.64,43.27,1,1.2,42.73,0.1,36.06,79,4.6
CUST_02235,18,35428.11,717.71,20,0.8,34.53,2.1,28.48,107,6.4
CUST_02236,61,91034.48,16511.42,135,2.1,127.8,6.6,208.48,28,5.4
CUST_02237,44,32650.46,173.81,6,0.7,28.45,0.7,20.69,47,5.5
CUST_02238,62,123342.07,293963.17,958,9.2,303.78,8.8,2783.74,8,9.0
CUST_02239,59,120417.91,48384.46,140,4.0,355.3,2.9,1390.36,5,7.4
CUST_02240,46,34645.77,7676.77,73,2.4,101.54,2.3,278.14,7,7.6
CUST_02241,18,44059.24,571.79,15,0.9,38.05,1.3,36.65,71,5.8
CUST_02242,40,148576.21,141915.99,475,6.0,305.58,6.4,1847.86,12,9.2
CUST_02243,55,67275.88,18838.01,188,3.7,98.93,4.5,348.85,49,6.8
CUST_02244,52,99733.77,7995.74,69,0.8,112.65,6.1,109.23,187,4.0
CUST_02245,24,34749.16,208.21,5,0.6,41.25,0.8,21.69,130,6.7
CUST_02246,27,83636.93,7243.9,73,1.5,100.52,4.5,134.15,32,7.3
CUST_02247,44,143694.17,71141.42,276,6.8,264.05,3.6,1646.79,4,8.5
CUST_02248,32,35664.31,2094.0,40,1.3,53.66,2.5,69.8,72,4.4
CUST_02249,34,56935.22,54763.1,413,5.2,129.51,6.6,691.45,47,7.5
CUST_02250,48,100063.64,105932.36,347,5.7,296.88,5.4,1634.76,1,9.0
CUST_02251,40,200000.0,164453.48,529,8.2,313.24,5.3,2585.75,7,8.8
CUST_02252,51,105929.49,3951.37,33,0.5,111.9,5.1,64.56,90,3.6
CUST_02253,45,37785.77,188.28,4,0.3,47.41,1.1,14.26,50,6.6
CUST_02254,33,38826.4,875.71,24,1.1,36.57,2.0,36.49,49,4.5
CUST_02255,18,33551.12,2173.32,54,1.2,40.73,3.8,47.66,46,7.1
CUST_02256,36,,4045.56,48,2.5,,1.7,198.31,12,6.2
CUST_02257,39,61316.98,534.7,9,4.3,59.48,0.2,222.79,43,7.2
CUST_02258,63,86954.36,12306.91,78,2.5,155.08,2.6,394.45,12,7.4
CUST_02259,36,66851.61,19064.7,155,3.4,123.72,4.1,387.49,37,7.7
CUST_02260,39,62108.6,8992.88,102,2.5,86.59,3.5,214.12,29,7.1
CUST_02261,30,42331.03,638.04,17,1.0,39.42,1.4,37.98,49,5.9
CUST_02262,50,74797.59,19908.58,120,2.5,169.07,3.9,425.4,25,5.4
CUST_02263,38,34081.46,898.18,15,0.7,60.46,1.6,46.78,73,6.5
CUST_02264,39,76050.74,11840.94,180,2.9,66.29,6.0,164.46,48,7.7
CUST_02265,39,79061.3,10623.0,106,3.2,106.05,2.8,316.16,26,8.5
CUST_02266,21,107413.23,9862.93,93,1.4,103.28,5.1,161.16,32,7.6
CUST_02267,26,72480.38,6881.0,86,2.5,83.7,3.3,173.76,48,5.3
CUST_02268,34,41380.08,917.56,18,0.9,51.96,1.7,44.98,47,5.0
CUST_02269,32,89479.88,17789.15,127,1.8,140.19,5.8,255.59,47,8.9
CUST_02270,42,71336.1,44983.36,239,3.9,177.35,5.6,669.4,49,7.4
CUST_02271,33,125477.07,70355.61,210,7.1,335.56,2.6,2254.99,11,8.8
CUST_02272,35,75464.36,19299.09,169,4.0,112.68,3.9,412.37,30,8.1
CUST_02273,39,39966.65,10495.28,96,2.7,114.42,2.9,301.59,35,5.1
CUST_02274,18,27377.12,475.54,26,1.3,,2.1,18.87,48,5.7
CUST_02275,37,106922.37,5541.37,25,0.3,226.38,7.4,62.4,154,1.8
CUST_02276,36,78849.99,29823.01,326,4.8,92.97,6.0,414.21,25,7.2
CUST_02277,24,44704.26,1130.75,24,0.9,45.72,2.1,44.87,68,6.2
CUST_02278,41,69830.43,8146.67,100,5.0,82.83,1.9,357.31,59,7.6
CUST_02279,30,80322.86,22837.96,318,4.9,70.53,4.9,388.4,32,8.7
CUST_02280,52,152150.44,101990.34,767,7.1,136.12,8.5,999.91,8,8.5
CUST_02281,52,85690.9,7863.18,88,1.3,90.11,5.2,126.01,26,6.3
CUST_02282,58,71823.48,17690.11,150,3.8,127.08,3.4,433.58,5,6.5
CUST_02283,21,78004.59,5276.79,111,3.2,47.64,3.0,146.58,30,8.4
CUST_02284,59,157971.59,101841.41,315,10.0,323.44,2.8,3030.99,4,9.4
CUST_02285,44,136580.2,224889.3,636,8.3,355.67,6.1,3072.26,44,10.0
CUST_02286,36,71773.3,26193.56,184,2.5,134.43,6.3,346.48,32,6.1
CUST_02287,48,120217.51,17733.89,91,0.9,195.26,9.0,164.2,115,2.8
CUST_02288,23,68739.21,5311.81,132,3.9,43.82,2.9,152.64,23,6.4
CUST_02289,52,55292.33,20282.0,149,3.1,141.29,3.9,,43,7.3
CUST_02290,39,93691.44,103195.49,557,8.6,185.51,6.0,1433.27,14,8.9
CUST_02291,32,68521.7,8054.33,58,1.7,139.2,3.1,216.51,5,6.3
CUST_02292,32,104152.27,12572.44,154,3.5,83.68,3.3,317.49,48,10.0
CUST_02293,43,299300.0,701.6,9,3.9,80.42,0.2,292.33,23,8.2
CUST_02294,32,70587.86,11961.53,161,2.5,71.33,4.8,207.67,41,8.0
CUST_02295,39,124321.73,137519.58,338,8.9,395.13,3.3,3472.72,7,8.6
CUST_02296,47,122701.73,201463.88,654,9.4,297.99,6.5,2582.87,7,9.5
CUST_02297,44,78244.15,12705.44,97,3.3,133.5,2.2,481.27,31,7.0
CUST_02298,40,132876.27,109165.75,410,7.5,260.78,4.0,2274.29,7,7.5
CUST_02299,62,153893.28,41644.92,376,6.2,120.0,5.3,654.79,18,8.1
CUST_02300,47,95045.18,15933.59,168,3.9,96.04,3.3,402.36,52,6.7
CUST_02301,37,42960.94,116.09,4,0.6,29.51,0.6,16.12,91,4.3
CUST_02302,41,82897.17,10788.13,208,4.5,52.26,3.8,236.58,44,7.0
CUST_02303,19,55783.53,39550.05,294,3.8,134.06,6.3,523.15,49,5.7
CUST_02304,40,88476.28,14128.16,155,4.6,91.62,2.8,420.48,36,7.6
CUST_02305,56,98669.8,7423.69,60,0.6,128.06,8.2,75.44,242,2.1
CUST_02306,61,69634.72,10881.45,125,3.6,89.04,2.9,312.69,6,7.1
CUST_02307,48,178444.25,85910.12,309,8.7,273.77,3.1,2309.41,26,10.0
CUST_02308,40,74234.14,11618.04,76,2.3,151.26,2.9,333.85,63,
CUST_02309,44,128753.34,106925.27,507,9.9,201.28,4.7,1895.84,6,9.2
CUST_02310,39,83264.87,6147.56,88,2.7,69.21,3.2,160.09,60,7.2
CUST_02311,32,95437.99,7319.28,79,2.3,88.69,2.9,210.32,22,6.0
CUST_02312,23,54319.61,79.09,2,0.3,41.34,0.6,10.98,63,6.7
CUST_02313,31,58972.3,13279.79,108,1.6,120.82,6.5,170.25,45,8.1
CUST_02314,26,25014.22,1729.23,30,0.7,56.36,3.8,37.92,74,5.2
CUST_02315,52,130317.64,2569.87,21,0.3,120.62,6.2,34.54,140,4.2
CUST_02316,34,157029.05,77810.29,578,9.0,139.65,5.6,1157.89,14,7.5
CUST_02317,25,69943.49,20173.87,179,4.2,111.64,3.2,525.36,23,5.7
CUST_02318,48,80992.67,22217.11,136,2.2,165.15,5.4,342.86,8,
CUST_02319,18,60145.03,32094.02,337,4.0,93.61,6.3,424.52,27,7.3
CUST_02320,44,90773.69,5606.14,49,1.6,114.71,2.7,173.03,28,5.8
CUST_02321,51,100311.5,3915.78,17,0.2,234.34,6.7,48.7,100,2.2
CUST_02322,27,48934.55,2468.12,42,1.3,55.0,2.9,70.92,155,5.9
CUST_02323,55,87189.53,34479.62,362,5.0,97.42,5.3,542.13,27,
CUST_02324,35,76777.51,22782.01,224,2.7,100.86,6.3,301.35,37,6.9
CUST_02325,18,30358.98,1300.6,53,1.5,24.14,2.8,38.71,36,5.8
CUST_02326,28,95210.66,4760.58,28,0.9,,2.2,180.32,234,
CUST_02327,23,26424.32,915.4,21,0.9,42.15,1.8,42.38,45,6.8
CUST_02328,47,131490.12,85783.81,362,7.1,230.99,4.1,1743.57,29,9.4
CUST_02329,48,87287.77,7872.26,79,2.0,104.96,3.7,177.3,27,8.1
CUST_02330,60,178840.84,147638.99,398,5.6,364.19,7.3,1685.38,16,9.2
CUST_02331,27,55545.72,10387.62,96,3.2,102.74,2.8,309.16,6,9.1
CUST_02332,42,,60656.6,249,3.0,249.3,8.0,631.84,2,9.1
CUST_02333,32,,10220.01,83,2.3,128.44,3.2,266.15,5,7.8
CUST_02334,42,20000.0,151.26,4,0.2,38.16,1.5,8.4,121,6.1
CUST_02335,42,69390.67,74467.1,261,7.2,285.59,3.3,1880.48,25,9.5
CUST_02336,42,72111.56,11403.41,113,2.5,100.82,3.9,243.66,26,8.2
CUST_02337,36,52534.29,2650.32,27,1.0,95.17,2.2,100.39,35,7.1
CUST_02338,61,80623.59,8438.79,87,1.6,99.06,4.5,156.27,27,6.3
CUST_02339,37,94796.93,84104.93,305,9.2,271.43,2.9,2416.81,23,8.3
CUST_02340,44,71971.25,1704.73,13,3.2,128.17,0.3,473.54,20,9.8
CUST_02341,38,41567.76,186.41,4,0.1,46.46,3.1,5.01,121,6.8
CUST_02342,42,112117.03,45463.21,181,4.8,255.97,3.1,1222.13,26,7.8
CUST_02343,41,106270.7,138701.6,669,6.2,214.78,7.5,1541.13,3,9.0
CUST_02344,37,93634.45,3083.52,53,4.3,60.99,0.9,285.51,40,8.4
CUST_02345,33,112716.73,4970.69,40,0.9,130.0,3.7,111.95,119,3.4
CUST_02346,37,35741.74,545.26,23,0.7,24.91,2.6,17.48,101,6.4
CUST_02347,25,21769.98,1998.47,54,1.4,35.39,3.5,47.58,48,5.5
CUST_02348,35,83543.05,4052.96,39,2.6,104.49,1.5,225.16,38,8.2
CUST_02349,41,98281.57,8723.06,101,4.7,81.38,1.7,427.6,29,7.6
CUST_02350,56,130158.64,68756.8,478,6.9,142.27,6.3,909.48,13,8.8
CUST_02351,22,52428.09,12338.42,102,4.3,126.81,1.9,541.16,26,7.2
CUST_02352,63,146976.24,224.86,1,0.0,224.86,6.6,2.84,202,3.5
CUST_02353,46,77355.98,3067.64,30,2.3,100.37,1.3,196.64,50,6.4
CUST_02354,34,37429.54,581.33,34,0.9,16.94,3.9,12.42,81,8.6
CUST_02355,37,28698.71,244.91,4,0.5,62.04,0.7,29.16,56,4.9
CUST_02356,43,132077.32,217555.9,604,5.5,350.84,8.6,2108.1,22,9.4
CUST_02357,48,105616.33,10584.86,39,0.7,280.26,4.2,210.02,113,2.2
CUST_02358,74,114959.95,212323.07,579,10.3,364.83,4.4,4021.27,6,6.6
CUST_02359,30,65176.49,18891.09,146,2.7,126.4,4.4,357.79,36,7.1
CUST_02360,29,119506.72,171039.19,491,6.1,,6.7,2127.35,9,10.0
CUST_02361,60,162235.03,170964.85,717,7.4,234.97,8.0,1780.88,13,7.9
CUST_02362,24,68737.06,12647.73,109,4.9,116.49,1.7,619.99,49,6.9
CUST_02363,24,52359.09,9601.67,76,3.5,125.6,1.9,421.13,44,5.6
CUST_02364,37,56609.07,14166.89,187,3.7,74.83,4.2,281.09,49,9.8
CUST_02365,48,69557.49,8207.9,95,3.0,87.18,2.9,,38,5.9
CUST_02366,26,145490.04,91993.96,435,6.4,203.04,5.5,1393.85,1,10.0
CUST_02367,52,99048.99,236304.35,567,8.9,413.61,5.3,3715.48,2,7.6
CUST_02368,18,79985.58,26364.06,220,3.7,117.89,4.1,535.85,34,6.5
CUST_02369,44,94948.25,4790.41,61,2.2,75.95,2.6,153.54,21,7.4
CUST_02370,18,38513.36,186.99,7,0.2,26.25,2.8,5.57,66,5.6
CUST_02371,35,33870.91,814.44,32,0.8,26.2,3.5,19.39,38,6.8
CUST_02372,30,40069.73,74.54,3,0.1,24.32,2.7,2.3,39,4.7
CUST_02373,25,42993.2,1233.58,35,0.8,34.98,3.4,30.23,47,5.9
CUST_02374,40,84097.13,5882.16,57,1.0,105.42,4.9,100.04,55,6.7
CUST_02375,41,32548.39,256.59,10,0.4,24.81,2.2,9.72,83,6.9
CUST_02376,38,53587.14,27995.34,178,4.5,162.29,3.6,648.04,30,
CUST_02377,48,67860.55,18065.53,220,3.5,83.5,5.2,289.51,35,8.6
CUST_02378,28,26721.56,33.08,1,0.6,33.08,0.1,27.57,85,4.3
CUST_02379,56,51942.72,48777.09,444,4.9,114.23,7.7,527.89,10,7.1
CUST_02380,26,24805.7,441.06,15,0.6,29.42,2.3,15.98,59,5.1
CUST_02381,50,30714.28,1283.07,31,1.0,42.23,2.5,42.77,75,6.9
CUST_02382,32,36799.17,517.63,19,0.8,27.06,2.1,20.54,63,6.1
CUST_02383,52,108966.27,6136.43,32,0.5,182.32,5.5,92.98,174,2.9
CUST_02384,40,87012.05,12306.48,111,3.8,111.0,2.2,,65,7.0
CUST_02385,46,72230.3,4566.62,33,2.7,136.41,1.0,380.55,28,4.8
CUST_02386,37,55614.96,30058.6,226,4.8,133.08,3.7,677.0,58,6.6
CUST_02387,36,56333.46,4137.65,59,2.3,70.8,2.3,149.91,55,
CUST_02388,54,90690.88,7220.74,113,2.1,62.53,4.4,136.76,26,7.9
CUST_02389,30,26652.0,2331.47,68,1.6,35.28,3.4,57.14,67,3.8
CUST_02390,25,39083.52,679.21,19,0.7,34.71,2.4,23.58,53,5.4
CUST_02391,43,42486.94,12974.89,143,3.5,92.89,3.4,318.01,27,6.7
CUST_02392,40,140147.09,73721.74,222,3.3,319.17,5.8,1059.22,14,7.0
CUST_02393,33,76402.89,6056.13,106,2.7,57.77,3.2,157.71,24,6.9
CUST_02394,40,127473.53,142167.22,452,10.8,322.51,3.9,3037.76,2,9.7
CUST_02395,46,38331.17,1675.38,62,1.6,26.94,3.5,39.89,88,3.8
CUST_02396,43,70930.23,32331.96,267,4.4,127.09,5.7,472.69,39,7.8
CUST_02397,45,138470.11,254870.14,970,10.6,271.5,8.4,2528.47,3,9.0
CUST_02398,61,142178.66,272199.8,652,5.9,411.63,9.7,2338.49,20,8.0
CUST_02399,44,58241.9,16304.47,172,4.6,91.56,3.0,452.9,50,5.7
CUST_02400,23,100520.77,16897.07,114,2.7,150.88,3.5,402.31,53,8.2
CUST_02401,31,67696.24,18986.29,193,3.9,94.75,4.1,385.9,37,7.5
CUST_02402,57,158861.65,43412.3,196,7.1,224.27,2.5,1447.08,20,8.3
CUST_02403,36,54315.3,20373.56,186,3.3,108.94,4.7,361.23,39,5.6
CUST_02404,54,64205.27,19619.25,152,4.1,128.34,2.8,583.91,64,6.1
CUST_02405,20,25433.05,682.49,22,0.8,29.66,2.2,25.85,63,4.5
CUST_02406,56,61511.52,1991.63,32,1.0,60.63,2.5,66.39,26,6.9
CUST_02407,46,49565.94,24348.87,188,3.8,130.31,4.3,471.88,50,5.9
CUST_02408,44,98477.41,44405.57,353,5.1,117.23,6.0,616.74,26,4.4
CUST_02409,34,93441.18,4531.88,20,0.3,226.98,5.2,72.63,168,3.2
CUST_02410,47,64955.47,12314.24,122,2.0,100.89,5.5,186.58,39,5.1
CUST_02411,24,40693.99,110.49,4,0.2,27.35,1.5,6.14,31,6.4
CUST_02412,46,100963.49,45366.52,163,6.1,281.88,2.2,1718.43,20,8.2
CUST_02413,32,80581.16,29943.39,220,3.5,130.68,5.4,462.09,32,7.1
CUST_02414,46,121171.98,202461.02,507,10.3,400.48,4.4,3834.49,5,9.3
CUST_02415,39,70587.41,4322.29,79,2.4,53.67,2.9,124.2,59,7.2
CUST_02416,30,82424.62,6811.98,43,0.6,172.62,6.7,84.73,111,2.5
CUST_02417,18,64865.1,15110.23,156,4.7,96.48,2.7,466.37,38,9.0
CUST_02418,34,124382.73,62009.59,237,4.2,264.31,4.4,1174.42,16,9.8
CUST_02419,34,156298.34,70493.48,220,3.3,319.74,5.8,1012.84,7,10.0
CUST_02420,36,27789.51,10193.02,89,1.0,118.65,6.1,139.25,47,7.9
CUST_02421,60,165428.17,192112.14,757,7.3,255.18,9.2,1740.15,1,8.9
CUST_02422,44,173556.34,69409.73,303,5.6,227.82,4.8,1205.03,3,9.9
CUST_02423,34,20000.0,33.49,1,0.1,33.49,1.0,2.79,58,5.2
CUST_02424,52,78195.81,47415.75,368,3.7,126.58,7.9,500.17,39,6.9
CUST_02425,30,68475.25,16166.1,125,3.1,129.08,3.2,420.99,39,6.6
CUST_02426,39,109934.12,3925.62,21,0.4,183.43,4.0,81.78,269,
CUST_02427,37,126110.58,132160.95,485,9.5,264.74,4.6,2394.22,12,9.5
CUST_02428,45,87157.88,15039.47,66,0.7,220.87,7.6,164.91,238,3.2
CUST_02429,34,66002.74,3062.84,29,3.9,106.84,0.7,364.62,42,9.2
CUST_02430,26,20000.0,981.31,34,1.0,29.21,2.6,31.45,74,6.8
CUST_02431,26,67480.02,23595.6,201,2.5,112.0,6.2,317.15,5,5.6
CUST_02432,31,44823.9,162.84,5,0.9,33.49,0.4,33.92,88,4.2
CUST_02433,52,90618.8,7601.96,39,0.5,197.41,6.5,97.46,181,3.3
CUST_02434,36,66653.75,12710.73,159,3.4,80.33,3.6,294.23,29,6.0
CUST_02435,47,91968.69,10536.73,66,0.7,163.86,7.7,114.03,159,4.0
CUST_02436,35,61076.74,11278.6,82,4.1,137.08,1.5,626.59,31,8.0
CUST_02437,18,91913.32,12900.86,124,3.3,100.38,3.2,335.96,55,6.0
CUST_02438,55,77944.06,10403.71,156,2.9,70.75,4.6,188.47,48,7.5
CUST_02439,54,69093.36,25374.21,154,4.6,167.36,2.7,783.15,35,6.4
CUST_02440,53,133649.49,189840.67,506,7.0,373.84,6.7,2361.2,16,8.4
CUST_02441,29,87694.93,6016.33,67,3.8,85.77,1.5,334.24,34,5.5
CUST_02442,47,69749.4,19350.79,161,3.0,125.83,4.5,358.35,34,8.0
CUST_02443,35,36569.94,206.35,7,0.7,28.73,0.9,19.11,100,6.8
CUST_02444,30,30502.8,717.91,12,0.9,60.12,1.1,54.39,65,7.4
CUST_02445,41,80438.61,8292.97,97,3.0,85.08,2.6,265.8,39,6.9
CUST_02446,42,57221.85,22124.5,187,3.4,114.11,4.3,428.77,40,6.9
CUST_02447,75,79026.69,14286.06,152,3.9,,3.7,321.76,26,8.1
CUST_02448,53,169793.78,72775.21,243,7.2,299.78,2.6,2332.54,2,9.4
CUST_02449,55,161864.69,156554.44,410,8.2,380.3,5.0,2609.24,6,9.8
CUST_02450,49,71055.45,22854.66,204,5.4,111.36,3.4,560.16,33,6.3
CUST_02451,35,46757.34,39543.24,276,4.5,148.11,4.4,748.92,24,4.7
CUST_02452,51,134011.54,2747.72,12,0.4,227.87,2.5,91.59,122,1.1
CUST_02453,29,63463.72,1427.94,9,4.3,156.62,0.2,594.97,35,8.0
CUST_02454,20,69876.33,3654.11,96,3.6,40.0,2.5,121.8,30,7.9
CUST_02455,40,83743.6,3813.61,26,1.0,142.97,2.4,132.42,46,8.9
CUST_02456,45,150405.98,135492.95,430,3.8,306.68,10.2,1106.97,12,9.9
CUST_02457,38,76889.45,29702.37,184,2.3,160.21,6.2,399.23,31,8.9
CUST_02458,37,77064.09,11245.82,115,2.7,101.9,3.4,275.63,55,4.7
CUST_02459,23,61117.92,14195.74,98,4.7,147.73,1.6,739.36,43,6.5
CUST_02460,54,48178.05,19287.79,203,2.5,102.14,7.4,217.2,28,6.0
CUST_02461,69,122355.68,1950.3,9,0.1,219.05,8.7,18.68,183,3.5
CUST_02462,18,43604.0,199.01,13,0.5,15.74,2.1,7.9,80,9.0
CUST_02463,25,74556.71,11925.64,125,1.9,95.6,5.5,180.69,22,8.3
CUST_02464,53,74385.54,5911.09,63,2.8,91.09,2.0,246.3,20,7.1
CUST_02465,44,79353.86,15889.39,150,3.3,107.55,3.5,378.32,15,7.4
CUST_02466,30,51789.85,17149.28,145,2.6,116.83,4.2,340.26,47,6.2
CUST_02467,39,44843.66,14618.29,155,1.8,94.56,6.3,,55,6.9
CUST_02468,33,157826.83,113869.59,471,6.2,248.5,6.9,1375.24,30,8.5
CUST_02469,44,71458.26,4274.03,69,2.5,59.43,2.1,169.6,18,7.9
CUST_02470,52,62843.61,7876.86,53,4.3,145.02,1.0,656.4,45,5.6
CUST_02471,44,80273.68,16746.92,198,3.4,87.49,5.1,273.64,28,8.5
CUST_02472,52,76222.75,30597.56,103,0.8,293.12,9.8,260.18,211,2.1
CUST_02473,51,118276.87,736.89,3,0.1,247.17,3.0,20.47,197,6.0
CUST_02474,27,21536.44,853.68,25,1.2,33.63,1.8,39.52,67,5.0
CUST_02475,52,83169.23,5934.99,69,2.7,89.62,2.0,247.29,7,6.4
CUST_02476,18,42468.64,1161.08,29,0.8,40.46,3.2,30.24,91,6.8
CUST_02477,65,146485.31,220855.85,801,7.7,272.83,8.4,,17,8.4
CUST_02478,34,27535.78,148.2,4,0.5,,0.7,17.64,35,5.2
CUST_02479,54,114271.76,123593.76,416,7.6,294.81,4.5,2288.77,15,8.4
CUST_02480,28,45837.97,677.54,22,1.0,31.11,1.8,31.37,55,5.0
CUST_02481,46,77643.29,10988.39,67,3.8,163.79,1.6,572.31,25,6.4
CUST_02482,30,46025.88,756.74,29,1.6,25.32,1.5,42.04,69,3.6
CUST_02483,37,100305.18,12868.43,68,0.9,175.03,6.6,162.48,178,1.6
CUST_02484,55,172759.56,222606.18,809,9.6,274.52,7.6,2440.86,25,9.0
CUST_02485,39,65690.71,14634.83,112,3.3,131.41,3.1,393.41,41,7.0
CUST_02486,48,114536.2,165.18,1,0.0,156.13,7.5,1.84,209,3.1
CUST_02487,32,68047.51,10318.14,130,3.8,76.76,3.0,286.62,35,7.5
CUST_02488,33,36782.91,646.83,23,0.7,26.7,2.6,20.73,126,5.4
CUST_02489,35,82167.6,14913.23,185,2.7,80.04,6.4,194.18,16,9.0
CUST_02490,25,71586.66,3837.25,37,1.8,101.23,1.7,188.1,20,6.4
CUST_02491,62,78373.44,27531.16,257,4.0,106.97,5.2,441.2,28,7.5
CUST_02492,40,63467.92,12604.52,120,2.5,104.86,3.7,283.89,29,5.8
CUST_02493,18,27487.49,1851.21,39,0.8,47.31,4.2,36.73,15,4.5
CUST_02494,21,68965.5,57822.26,355,3.7,160.87,7.9,609.94,31,8.7
CUST_02495,62,70359.46,5249.65,52,1.9,100.73,2.5,174.99,36,9.4
CUST_02496,22,72894.93,745.87,6,2.8,119.34,0.2,310.78,42,7.8
CUST_02497,42,80706.33,5428.23,98,2.2,54.45,3.6,125.65,26,7.1
CUST_02498,42,34195.19,979.16,28,1.1,34.76,1.8,45.33,85,8.4
CUST_02499,72,107134.89,17295.8,85,1.0,202.5,6.7,215.12,190,1.8
CUST_02500,34,89341.72,4585.73,74,3.1,62.77,2.2,173.7,65,8.6
CUST_02501,31,39060.1,1260.18,41,1.5,31.77,2.5,42.01,83,7.2
CUST_02502,42,20000.0,327.96,8,0.5,39.8,1.3,21.02,15,3.1
CUST_02503,64,81265.34,19909.52,169,3.6,114.39,3.7,448.41,49,6.5
CUST_02504,50,110003.27,7259.43,40,0.9,187.72,3.7,163.5,205,3.3
CUST_02505,57,56379.31,4521.82,41,2.3,114.0,1.5,251.21,58,9.0
CUST_02506,25,146242.68,20199.6,57,9.1,347.09,0.5,3366.6,35,
CUST_02507,27,29785.45,206.94,5,0.2,41.79,2.1,8.21,62,6.9
CUST_02508,34,81033.43,21178.55,181,3.1,120.59,4.5,392.2,14,8.7
CUST_02509,24,33573.47,274.71,5,0.6,57.72,0.7,32.7,68,5.4
CUST_02510,26,35015.83,1320.57,33,1.0,40.58,2.9,37.95,41,5.4
CUST_02511,46,139220.23,111867.91,364,6.5,306.13,4.7,1983.47,21,7.6
CUST_02512,42,39253.59,553.31,28,0.9,19.93,2.0,23.05,40,6.2
CUST_02513,31,68734.3,7540.64,97,2.5,80.96,3.3,190.42,10,7.0
CUST_02514,45,47345.49,12149.45,154,3.5,80.31,3.5,289.27,56,6.8
CUST_02515,36,69580.96,1322.95,16,4.2,81.33,0.3,367.49,31,7.9
CUST_02516,64,81241.49,13434.54,55,0.9,233.19,5.0,223.91,190,1.9
CUST_02517,41,135804.11,46197.88,185,4.2,249.37,3.8,1013.11,20,10.0
CUST_02518,31,72248.88,23322.93,200,3.4,113.11,5.2,373.76,22,6.2
CUST_02519,39,43566.74,1993.4,45,1.2,43.36,3.2,51.91,75,6.0
CUST_02520,35,228480.03,945.45,42,1.3,22.91,2.7,29.18,92,5.7
CUST_02521,44,45163.73,160.49,10,0.9,15.61,0.8,16.72,55,6.3
CUST_02522,53,141730.9,152204.31,528,6.1,278.86,6.4,1981.83,19,8.3
CUST_02523,22,75830.32,33405.24,220,3.2,154.08,5.0,556.75,46,6.0
CUST_02524,31,75393.39,1143.61,20,3.5,57.15,0.5,190.6,50,8.2
CUST_02525,35,29592.97,503.91,20,0.7,25.63,2.2,19.09,56,6.7
CUST_02526,38,93760.65,13900.1,234,3.9,61.73,4.9,236.4,30,6.0
CUST_02527,35,61600.86,16905.77,132,4.3,124.26,2.8,503.15,50,5.4
CUST_02528,48,126267.51,201.68,1,0.0,192.43,9.3,1.81,206,3.0
CUST_02529,35,101250.02,48956.78,173,4.1,283.51,3.6,1133.26,10,9.6
CUST_02530,47,75994.44,12846.82,52,0.7,251.08,6.3,169.93,76,3.3
CUST_02531,25,46977.57,87.56,2,0.1,42.42,2.1,3.47,16,6.4
CUST_02532,55,45882.77,993.06,18,0.6,53.29,2.3,35.98,80,5.5
CUST_02533,31,58398.92,17704.03,158,2.8,115.04,4.2,351.27,48,6.7
CUST_02534,51,170558.23,202506.12,663,8.9,304.16,6.3,2678.65,14,
CUST_02535,18,48564.88,902.86,25,1.1,34.09,1.7,44.26,47,6.4
CUST_02536,40,38784.06,1933.47,35,2.2,52.38,1.3,123.94,88,5.3
CUST_02537,23,32761.29,416.19,17,0.5,25.18,3.3,10.51,78,6.2
CUST_02538,37,112719.91,131422.44,692,8.2,198.19,8.4,1303.79,1,8.2
CUST_02539,46,39877.69,473.17,12,0.9,39.02,1.1,35.85,62,5.4
CUST_02540,42,39227.23,3158.06,78,1.4,39.64,4.7,55.99,100,6.3
CUST_02541,54,32480.45,648.88,19,0.7,33.43,2.5,21.63,56,7.4
CUST_02542,32,20000.0,432.19,13,0.5,32.71,2.1,17.15,93,4.1
CUST_02543,18,21716.23,75.56,4,0.2,18.73,1.5,4.2,59,6.2
CUST_02544,27,77416.58,12833.18,165,3.7,78.78,3.7,289.04,64,5.9
CUST_02545,38,152874.36,155918.16,608,9.2,261.41,5.7,2279.51,1,8.6
CUST_02546,44,61600.05,1426.3,10,4.2,139.27,0.2,594.29,72,4.8
CUST_02547,52,90782.95,181294.32,831,8.5,222.88,9.0,1678.65,17,9.5
CUST_02548,41,64443.29,1323.36,11,4.3,126.64,0.2,551.4,15,6.8
CUST_02549,50,73979.1,1497.92,9,2.0,165.72,0.4,312.07,35,8.4
CUST_02550,63,128528.61,65101.77,265,3.6,243.58,6.2,875.02,32,9.3
CUST_02551,51,55519.56,30855.77,209,4.0,139.58,4.5,571.4,13,7.5
CUST_02552,62,137521.99,175170.36,801,9.1,218.47,6.5,2245.77,29,8.9
CUST_02553,21,26308.4,2269.74,53,1.6,44.6,3.1,61.01,60,7.4
CUST_02554,38,128167.37,3607.8,18,0.3,193.36,4.7,63.97,155,4.3
CUST_02555,31,124889.68,115518.09,651,8.6,177.71,5.9,1631.61,4,10.0
CUST_02556,40,102430.74,17295.87,79,1.0,219.99,7.0,205.9,168,3.4
CUST_02557,20,50298.14,10223.92,106,4.2,99.94,2.0,426.0,27,6.6
CUST_02558,36,298073.79,10233.25,91,2.4,110.76,3.2,266.49,61,6.6
CUST_02559,33,127475.22,225723.86,660,8.9,340.41,5.8,3243.16,5,7.9
CUST_02560,33,64252.22,8589.46,102,3.4,84.01,2.7,265.11,24,7.9
CUST_02561,19,39385.82,1845.7,44,1.2,40.8,3.0,51.27,19,4.2
CUST_02562,18,31972.98,370.71,10,0.4,35.93,2.0,15.45,82,4.5
CUST_02563,36,169523.99,132374.42,370,8.2,354.36,3.6,3064.22,4,8.1
CUST_02564,41,144675.5,153972.52,547,8.4,277.01,6.7,1915.08,20,9.3
CUST_02565,28,51509.88,23036.29,138,3.6,165.21,3.4,,36,6.9
CUST_02566,26,77555.74,10961.9,93,1.4,112.24,5.3,172.36,19,5.7
CUST_02567,58,85309.45,9676.94,99,3.0,100.48,2.4,336.0,18,6.6
CUST_02568,47,63512.89,10446.44,145,2.6,74.47,4.3,202.45,52,4.9
CUST_02569,47,42983.55,615.27,19,0.7,33.58,2.2,23.31,70,6.0
CUST_02570,37,106491.2,9808.7,30,0.4,321.96,6.6,123.85,153,1.1
CUST_02571,25,82552.92,8929.26,59,2.2,151.86,2.2,338.23,37,
CUST_02572,28,118647.45,10207.95,68,0.9,155.27,6.0,141.78,143,3.6
CUST_02573,53,75877.04,13606.25,136,4.5,100.63,2.2,515.39,37,8.0
CUST_02574,56,77533.28,35799.38,283,3.1,118.81,8.2,363.81,25,7.6
CUST_02575,41,87685.54,16091.9,135,2.7,117.69,4.3,311.86,24,7.8
CUST_02576,31,51029.97,4129.71,42,2.0,94.16,1.5,229.43,22,7.2
CUST_02577,43,116356.01,8367.37,32,0.4,272.12,6.8,102.54,118,4.4
CUST_02578,39,66084.1,20465.26,261,3.8,77.73,5.5,310.08,40,7.6
CUST_02579,50,80780.39,15269.26,145,2.8,103.71,4.7,270.73,31,5.4
CUST_02580,53,55212.57,14173.0,135,2.9,102.85,4.0,295.27,45,6.3
CUST_02581,49,151653.04,160607.63,447,9.3,362.05,3.9,3431.79,7,9.8
CUST_02582,37,40204.89,789.15,19,0.5,40.34,3.2,20.55,74,5.3
CUST_02583,43,90475.41,8837.26,102,3.1,85.38,2.7,272.75,8,8.1
CUST_02584,37,72713.69,8883.22,62,3.0,142.9,1.7,435.45,35,7.2
CUST_02585,40,53454.27,8479.65,105,1.9,81.81,4.6,153.62,19,7.0
CUST_02586,33,71981.62,11610.32,90,4.2,,1.9,509.22,32,6.7
CUST_02587,39,132246.38,60320.64,193,5.6,331.61,2.7,1861.75,7,9.1
CUST_02588,23,38512.47,951.47,22,0.9,44.14,2.0,39.64,18,7.4
CUST_02589,18,89038.74,28544.86,181,3.7,158.44,4.3,553.19,52,8.1
CUST_02590,27,32114.29,1508.35,37,1.1,41.61,3.0,41.9,63,5.3
CUST_02591,18,40148.46,262.69,16,0.8,16.25,1.8,12.16,67,4.0
CUST_02592,25,41341.62,750.07,25,0.9,29.28,2.1,29.76,51,7.9
CUST_02593,47,65068.53,15052.04,127,3.4,123.14,3.3,380.1,34,5.3
CUST_02594,37,70612.65,62147.27,473,5.9,129.26,7.2,719.3,24,7.9
CUST_02595,28,126682.97,43303.52,209,8.6,207.36,2.2,1640.28,6,7.6
CUST_02596,28,21185.31,1616.4,43,1.1,39.64,3.9,34.54,101,
CUST_02597,40,73975.88,18299.55,172,2.7,103.57,4.5,338.88,47,7.5
CUST_02598,36,50992.16,25376.15,187,2.5,139.62,6.2,341.08,37,5.8
CUST_02599,53,75818.11,27822.35,197,3.0,131.12,5.9,392.97,8,6.6
CUST_02600,32,130630.4,161766.79,471,6.3,331.83,6.4,2106.34,1,9.1
CUST_02601,32,84287.07,4158.91,28,2.2,149.17,1.2,288.81,5,6.5
CUST_02602,43,148825.2,100765.32,285,5.2,353.58,4.5,1866.02,30,9.7
CUST_02603,26,40156.26,1277.4,38,0.8,35.08,4.0,26.61,80,7.0
CUST_02604,36,67419.39,478.9,6,2.4,75.82,0.2,199.54,45,6.9
CUST_02605,42,139773.59,159040.2,456,10.6,357.89,3.8,3487.72,7,10.0
CUST_02606,29,96296.09,27861.62,288,4.4,96.62,5.3,438.08,28,6.2
CUST_02607,52,99087.28,208972.59,675,10.8,315.67,5.2,,4,9.9
CUST_02608,42,76134.95,6733.58,67,2.4,99.13,2.5,224.45,12,7.5
CUST_02609,30,27532.63,2452.36,53,1.1,46.3,3.9,52.4,52,5.8
CUST_02610,51,143819.56,180348.15,736,7.1,249.73,8.7,1727.47,1,7.6
CUST_02611,38,25805.77,1154.62,28,0.8,40.67,2.7,35.64,53,6.1
CUST_02612,49,131228.4,64379.59,203,8.2,303.45,2.0,2682.48,5,7.5
CUST_02613,39,54967.23,20713.83,176,2.5,117.52,6.1,282.98,22,5.0
CUST_02614,18,31412.08,1482.88,40,1.0,39.68,3.1,39.86,15,7.5
CUST_02615,40,70208.73,43442.16,297,4.4,144.64,5.5,658.21,31,6.1
CUST_02616,54,105873.64,169961.62,822,7.6,216.35,9.4,1506.75,4,8.5
CUST_02617,18,78336.34,5006.38,51,2.8,102.37,1.4,298.0,7,5.3
CUST_02618,44,,6511.62,119,3.3,57.25,2.8,193.8,28,7.1
CUST_02619,47,27637.67,721.7,29,0.9,24.37,2.9,20.74,49,6.9
CUST_02620,47,64195.81,10214.1,102,2.2,104.7,4.1,207.6,28,8.2
CUST_02621,34,29591.46,519.79,14,0.9,36.06,1.3,33.32,58,5.3
CUST_02622,43,31384.64,1511.42,53,1.9,27.84,2.4,52.48,69,6.1
CUST_02623,37,72616.6,4276.74,80,3.6,54.88,1.9,187.58,61,9.1
CUST_02624,44,128138.54,5354.37,30,0.5,175.95,5.4,82.63,196,2.5
CUST_02625,47,71369.34,8334.1,72,1.7,111.8,3.5,198.43,17,7.3
CUST_02626,69,74429.82,3259.62,21,0.3,157.98,5.7,47.66,124,
CUST_02627,62,113841.38,94791.5,382,5.7,239.3,6.3,1253.86,9,7.0
CUST_02628,25,33927.61,910.52,17,0.7,53.29,2.1,36.13,27,4.3
CUST_02629,43,54575.29,3761.69,49,3.3,78.39,1.3,241.13,33,6.4
CUST_02630,27,40465.42,10002.18,93,2.0,104.95,3.8,219.35,27,7.0
CUST_02631,36,74904.42,6460.28,121,4.4,54.58,2.2,244.71,31,8.1
CUST_02632,34,27201.32,282.41,6,0.5,45.19,1.0,23.53,46,6.1
CUST_02633,47,199209.84,77824.87,419,5.9,192.39,6.1,1063.18,5,8.6
CUST_02634,36,139565.48,201049.84,578,8.1,334.69,5.7,2939.33,3,7.3
CUST_02635,39,42651.97,30.17,1,1.0,29.97,0.1,25.14,29,5.3
CUST_02636,20,42366.0,419.11,14,0.4,29.31,2.6,13.43,55,5.7
CUST_02637,59,120197.21,3357.13,28,0.4,121.33,6.1,45.86,218,2.7
CUST_02638,45,36568.87,1095.37,52,1.1,20.82,4.4,20.75,49,5.6
CUST_02639,38,96704.66,3485.54,17,0.5,221.87,3.0,96.82,114,5.5
CUST_02640,30,28466.07,35.1,1,0.9,34.87,0.1,29.25,84,5.6
CUST_02641,23,97060.77,17334.59,157,2.9,114.94,4.3,335.94,42,5.6
CUST_02642,46,128746.91,133316.37,535,6.0,243.72,6.5,1709.18,2,8.9
CUST_02643,35,38483.63,1817.97,27,1.0,68.43,2.2,68.86,46,5.8
CUST_02644,18,66256.3,4612.53,63,2.5,74.43,1.9,202.3,14,7.3
CUST_02645,52,120711.73,37473.44,126,7.7,308.17,1.4,2230.56,2,7.9
CUST_02646,45,,9035.48,69,2.8,130.23,2.3,327.37,37,7.2
CUST_02647,68,64586.37,1065.45,9,0.2,121.47,3.7,24.0,127,4.0
CUST_02648,30,,1151.97,12,2.4,96.15,0.4,239.99,44,5.4
CUST_02649,32,88302.27,5436.22,37,1.1,148.38,2.7,167.78,46,8.2
CUST_02650,18,94686.84,6291.64,73,2.7,88.92,2.1,249.67,49,7.0
CUST_02651,43,73138.52,15269.73,94,2.3,164.36,3.3,385.6,13,7.7
CUST_02652,42,89315.34,27456.82,222,3.1,125.91,6.0,381.34,61,7.1
CUST_02653,25,66232.98,7595.2,52,3.6,141.93,1.2,527.44,33,5.4
CUST_02654,55,95592.53,64696.97,212,7.1,295.11,2.4,2246.42,6,8.8
CUST_02655,20,42375.12,1530.41,28,0.8,56.91,3.3,38.65,61,4.1
CUST_02656,52,96211.72,10564.34,144,2.4,72.94,5.3,166.11,29,9.9
CUST_02657,18,41566.04,794.07,35,1.3,22.88,1.9,34.83,58,4.6
CUST_02658,21,40893.14,301.2,8,1.0,38.67,0.7,35.86,41,4.8
CUST_02659,42,71622.95,13908.51,137,3.0,101.08,3.6,321.96,34,8.8
CUST_02660,35,33952.88,164.04,6,0.7,26.96,0.7,19.53,45,3.4
CUST_02661,37,103015.91,22987.22,180,3.9,138.79,3.9,491.18,30,7.0
CUST_02662,18,36575.32,640.09,12,0.6,51.78,2.1,25.4,45,9.0
CUST_02663,42,71671.9,9114.41,88,1.0,101.41,7.0,108.5,28,7.0
CUST_02664,32,33315.38,2057.44,47,1.1,43.81,3.7,46.34,76,4.1
CUST_02665,40,75547.0,2950.75,62,4.1,48.88,1.5,,72,7.2
CUST_02666,27,81265.92,42296.9,255,5.2,163.47,4.6,766.25,15,6.9
CUST_02667,35,158553.88,133225.42,492,4.9,276.21,8.3,1337.6,19,9.5
CUST_02668,24,22480.67,1399.77,20,0.5,67.42,3.6,32.4,52,8.6
CUST_02669,18,43203.95,1783.48,35,1.2,49.62,2.6,57.16,52,4.1
CUST_02670,37,75345.45,13075.68,109,3.5,119.89,2.7,403.57,21,7.6
CUST_02671,34,61500.29,9961.2,106,2.4,96.3,4.9,169.41,36,8.7
CUST_02672,40,79924.32,10684.13,97,3.1,108.53,3.0,296.78,39,6.9
CUST_02673,43,32014.67,427.83,3,2.0,34.07,0.1,87.2,97,7.6
CUST_02674,54,135049.32,150649.37,381,5.0,399.41,6.1,2058.05,5,9.2
CUST_02675,36,44034.69,569.15,19,1.0,29.59,1.5,31.62,99,4.9
CUST_02676,52,68230.32,30557.62,270,3.4,114.83,6.3,404.2,23,9.6
CUST_02677,49,79679.34,14930.88,121,2.5,130.2,3.9,319.04,33,
CUST_02678,53,147111.32,167804.38,765,10.4,230.87,5.5,2542.49,41,7.3
CUST_02679,48,106456.94,132511.61,471,9.6,280.03,3.9,2831.44,8,9.1
CUST_02680,39,52655.48,2370.7,15,1.4,151.14,0.9,219.51,53,7.2
CUST_02681,23,67837.12,17878.43,222,2.7,82.94,6.1,244.24,29,
CUST_02682,37,20000.0,523.73,17,0.6,31.57,2.2,19.84,83,4.1
CUST_02683,46,152031.86,237222.37,748,8.9,314.31,6.7,2950.53,2,8.0
CUST_02684,53,60012.96,11300.07,142,3.0,79.49,4.1,229.68,48,6.5
CUST_02685,18,28769.8,15644.57,105,4.6,147.73,1.9,686.17,24,
CUST_02686,40,106664.2,117513.57,373,9.5,310.23,3.6,2720.22,2,7.0
CUST_02687,54,199507.03,125714.95,445,7.4,282.66,5.7,1837.94,1,7.6
CUST_02688,57,45057.53,12940.27,177,3.8,72.81,4.5,239.63,34,5.4
CUST_02689,18,55981.86,11689.19,108,3.8,112.02,2.4,405.87,36,6.1
CUST_02690,31,363511.29,4987.43,45,2.6,112.24,1.3,319.71,26,6.8
CUST_02691,46,64488.68,6367.25,52,3.8,117.98,1.1,482.37,39,7.9
CUST_02692,43,72430.93,17806.19,190,1.9,92.41,7.8,190.24,49,7.4
CUST_02693,52,144243.91,183238.44,504,5.5,360.55,8.2,1862.18,12,9.9
CUST_02694,32,66148.01,713.57,5,2.1,146.55,0.2,297.32,25,7.6
CUST_02695,50,132295.1,3762.9,17,0.6,226.82,2.0,156.79,121,4.4
CUST_02696,21,355681.54,614.34,6,2.3,105.8,0.2,255.97,38,5.1
CUST_02697,40,41028.48,1653.28,60,1.2,29.16,4.3,32.04,38,5.3
CUST_02698,64,72714.11,13178.36,177,4.6,75.06,3.7,296.81,43,7.8
CUST_02699,39,41818.35,185.13,6,0.3,31.22,1.9,8.12,86,8.2
CUST_02700,18,24689.82,49.64,1,0.6,49.37,0.1,41.37,97,3.1
CUST_02701,23,51116.58,7078.94,70,3.0,98.08,1.9,310.48,42,5.1
CUST_02702,42,135060.82,28168.0,125,1.0,229.66,9.1,257.95,130,3.4
CUST_02703,70,126735.89,108590.81,333,3.0,314.32,9.2,983.61,15,8.6
CUST_02704,49,136163.94,174292.14,668,10.7,256.95,5.9,2461.75,12,10.0
CUST_02705,21,21207.36,561.28,12,0.4,44.86,2.5,18.71,15,7.2
CUST_02706,31,20000.0,1111.68,26,0.9,44.27,2.4,38.6,85,2.7
CUST_02707,40,137774.25,137875.25,388,6.8,343.27,4.9,2344.82,7,8.0
CUST_02708,26,74378.5,11886.29,155,5.4,78.27,2.4,412.72,56,7.4
CUST_02709,53,158650.49,26312.33,102,7.5,264.27,1.1,1993.36,11,7.8
CUST_02710,29,,6595.09,47,1.0,140.57,4.7,116.93,19,6.6
CUST_02711,55,48244.13,1177.1,35,0.7,34.51,4.4,22.29,70,6.9
CUST_02712,33,100175.6,23946.24,273,4.7,86.6,4.4,453.53,28,7.5
CUST_02713,32,87715.87,29129.99,219,3.0,129.74,5.4,449.54,65,8.3
CUST_02714,45,91429.75,36005.04,329,4.7,107.84,6.5,461.6,48,6.9
CUST_02715,44,151981.04,54764.61,230,8.2,238.51,2.6,1755.28,13,9.5
CUST_02716,30,56129.07,20358.47,166,5.2,,2.5,678.62,66,7.1
CUST_02717,34,70889.15,8415.07,110,2.4,75.53,3.3,212.5,42,8.4
CUST_02718,74,95458.32,5037.47,19,0.3,266.29,5.2,80.73,196,2.1
CUST_02719,20,42620.12,982.98,36,1.2,27.41,2.5,32.77,18,4.7
CUST_02720,51,192776.45,202256.24,630,12.1,329.79,4.6,3664.06,9,8.4
CUST_02721,18,47034.46,822.1,14,0.5,60.47,2.2,31.14,49,4.3
CUST_02722,36,24586.02,606.9,15,0.4,41.02,3.2,15.8,72,6.1
CUST_02723,18,33443.75,913.61,39,0.8,24.19,3.6,21.15,53,4.2
CUST_02724,18,69353.39,21313.88,178,3.9,124.02,3.7,480.04,44,7.2
CUST_02725,63,59377.49,16633.67,174,4.9,98.3,2.9,477.98,33,7.6
CUST_02726,52,74130.05,7816.14,60,2.8,126.2,1.9,,30,6.7
CUST_02727,35,169837.06,136158.74,435,7.3,320.79,5.3,2140.86,32,
CUST_02728,34,72211.2,11762.95,166,3.1,69.15,4.7,208.56,43,7.7
CUST_02729,40,88128.62,27470.45,184,4.3,152.22,3.6,635.89,43,6.4
CUST_02730,36,90582.84,2908.02,29,2.8,99.71,0.8,302.92,22,8.2
CUST_02731,33,29311.53,746.28,28,0.8,27.32,2.7,23.03,47,6.4
CUST_02732,49,64698.48,18091.1,249,4.8,72.23,4.5,335.02,40,8.1
CUST_02733,44,170957.08,230448.72,811,8.2,265.98,9.9,1939.8,6,9.7
CUST_02734,43,105479.93,2612.3,11,0.5,242.56,2.0,108.85,157,3.6
CUST_02735,54,69772.1,5301.31,27,0.3,198.09,7.4,59.7,130,4.5
CUST_02736,18,46050.76,537.6,18,0.3,30.97,4.9,9.14,80,4.5
CUST_02737,45,108869.3,7977.95,30,0.5,257.44,4.4,151.1,156,2.0
CUST_02738,51,92835.52,10766.97,124,2.2,83.67,4.2,213.63,5,6.5
CUST_02739,59,89952.7,10403.14,40,0.8,267.56,3.9,222.29,135,3.8
CUST_02740,36,131434.2,48239.39,177,8.2,273.83,1.9,2115.76,38,8.2
CUST_02741,31,70457.53,13150.03,133,2.0,97.64,5.4,202.93,23,7.2
CUST_02742,29,287749.31,11293.11,96,4.8,117.4,1.6,588.18,38,6.9
CUST_02743,44,129254.7,137428.21,674,7.7,209.72,6.6,1735.2,8,9.0
CUST_02744,40,78958.79,85350.34,286,4.7,307.34,5.5,1293.19,10,8.2
CUST_02745,19,86632.09,16370.26,128,2.7,132.8,3.7,368.7,31,8.0
CUST_02746,20,29936.02,2246.63,58,1.5,37.58,3.1,60.39,15,5.5
CUST_02747,38,68508.4,17508.28,127,2.7,135.17,4.1,355.86,17,8.6
CUST_02748,60,117173.51,89222.21,407,8.3,208.77,3.7,2009.51,20,10.0
CUST_02749,18,29287.56,1264.37,30,1.4,43.46,2.1,50.17,41,8.1
CUST_02750,34,58254.98,2405.91,56,1.9,42.58,2.1,,33,5.5
CUST_02751,41,86764.24,11397.41,178,3.2,63.77,4.2,226.14,47,9.3
CUST_02752,44,24355.72,604.62,18,0.8,33.22,1.9,26.52,65,8.6
CUST_02753,39,65334.85,7932.22,88,1.9,88.52,4.0,165.25,49,7.4
CUST_02754,63,76015.21,3837.07,25,1.6,140.05,1.3,245.97,19,6.0
CUST_02755,42,126917.68,3555.26,12,0.2,270.63,5.2,56.98,206,5.2
CUST_02756,54,87883.74,14357.75,97,3.9,146.44,2.1,569.75,62,7.4
CUST_02757,32,58738.03,20061.16,169,2.5,113.22,5.3,315.43,21,7.0
CUST_02758,34,37154.0,463.5,13,0.4,36.6,2.9,13.32,53,4.5
CUST_02759,22,27847.35,1644.42,34,1.1,48.51,2.4,57.1,73,6.0
CUST_02760,45,156891.45,32982.1,113,7.4,299.03,1.3,2114.24,32,10.0
CUST_02761,37,113252.27,170268.28,617,6.3,,7.5,1891.87,6,8.0
CUST_02762,43,121899.17,127643.22,399,7.5,314.94,4.0,2659.23,45,8.8
CUST_02763,54,116141.29,5824.31,48,1.5,113.51,2.9,167.37,31,9.4
CUST_02764,57,84980.62,10662.86,93,3.9,117.95,2.4,370.24,38,5.5
CUST_02765,55,142695.21,98099.81,406,6.3,232.38,5.3,1542.45,10,9.1
CUST_02766,37,71092.47,268.08,1,0.0,268.08,2.0,11.17,191,3.9
CUST_02767,35,71377.4,6617.67,52,1.6,129.43,3.0,183.82,47,5.9
CUST_02768,24,77276.51,32839.3,217,3.9,152.41,4.1,667.47,19,7.1
CUST_02769,25,58072.63,21988.59,145,4.6,143.14,2.7,678.66,33,4.8
CUST_02770,33,37957.38,350.1,14,1.2,26.57,0.9,32.42,85,6.1
CUST_02771,30,130963.09,184060.37,531,8.1,341.99,5.8,2644.55,6,9.2
CUST_02772,46,45517.18,10540.86,145,2.8,70.32,4.9,179.27,20,5.8
CUST_02773,18,35484.38,1128.48,20,1.0,58.11,1.5,62.69,61,2.9
CUST_02774,35,89900.92,21597.51,172,4.7,123.59,3.3,545.39,7,7.3
CUST_02775,41,88205.34,42910.89,356,4.1,123.21,6.8,525.87,45,7.0
CUST_02776,20,72622.44,14910.37,94,2.0,149.8,4.2,295.84,50,5.7
CUST_02777,58,132292.14,118739.32,446,9.7,276.94,3.9,2537.16,4,10.0
CUST_02778,53,135060.18,40233.54,189,5.7,209.24,2.8,1197.43,9,8.2
CUST_02779,41,66890.65,13965.81,95,1.8,148.94,4.4,264.5,32,8.0
CUST_02780,49,54638.33,7135.59,104,1.8,68.9,5.1,116.59,64,8.4
CUST_02781,65,130744.65,172200.33,622,8.6,279.27,5.7,2517.55,45,8.1
CUST_02782,44,21388.23,647.39,23,1.2,27.24,1.5,35.97,26,5.1
CUST_02783,59,85794.88,7465.63,41,0.6,181.03,5.2,119.64,140,2.4
CUST_02784,24,25696.52,1419.24,26,1.3,56.99,1.7,69.57,96,6.0
CUST_02785,46,53422.88,652.26,12,0.5,53.74,2.2,24.71,34,4.6
CUST_02786,18,82911.2,1656.69,10,4.2,164.28,0.2,690.29,60,5.8
CUST_02787,28,90865.33,22078.88,88,0.9,243.22,7.9,232.9,183,6.0
CUST_02788,40,120550.62,87598.29,322,8.4,269.23,3.1,2354.79,22,9.5
CUST_02789,38,80828.07,14093.61,51,0.5,289.44,7.5,,103,2.5
CUST_02790,46,88459.15,10673.27,44,0.6,234.22,6.0,148.24,227,1.6
CUST_02791,33,29824.46,1055.58,39,1.1,26.16,2.5,35.19,42,6.5
CUST_02792,48,100168.32,12493.61,67,0.7,183.52,7.4,140.69,121,1.7
CUST_02793,38,50652.6,21064.04,210,4.4,99.4,3.7,474.42,26,
CUST_02794,56,,18911.07,161,3.5,116.11,3.8,414.72,62,7.3
CUST_02795,40,82329.93,35121.62,269,4.1,126.14,5.6,522.64,11,6.7
CUST_02796,47,75755.98,22631.49,291,5.1,74.69,5.0,377.19,52,6.8
CUST_02797,54,138969.48,228593.51,931,7.8,241.57,9.8,1943.82,21,9.2
CUST_02798,45,74123.12,8255.35,113,2.2,71.66,4.0,171.99,36,7.4
CUST_02799,36,117574.24,9334.24,44,0.5,210.79,7.4,105.12,102,1.7
CUST_02800,48,119299.47,162657.51,377,8.1,402.26,4.0,3388.7,8,8.4
CUST_02801,39,39405.94,1203.19,53,1.5,24.17,3.2,31.33,55,5.1
CUST_02802,54,108522.44,7922.71,29,0.3,278.6,7.7,85.74,156,4.0
CUST_02803,61,129532.73,15086.17,52,0.7,297.08,6.8,184.88,183,2.3
CUST_02804,54,104179.81,3443.16,15,0.6,215.83,2.0,143.46,212,2.3
CUST_02805,19,74530.21,18690.94,170,3.3,110.62,4.2,370.85,18,7.0
CUST_02806,44,128599.59,8913.95,32,0.4,296.19,6.8,109.24,147,3.9
CUST_02807,28,48049.22,886.36,25,0.9,36.32,2.1,35.17,69,7.4
CUST_02808,53,140701.9,285959.5,1108,9.2,253.71,8.9,2677.52,22,8.5
CUST_02809,23,78855.86,10395.26,70,2.5,148.28,2.8,309.38,20,7.8
CUST_02810,18,23510.27,526.02,22,0.8,23.97,2.6,16.86,88,6.3
CUST_02811,18,86391.02,2578.6,30,1.5,85.38,1.6,134.3,34,7.3
CUST_02812,18,50803.48,9898.39,72,2.5,132.85,2.1,392.79,28,8.0
CUST_02813,40,39445.36,37.02,1,0.8,36.0,0.1,30.85,63,3.1
CUST_02814,37,105943.89,71954.68,313,7.0,235.51,3.6,1665.62,1,8.0
CUST_02815,31,68813.89,8421.94,97,4.7,86.01,2.0,350.91,29,6.4
CUST_02816,22,35197.13,507.22,14,0.7,34.6,1.9,22.25,47,6.3
CUST_02817,62,58877.38,24624.02,188,3.2,130.06,4.2,488.57,45,7.4
CUST_02818,44,129138.75,71997.98,361,7.3,202.92,4.0,1499.96,19,9.4
CUST_02819,42,94931.61,213047.22,762,7.1,289.37,10.2,1740.58,17,8.1
CUST_02820,26,84647.26,32251.53,230,5.0,139.16,3.9,689.14,24,8.1
CUST_02821,44,131770.91,1861.35,11,0.2,170.21,4.9,31.66,126,2.2
CUST_02822,31,84850.38,21750.83,148,1.9,147.91,6.7,270.53,27,7.6
CUST_02823,18,79860.53,948.28,8,3.5,117.72,0.2,395.12,37,6.4
CUST_02824,44,77866.22,15534.33,148,3.9,107.13,3.1,417.59,42,7.1
CUST_02825,40,80620.84,8600.59,70,2.0,118.28,2.8,255.97,52,7.5
CUST_02826,33,34662.59,844.5,26,0.8,32.55,2.9,24.27,92,5.1
CUST_02827,38,43847.48,487.36,12,0.4,38.33,2.7,15.04,59,5.2
CUST_02828,46,159230.16,112246.3,410,7.2,265.54,4.6,2033.45,6,8.4
CUST_02829,46,58019.73,9594.41,72,2.1,133.56,3.0,266.51,15,7.9
CUST_02830,55,131915.6,143240.27,396,8.5,376.15,4.1,2911.39,1,10.0
CUST_02831,18,,14993.88,225,3.0,65.34,6.2,201.53,25,6.5
CUST_02832,51,48325.43,1488.3,28,0.8,52.41,2.9,42.77,36,7.2
CUST_02833,54,136216.36,119082.1,596,6.6,204.09,7.8,1272.24,36,9.7
CUST_02834,18,46077.65,17635.21,279,3.9,65.46,5.5,267.2,33,6.4
CUST_02835,51,78713.54,6741.07,62,3.3,108.77,1.5,374.5,34,6.6
CUST_02836,48,86283.06,793.23,5,0.1,157.54,3.4,19.44,179,3.7
CUST_02837,64,99973.68,9946.67,44,0.5,224.98,7.5,110.52,196,3.9
CUST_02838,46,124660.6,229242.68,789,10.2,290.52,6.1,3131.73,1,8.4
CUST_02839,25,29585.51,1419.94,27,0.9,50.77,2.2,53.79,54,3.2
CUST_02840,33,47603.54,5517.26,70,1.5,80.35,4.2,109.47,29,8.9
CUST_02841,25,72186.07,34805.22,247,4.7,133.33,4.5,644.54,51,8.2
CUST_02842,18,37877.54,589.76,20,0.5,31.04,3.0,16.38,44,6.8
CUST_02843,47,97941.39,3553.01,20,0.5,181.62,3.2,92.53,170,1.8
CUST_02844,49,95343.08,582.95,4,0.1,151.15,3.3,14.72,150,3.3
CUST_02845,41,76613.29,9347.58,96,4.3,96.73,2.1,370.94,41,7.0
CUST_02846,42,68785.08,19724.19,145,3.2,134.42,4.2,391.35,22,5.3
CUST_02847,20,43551.35,507.19,19,0.9,25.36,1.8,23.48,66,4.5
CUST_02848,27,65962.74,23458.35,183,3.8,127.37,4.3,454.62,11,7.2
CUST_02849,35,49017.26,14652.93,114,2.9,125.35,3.5,348.88,36,6.6
CUST_02850,49,38681.5,3916.66,49,1.4,82.63,3.4,96.0,42,5.8
CUST_02851,18,54055.56,241.09,7,1.6,35.93,0.4,50.23,51,6.5
CUST_02852,54,54808.98,14302.4,116,4.0,118.64,2.6,458.41,51,7.8
CUST_02853,63,144464.71,161608.78,579,8.1,271.45,5.9,2282.61,28,
CUST_02854,58,111862.63,5697.6,29,0.4,195.07,6.2,76.58,174,4.4
CUST_02855,50,122138.2,107347.41,250,9.0,440.98,2.3,3889.4,1,8.0
CUST_02856,28,79123.8,10241.04,91,1.2,104.89,6.3,135.46,41,8.1
CUST_02857,41,98421.04,15600.97,168,4.5,90.61,3.6,361.13,35,5.9
CUST_02858,54,136988.93,171919.63,557,6.9,315.19,6.2,2310.75,1,8.6
CUST_02859,67,147311.83,151137.61,518,9.7,291.31,4.2,2998.76,11,7.3
CUST_02860,65,155142.16,95577.16,468,7.2,213.57,5.4,1474.96,12,7.3
CUST_02861,24,27259.11,507.2,15,1.2,33.69,1.1,38.42,24,5.8
CUST_02862,27,68259.78,15898.14,170,4.0,94.84,3.2,414.01,45,5.4
CUST_02863,57,133576.47,3011.42,18,0.3,156.12,5.5,45.63,158,4.7
CUST_02864,32,88671.63,5669.89,51,2.8,108.69,1.4,337.49,38,6.8
CUST_02865,52,90935.16,8161.03,96,2.7,91.99,3.2,212.53,50,6.5
CUST_02866,20,52317.63,11585.63,112,1.8,98.03,4.7,205.42,36,5.3
CUST_02867,40,67131.47,986.77,8,3.4,121.87,0.2,411.15,37,7.8
CUST_02868,32,40841.22,75.51,3,0.3,24.06,0.9,6.99,44,8.4
CUST_02869,28,64173.44,17578.03,106,2.8,164.46,3.1,472.53,9,9.6
CUST_02870,39,86422.28,14275.38,174,4.0,81.67,3.5,339.89,14,10.0
CUST_02871,49,26569.77,2193.74,49,1.4,45.92,2.9,63.04,59,8.4
CUST_02872,55,84586.12,2295.05,11,0.2,204.63,5.1,37.5,153,4.1
CUST_02873,37,38106.71,1494.16,41,1.3,35.29,2.4,51.88,15,8.5
CUST_02874,27,82432.0,12070.46,157,4.6,81.15,2.9,346.85,24,6.7
CUST_02875,35,36784.3,1583.02,33,1.0,49.18,2.7,48.86,88,7.8
CUST_02876,42,77085.31,37364.56,309,4.4,125.56,6.7,464.73,14,5.3
CUST_02877,45,,8181.16,94,3.6,82.61,2.2,309.89,43,7.9
CUST_02878,45,77033.03,16609.78,111,3.0,144.77,3.0,461.38,41,7.7
CUST_02879,39,81771.75,23384.38,185,2.6,127.78,5.2,374.75,31,7.5
CUST_02880,53,103707.47,59487.44,244,6.2,236.18,3.3,1502.21,10,8.7
CUST_02881,51,79420.07,1021.6,9,2.7,118.37,0.3,283.78,5,7.3
CUST_02882,31,25532.06,574.0,24,0.9,23.7,2.3,20.8,87,6.9
CUST_02883,34,69021.28,8778.79,164,3.0,52.07,4.8,152.41,42,6.3
CUST_02884,41,176446.76,163465.11,535,7.5,310.58,5.2,2619.63,2,9.8
CUST_02885,52,137326.47,302585.46,978,11.0,309.47,8.1,3113.02,13,9.2
CUST_02886,40,141622.7,1908.43,7,0.3,268.58,2.0,79.52,143,5.1
CUST_02887,19,55318.47,12830.06,120,3.6,103.34,2.5,427.67,27,8.8
CUST_02888,56,65784.3,559.08,5,1.0,117.18,0.4,116.48,44,7.3
CUST_02889,29,28563.66,725.86,64,1.6,11.4,2.8,21.6,63,4.5
CUST_02890,18,25960.19,1943.59,36,1.1,55.52,2.5,64.79,65,3.5
CUST_02891,35,51204.31,7063.91,60,3.8,115.83,1.3,452.81,43,6.8
CUST_02892,37,31692.78,1478.09,42,1.0,35.52,3.3,37.33,70,
CUST_02893,45,36963.5,887.33,18,0.8,48.12,2.0,36.97,82,5.4
CUST_02894,18,27784.25,1007.69,30,1.4,35.0,1.8,46.65,50,3.5
CUST_02895,60,154225.7,196780.48,739,9.4,270.12,7.1,2309.63,9,8.9
CUST_02896,28,35933.0,1588.17,26,1.6,57.62,1.2,110.29,61,7.1
CUST_02897,44,64550.69,8890.56,107,2.4,83.6,4.2,176.4,42,7.7
CUST_02898,70,69667.95,13648.3,121,4.1,109.25,2.5,454.94,25,6.6
CUST_02899,35,87816.77,18058.06,113,2.4,165.04,4.3,349.96,21,6.4
CUST_02900,56,177439.02,107585.14,394,4.9,285.81,6.2,1446.04,8,7.6
CUST_02901,28,164597.65,213460.91,607,9.6,337.44,5.2,3420.85,1,10.0
CUST_02902,38,52029.56,1982.5,65,1.4,29.78,3.9,42.36,47,4.7
CUST_02903,43,92168.14,102148.24,490,5.5,211.11,8.2,1038.09,2,7.6
CUST_02904,33,61301.26,26321.48,213,3.8,117.8,4.2,522.25,31,6.9
CUST_02905,27,59805.08,7918.15,75,1.4,107.58,4.8,137.47,30,7.9
CUST_02906,30,140312.02,55860.58,266,3.7,215.54,6.2,750.81,18,7.2
CUST_02907,39,87534.61,4035.97,21,0.2,192.1,8.6,39.11,235,3.4
CUST_02908,40,70482.05,39259.58,239,3.6,165.61,5.3,617.29,64,7.5
CUST_02909,37,74454.31,6248.53,97,3.3,66.74,2.5,208.28,24,8.1
CUST_02910,44,70090.65,26482.5,270,4.7,98.43,4.3,513.23,13,7.9
CUST_02911,44,83395.44,3208.75,27,1.7,117.95,1.3,205.69,37,6.8
CUST_02912,59,139752.74,222592.86,1012,9.3,214.61,8.0,2318.68,11,8.0
CUST_02913,35,30893.81,48.02,1,1.0,44.47,0.1,40.02,68,5.7
CUST_02914,44,159264.94,7429.44,34,0.8,210.77,3.4,182.09,121,
CUST_02915,21,63067.64,7393.89,61,1.6,125.19,3.4,181.22,20,5.6
CUST_02916,19,52407.63,31.35,1,1.1,28.98,0.1,26.12,56,6.6
CUST_02917,35,29554.43,223.49,5,1.1,44.63,0.4,46.56,57,6.4
CUST_02918,25,28383.7,1221.63,29,1.1,41.71,2.0,50.9,77,4.8
CUST_02919,56,66864.29,8572.79,84,1.9,104.18,3.3,216.48,42,8.0
CUST_02920,56,79803.52,13338.66,148,2.8,90.15,4.0,277.89,49,8.2
CUST_02921,25,82846.44,16142.78,128,2.1,126.21,4.7,286.22,19,4.5
CUST_02922,28,37062.52,2431.46,56,2.0,42.55,1.9,106.64,68,6.4
CUST_02923,25,42435.83,908.89,29,1.0,30.51,2.4,31.56,25,5.1
CUST_02924,47,128882.51,175967.42,582,7.0,305.83,6.1,2403.93,10,8.5
CUST_02925,31,66864.69,497.17,12,5.2,40.0,0.2,207.15,42,5.8
CUST_02926,34,108036.5,2889.33,19,0.2,154.6,7.5,32.1,101,3.5
CUST_02927,19,45309.7,467.47,8,1.1,56.54,0.6,64.93,66,3.5
CUST_02928,52,99581.0,12711.6,61,1.0,212.58,5.9,179.54,183,2.4
CUST_02929,27,43985.52,1256.05,26,1.0,50.01,2.2,47.58,105,4.3
CUST_02930,32,93871.13,28451.7,243,2.9,118.14,7.1,333.94,40,7.5
CUST_02931,40,92472.86,1153.84,9,2.5,129.16,0.3,320.51,27,7.5
CUST_02932,40,,1502.56,39,1.5,39.7,2.3,54.44,57,3.8
CUST_02933,34,140117.9,1229903.69,545,8.0,390.19,5.6,3128.48,17,9.5
CUST_02934,52,71913.85,23166.07,182,4.1,129.39,3.6,536.25,23,4.8
CUST_02935,28,20000.0,155.91,5,0.6,31.18,0.8,16.24,85,
CUST_02936,50,155812.67,70163.78,246,3.0,280.61,6.8,859.85,9,
CUST_02937,18,26489.2,1085.96,21,1.4,51.84,1.3,69.61,66,5.9
CUST_02938,50,88970.32,10115.97,128,3.9,81.31,2.5,337.2,29,7.9
CUST_02939,40,97190.21,2953.06,18,0.6,165.87,2.4,102.54,123,4.8
CUST_02940,38,158812.16,219982.89,806,9.3,265.05,7.7,2380.77,1,8.4
CUST_02941,32,57264.09,22064.06,194,3.0,116.04,5.0,367.73,37,7.3
CUST_02942,39,67418.74,31349.65,292,4.0,110.55,6.1,428.27,28,7.1
CUST_02943,43,94499.1,6446.85,47,3.9,143.8,1.0,537.24,12,7.0
CUST_02944,19,38444.24,453.48,14,0.8,33.07,1.6,23.62,83,6.1
CUST_02945,32,36284.97,1556.26,26,0.8,58.41,2.7,48.03,34,3.6
CUST_02946,26,88010.3,260280.98,755,8.6,352.47,6.8,3189.72,14,7.8
CUST_02947,44,61487.36,14876.06,169,3.2,88.12,4.5,275.48,14,7.5
CUST_02948,43,69632.3,5850.2,77,2.7,77.11,2.1,232.15,46,4.8
CUST_02949,49,70860.94,24004.41,215,3.8,113.52,4.4,454.63,29,8.4
CUST_02950,29,133639.44,4682.64,16,0.4,281.57,3.5,111.49,260,3.4
CUST_02951,18,41831.4,485.38,12,0.5,40.63,2.0,20.22,32,6.1
CUST_02952,20,20000.0,44.02,1,0.7,44.02,0.1,36.68,96,7.7
CUST_02953,18,33203.75,681.37,13,0.9,54.93,1.3,43.68,69,6.9
CUST_02954,64,48527.13,11654.01,102,3.8,118.0,2.6,373.53,50,6.8
CUST_02955,50,88363.12,11624.28,43,0.5,280.19,8.3,116.71,223,1.7
CUST_02956,45,42448.69,818.36,25,1.2,31.91,1.8,37.89,99,5.9
CUST_02957,38,29953.17,1450.04,35,1.3,41.69,2.3,52.54,79,4.8
CUST_02958,33,28963.25,605.37,17,0.7,35.54,2.0,25.22,21,5.8
CUST_02959,36,49269.18,21696.72,183,4.0,119.46,4.1,440.99,46,6.6
CUST_02960,27,35593.4,80.36,3,0.1,26.95,2.2,3.04,90,4.8
CUST_02961,42,138696.78,100950.66,353,10.7,278.12,2.8,3004.48,15,9.2
CUST_02962,22,71116.95,15700.41,100,2.7,152.36,3.0,436.12,19,7.5
CUST_02963,52,77721.62,24988.58,193,3.8,122.88,5.7,365.33,40,7.9
CUST_02964,43,76358.78,16905.36,78,0.8,222.6,8.1,173.92,135,1.3
CUST_02965,30,24208.4,56.98,2,0.9,28.83,0.2,23.74,73,5.6
CUST_02966,23,21360.68,140.62,6,0.6,23.3,1.0,11.72,56,
CUST_02967,28,36923.29,294.87,13,1.1,21.66,1.0,24.57,37,5.7
CUST_02968,46,85010.99,20895.5,201,2.8,,6.4,272.08,19,5.8
CUST_02969,50,87930.83,2891.61,12,0.1,234.32,8.7,27.7,114,2.2
CUST_02970,44,61861.79,10757.41,67,2.4,163.55,2.6,344.79,25,7.3
CUST_02971,35,75321.26,12663.21,101,3.0,121.82,2.4,439.69,22,8.4
CUST_02972,56,155162.32,68001.53,222,3.0,305.46,5.6,1011.93,3,8.9
CUST_02973,20,,32.78,1,1.1,32.78,0.1,27.32,45,6.8
CUST_02974,44,42134.5,452.48,13,1.2,34.93,1.0,37.71,93,6.1
CUST_02975,20,68369.15,5615.31,55,2.4,100.25,2.0,233.97,39,8.2
CUST_02976,39,170316.9,56685.08,154,5.8,402.9,2.1,2249.41,8,7.8
CUST_02977,18,33511.79,1934.86,52,1.2,36.22,3.6,44.79,61,4.3
CUST_02978,42,146086.02,136360.91,531,6.3,268.61,7.7,1475.77,10,9.1
CUST_02979,24,36611.96,1693.31,53,1.1,,3.7,38.14,39,4.9
CUST_02980,56,103755.46,5535.05,34,0.4,163.33,7.2,64.06,186,2.2
CUST_02981,33,53641.27,11817.72,91,4.1,141.44,1.8,547.12,51,8.4
CUST_02982,33,81980.89,18301.64,161,2.3,115.81,5.4,282.43,33,5.1
CUST_02983,33,29283.43,1061.9,25,0.6,41.95,3.3,,67,3.6
CUST_02984,26,37858.23,1960.85,38,0.9,48.87,3.2,51.06,78,6.5
CUST_02985,45,67881.41,14042.32,103,4.8,133.05,1.7,688.35,33,7.9
CUST_02986,52,86209.05,11633.59,54,0.9,209.74,5.3,182.92,176,4.7
CUST_02987,44,116716.33,80130.46,436,6.4,196.51,5.7,1171.5,5,8.8
CUST_02988,49,91605.53,19674.61,177,4.3,112.17,3.1,528.89,12,7.2
CUST_02989,23,42345.85,189.83,9,0.4,20.0,2.0,7.91,64,2.7
CUST_02990,24,36848.24,538.56,10,1.3,52.29,0.7,64.11,39,5.4
CUST_02991,54,139967.31,54748.58,243,7.2,228.82,2.7,1689.77,4,9.8
CUST_02992,48,37371.42,623.58,15,0.9,41.43,1.4,37.12,60,7.6
CUST_02993,39,81955.63,16897.28,120,3.2,136.79,3.6,391.14,48,5.4
CUST_02994,37,102745.64,19258.37,127,3.7,147.42,2.7,594.39,18,6.8
CUST_02995,29,142611.48,257003.94,689,8.8,374.43,6.3,3399.52,1,7.3
CUST_02996,31,39834.43,151.32,4,0.7,38.11,0.4,31.52,70,5.4
CUST_02997,33,138649.82,48293.46,188,7.0,253.52,2.2,1829.3,42,8.7
CUST_02998,30,83859.22,31143.86,220,2.9,,5.4,480.62,5,4.6
CUST_02999,47,65671.26,23793.58,301,3.1,79.99,7.5,264.37,60,7.9
CUST_03000,45,30307.76,193.24,12,0.5,17.05,2.4,6.71,83,5.2
CUST_03001,20,23894.92,770.94,24,0.9,32.2,2.2,29.2,48,6.8
CUST_03002,18,40047.77,170.75,12,0.4,14.79,2.6,5.47,79,
CUST_03003,56,103771.01,17399.23,159,3.1,103.43,4.3,337.19,9,6.9
CUST_03004,32,62457.39,20114.29,155,3.3,133.59,4.2,399.09,28,7.9
CUST_03005,38,80946.0,8649.32,217,5.0,40.0,3.4,211.99,44,8.1
CUST_03006,18,49599.72,872.66,21,0.9,42.46,2.0,36.36,87,6.0
CUST_03007,49,123432.44,8355.78,64,0.6,132.62,8.1,85.96,114,4.5
CUST_03008,42,,184125.42,673,8.1,266.91,6.4,2397.47,5,9.5
CUST_03009,18,,424.96,11,1.5,37.45,0.6,59.02,55,3.9
CUST_03010,43,96566.8,207414.06,636,11.6,319.83,4.8,3600.94,30,7.8
CUST_03011,33,61440.33,2605.22,29,3.6,87.3,0.7,310.15,37,7.1
CUST_03012,24,53959.63,9072.04,66,1.9,139.66,2.9,260.69,55,8.1
CUST_03013,42,72919.17,11546.7,79,4.0,151.13,1.6,601.39,29,7.2
CUST_03014,28,67031.44,4808.64,40,2.9,122.98,1.2,333.93,39,7.5
CUST_03015,18,72720.13,24952.82,171,3.2,144.06,4.6,452.04,33,7.6
CUST_03016,25,80793.34,10435.57,150,2.5,67.12,4.9,177.48,28,
CUST_03017,35,31088.93,297.23,11,0.3,28.06,2.9,8.54,45,6.2
CUST_03018,18,67879.64,13569.52,123,3.6,111.51,2.8,,20,
CUST_03019,37,108330.32,72779.35,223,6.0,329.06,3.1,1956.43,5,7.3
CUST_03020,22,42104.42,510.79,17,1.1,30.76,1.3,32.74,80,5.3
CUST_03021,23,67965.7,44264.05,349,5.0,124.6,6.8,542.45,32,7.5
CUST_03022,41,71401.7,17807.39,172,3.4,100.52,4.3,345.1,17,6.7
CUST_03023,37,34748.3,569.95,21,0.8,25.28,2.4,19.79,59,4.5
CUST_03024,24,90084.55,12930.85,77,2.5,158.54,2.7,399.1,47,6.8
CUST_03025,49,134105.29,102151.92,383,8.4,260.54,4.1,2076.26,14,8.9
CUST_03026,48,82254.3,8922.22,100,2.1,90.47,4.3,172.91,39,7.8
CUST_03027,36,142785.65,7472.19,50,0.8,146.34,5.6,111.19,167,1.6
CUST_03028,39,78486.41,7699.79,150,2.4,54.53,4.4,145.83,39,6.7
CUST_03029,25,27383.01,1025.96,20,0.9,50.3,1.9,45.0,15,4.0
CUST_03030,43,38526.02,15485.06,152,5.5,100.77,2.1,614.49,45,5.3
CUST_03031,51,129818.2,162870.81,657,8.6,247.33,6.0,2262.09,2,9.1
CUST_03032,39,51553.56,18089.57,197,4.2,94.03,3.7,407.42,54,6.2
CUST_03033,30,47282.62,1263.39,20,1.3,61.7,1.2,87.74,69,5.1
CUST_03034,37,172615.07,318334.98,1180,10.4,278.03,8.1,3275.05,7,9.1
CUST_03035,44,58357.81,3566.53,29,3.9,119.21,0.6,495.35,35,5.7
CUST_03036,33,62749.94,12153.52,91,3.4,131.19,2.6,389.54,39,7.4
CUST_03037,39,69378.4,10193.58,76,3.2,132.42,2.0,424.73,33,6.2
CUST_03038,34,84016.79,8705.15,54,1.4,166.11,3.5,207.27,158,3.1
CUST_03039,59,150734.35,152330.93,524,7.8,296.51,6.3,2014.96,1,8.8
CUST_03040,32,76412.19,16723.85,182,3.0,96.18,4.9,284.42,29,4.7
CUST_03041,47,109772.22,145882.86,497,7.3,286.31,6.8,1787.78,12,9.4
CUST_03042,43,94360.77,12828.12,57,0.7,224.81,6.7,159.55,101,
CUST_03043,50,80961.54,76088.95,296,8.6,261.27,3.3,1921.44,22,8.4
CUST_03044,37,52480.12,8326.03,106,2.9,78.87,3.1,223.82,33,6.6
CUST_03045,34,27917.38,508.32,16,0.6,30.8,2.1,20.17,72,6.1
CUST_03046,25,32844.72,223.35,5,1.5,46.25,0.3,62.04,81,3.7
CUST_03047,30,66981.81,1364.39,9,4.1,153.62,0.2,,65,6.0
CUST_03048,39,91842.27,4682.85,91,2.6,54.02,3.0,130.08,51,7.2
CUST_03049,29,76257.86,16336.4,163,3.4,103.49,3.8,358.25,59,7.1
CUST_03050,57,80461.75,21554.88,156,3.1,139.22,4.1,,36,6.2
CUST_03051,26,78337.27,10243.09,70,3.1,141.72,1.9,449.26,39,6.4
CUST_03052,54,80218.13,7212.11,59,1.0,119.93,5.3,113.4,47,9.1
CUST_03053,20,90091.72,11652.71,91,1.2,124.36,6.5,149.39,44,6.8
CUST_03054,32,82017.81,12470.98,91,3.0,134.37,2.4,433.02,61,7.8
CUST_03055,31,30868.82,421.41,12,1.3,36.16,0.8,43.9,93,5.4
CUST_03056,40,114257.58,2213.17,7,0.1,300.87,5.8,31.8,131,4.3
CUST_03057,48,53108.06,4896.33,57,2.9,84.03,1.7,240.02,60,7.0
CUST_03058,53,152840.93,185915.18,498,7.6,354.23,6.0,2582.16,13,10.0
CUST_03059,34,129214.03,95174.0,307,9.6,295.19,2.3,3448.33,1,8.6
CUST_03060,32,83276.09,7874.5,45,0.5,175.47,7.1,92.42,219,1.7
CUST_03061,33,64415.16,19040.07,181,3.2,,4.6,344.93,7,8.2
CUST_03062,42,142891.53,93192.61,270,5.7,369.96,4.0,1941.51,6,
CUST_03063,18,83390.1,26467.92,289,4.8,91.13,4.5,490.15,49,8.7
CUST_03064,21,73995.93,9423.28,80,2.1,117.93,3.4,230.96,17,7.6
CUST_03065,64,68936.5,27829.77,192,4.6,147.78,3.3,702.77,25,8.0
CUST_03066,18,56938.23,17925.86,175,2.7,,5.4,276.63,21,6.0
CUST_03067,25,130921.24,140431.68,601,8.0,230.08,6.4,1828.54,2,8.7
CUST_03068,39,91632.17,2802.41,15,0.4,198.02,3.3,70.77,140,3.3
CUST_03069,37,75461.53,37719.36,262,3.8,138.64,5.2,604.48,22,6.6
CUST_03070,36,359845.91,355.94,13,1.1,26.68,1.2,24.72,77,5.8
CUST_03071,18,31527.41,4089.21,63,1.0,65.61,4.6,74.08,28,6.8
CUST_03072,18,71996.47,20511.9,239,4.0,86.02,4.6,371.59,50,6.6
CUST_03073,36,65500.17,9787.64,87,4.8,111.44,1.5,543.76,51,8.3
CUST_03074,26,90241.91,14419.7,114,2.2,123.47,4.4,273.1,19,9.0
CUST_03075,47,70932.77,10305.99,111,1.6,87.52,5.8,148.07,31,9.7
CUST_03076,19,21341.55,151.91,5,1.3,30.87,0.3,42.2,61,6.8
CUST_03077,46,109491.23,7977.43,38,0.4,201.68,7.2,92.33,170,4.2
CUST_03078,37,64485.6,234367.66,808,9.4,292.0,6.9,2830.53,1,9.2
CUST_03079,47,153261.69,94509.74,485,8.6,197.22,4.6,1712.13,8,7.4
CUST_03080,49,79164.23,143.3,1,0.0,143.3,7.9,1.51,131,3.5
CUST_03081,24,30316.47,864.97,15,0.8,55.85,1.8,40.04,82,5.4
CUST_03082,50,38933.29,349.34,8,1.0,44.43,0.8,36.39,47,4.4
CUST_03083,39,66596.67,28778.32,316,3.9,90.78,6.2,386.81,41,8.6
CUST_03084,21,56658.33,14839.8,139,3.2,108.43,3.5,353.33,30,6.8
CUST_03085,33,44071.54,2065.13,34,1.9,61.53,1.4,122.92,98,6.6
CUST_03086,50,32679.08,243.11,9,0.7,25.96,1.0,20.26,68,6.2
CUST_03087,40,71813.53,29311.43,228,4.9,128.6,3.7,660.17,48,7.4
CUST_03088,28,94652.94,189793.17,797,6.4,242.99,9.7,1630.53,3,9.8
CUST_03089,51,98631.63,19174.55,168,3.2,115.64,4.7,339.97,21,8.7
CUST_03090,29,65870.88,5212.46,38,1.0,136.03,3.0,144.79,20,8.0
CUST_03091,32,65138.72,13595.9,86,4.6,158.34,1.5,755.33,49,7.5
CUST_03092,49,128905.04,11007.97,68,0.9,161.87,5.7,160.94,204,4.7
CUST_03093,24,59414.56,9427.59,104,3.6,91.47,3.4,231.07,36,4.9
CUST_03094,37,41496.28,2076.67,60,1.1,33.56,3.8,45.54,39,4.7
CUST_03095,44,118829.06,70672.22,379,7.4,183.3,4.0,1472.34,10,10.0
CUST_03096,46,33531.34,481.63,26,0.9,18.65,2.4,16.72,26,5.9
CUST_03097,43,146614.77,12522.69,67,1.1,186.18,5.5,189.74,246,3.8
CUST_03098,50,127205.9,226565.03,856,10.9,271.31,6.7,2817.97,2,9.1
CUST_03099,36,141092.58,245831.19,633,8.7,389.22,5.9,3472.19,18,8.8
CUST_03100,43,88052.38,22982.18,194,4.6,120.97,3.1,617.8,5,8.2
CUST_03101,32,161479.32,253450.34,806,8.2,312.62,7.3,2893.27,22,9.8
CUST_03102,38,23904.43,2271.73,72,1.4,31.65,4.1,46.17,45,6.8
CUST_03103,30,88825.43,4288.19,23,0.5,187.8,3.7,96.58,124,2.1
CUST_03104,30,54148.52,28927.27,236,4.3,122.05,4.5,535.69,55,6.3
CUST_03105,29,78634.03,17527.96,159,3.2,109.26,4.5,324.59,19,4.3
CUST_03106,44,86727.36,7362.16,79,2.6,90.24,2.7,,29,8.3
CUST_03107,20,40163.76,69.34,2,0.1,33.88,1.4,4.13,105,4.9
CUST_03108,42,140202.11,189567.87,793,10.6,232.42,5.9,2677.51,3,8.8
CUST_03109,41,75533.28,910.76,8,3.6,115.06,0.2,379.48,28,7.0
CUST_03110,37,69301.06,26696.86,230,2.8,115.08,7.3,304.76,28,8.1
CUST_03111,40,67801.34,953.56,9,3.4,100.71,0.2,397.32,34,5.9
CUST_03112,55,84851.15,39111.41,307,4.3,127.77,6.1,534.31,17,9.2
CUST_03113,20,32852.74,1711.68,38,1.2,44.87,2.8,50.94,54,5.0
CUST_03114,70,139017.15,115713.17,391,6.1,294.68,5.2,1854.38,7,10.0
CUST_03115,69,145246.73,162368.03,600,7.3,271.46,6.5,2081.64,2,7.5
CUST_03116,30,38438.16,1726.85,51,1.1,32.6,4.2,34.26,31,4.2
CUST_03117,18,50024.34,496.45,19,0.7,26.48,2.3,17.99,43,5.0
CUST_03118,58,139251.41,87378.06,400,12.1,211.59,2.6,2800.58,17,7.8
CUST_03119,33,63049.5,27101.96,306,4.2,86.57,5.4,418.24,35,6.0
CUST_03120,30,63153.67,14568.98,97,3.6,150.47,2.2,551.86,34,6.0
CUST_03121,40,75142.11,21784.17,188,5.1,117.32,3.2,567.3,43,4.7
CUST_03122,26,79708.64,15436.09,125,2.8,123.61,4.0,321.59,48,6.7
CUST_03123,38,133600.4,171005.94,499,6.4,331.18,6.5,2192.38,33,8.2
CUST_03124,44,,1793.85,13,1.4,133.67,0.8,186.86,16,7.5
CUST_03125,30,32051.75,2072.58,43,1.0,47.07,4.3,40.17,72,5.5
CUST_03126,37,93878.14,34555.22,297,5.2,116.65,5.5,523.56,21,6.7
CUST_03127,18,41136.35,67.66,1,0.1,67.57,1.3,4.34,50,5.1
CUST_03128,61,109793.71,120559.8,590,6.3,200.57,7.8,1288.03,10,9.8
CUST_03129,63,97162.58,5988.67,27,0.3,223.39,7.0,71.29,260,4.7
CUST_03130,24,24446.22,1004.48,21,1.0,46.66,1.6,52.32,62,8.1
CUST_03131,30,31197.03,985.36,34,1.2,28.85,2.6,31.58,41,3.7
CUST_03132,27,44734.07,1242.69,40,1.3,30.15,2.8,36.98,60,3.3
CUST_03133,59,134540.31,7594.66,40,1.0,198.28,3.7,171.05,111,2.8
CUST_03134,45,71192.15,14737.53,115,3.8,130.53,2.5,491.25,32,6.8
CUST_03135,31,79178.53,1977.71,19,2.4,105.14,0.6,274.68,23,7.5
CUST_03136,39,109209.98,7242.05,88,3.2,81.29,2.1,287.38,64,9.1
CUST_03137,18,33684.23,572.89,18,0.8,32.19,2.0,23.87,84,8.1
CUST_03138,38,41913.19,1336.28,25,1.3,50.17,1.6,69.6,53,5.5
CUST_03139,19,51711.28,8270.47,64,2.1,134.13,2.7,255.26,32,7.8
CUST_03140,32,172469.06,225276.34,649,8.3,336.81,6.5,2888.16,13,9.1
CUST_03141,43,53033.17,9387.06,118,2.6,76.72,4.0,195.56,30,7.4
CUST_03142,50,128232.54,14602.53,61,0.6,235.86,8.9,136.73,164,4.1
CUST_03143,43,71182.68,32565.58,214,2.7,,7.4,366.73,14,8.1
CUST_03144,55,43391.71,15861.47,135,3.9,117.56,3.8,347.84,40,7.3
CUST_03145,24,107520.68,10116.35,109,3.6,90.59,2.6,324.24,5,6.2
CUST_03146,20,,5946.08,80,2.7,78.07,2.4,206.46,36,6.4
CUST_03147,39,37416.31,710.12,19,1.2,38.1,1.3,45.52,65,3.9
CUST_03148,29,37572.36,1478.58,23,0.6,65.34,3.6,34.23,78,3.8
CUST_03149,21,46367.99,1253.96,31,0.9,39.8,3.5,29.86,35,7.5
CUST_03150,26,,32303.71,225,3.2,139.03,5.9,456.27,62,7.5
CUST_03151,35,70997.21,7443.96,57,2.4,123.27,2.2,281.97,32,7.6
CUST_03152,20,,13665.91,131,2.1,110.5,5.4,210.89,7,5.8
CUST_03153,38,32525.73,2150.1,50,1.1,44.37,4.2,42.66,38,5.3
CUST_03154,29,56018.37,24385.06,202,4.1,121.97,4.7,432.36,22,7.6
CUST_03155,18,91845.14,3806.65,33,2.1,113.46,1.2,264.35,38,7.1
CUST_03156,24,89000.22,1201.63,11,1.7,106.79,0.5,200.27,16,8.5
CUST_03157,35,139254.6,26130.1,89,0.9,304.36,8.3,262.35,163,2.0
CUST_03158,43,125833.36,108606.91,411,7.8,261.3,4.1,2207.46,5,8.4
CUST_03159,49,29977.79,779.28,23,1.3,36.7,1.5,43.29,72,4.1
CUST_03160,39,77566.01,25082.6,207,2.7,120.12,6.6,316.7,53,7.2
CUST_03161,51,109474.1,27577.36,220,4.5,125.45,3.6,638.36,47,8.0
CUST_03162,55,165007.28,143774.37,472,6.4,305.52,5.4,,19,7.5
CUST_03163,45,92729.24,21084.64,217,4.1,98.32,4.8,366.05,57,8.0
CUST_03164,39,,17217.44,201,2.0,85.89,8.2,174.97,75,7.7
CUST_03165,46,137115.36,295251.09,1218,12.7,240.09,7.9,3114.46,25,8.7
CUST_03166,50,51251.11,28288.63,385,5.0,69.99,6.0,392.9,36,7.4
CUST_03167,28,97739.12,5796.15,20,0.2,301.43,9.1,53.08,176,
CUST_03168,45,103413.51,151660.64,601,7.1,254.43,6.4,1974.75,38,7.5
CUST_03169,40,24035.51,520.36,11,0.8,46.55,1.2,36.14,70,8.6
CUST_03170,28,51075.17,18626.31,143,1.8,130.49,6.7,231.67,20,4.9
CUST_03171,26,42196.0,283.95,6,1.1,47.15,0.5,47.32,33,5.5
CUST_03172,56,81758.89,10895.38,124,3.6,89.44,3.0,302.65,51,8.4
CUST_03173,46,145767.65,48798.1,185,4.8,257.4,3.5,1161.86,29,8.7
CUST_03174,47,128918.8,232403.7,650,8.5,382.47,6.9,2806.81,4,9.2
CUST_03175,37,170992.36,76970.86,245,3.5,323.81,5.5,1166.23,2,9.5
CUST_03176,40,120038.82,285866.78,689,5.1,391.91,11.3,2108.16,6,8.1
CUST_03177,43,47537.56,120.2,5,0.3,24.96,1.2,8.35,53,2.7
CUST_03178,25,33386.58,68.85,2,0.5,35.35,0.4,14.34,73,4.6
CUST_03179,32,36094.77,300.72,14,0.6,22.0,2.1,11.93,107,6.6
CUST_03180,40,34330.96,361.57,23,1.1,15.98,1.8,16.74,37,4.8
CUST_03181,40,118007.61,205661.48,566,7.7,363.57,6.2,2764.27,1,10.0
CUST_03182,39,85461.53,7174.45,75,1.9,92.66,3.2,186.83,29,6.3
CUST_03183,40,74124.16,11436.6,99,2.3,,3.7,257.58,54,7.5
CUST_03184,50,73633.77,7133.79,106,4.1,67.78,2.4,247.7,26,7.0
CUST_03185,45,91118.55,35911.39,251,3.9,135.94,5.0,598.52,50,5.9
CUST_03186,64,88645.79,10596.88,152,3.6,70.6,3.2,275.96,31,6.8
CUST_03187,32,84216.36,6437.88,86,2.0,74.73,3.7,145.0,5,8.2
CUST_03188,35,83320.19,34147.78,284,2.3,119.81,9.2,309.31,56,6.7
CUST_03189,26,39242.58,2001.91,70,1.2,27.89,5.1,32.71,46,5.2
CUST_03190,18,341180.87,457.44,23,0.9,20.6,2.0,19.06,73,4.5
CUST_03191,35,60861.07,22591.48,155,2.5,150.37,5.6,336.18,37,7.7
CUST_03192,48,86250.14,9058.46,39,0.4,225.88,6.9,109.4,187,5.5
CUST_03193,53,126045.76,7967.7,31,0.4,243.96,7.5,88.53,154,2.7
CUST_03194,24,81790.85,11329.44,104,3.8,110.14,2.5,377.65,30,6.3
CUST_03195,53,66110.39,32409.91,217,2.4,155.23,6.4,422.0,36,
CUST_03196,22,52419.64,13151.25,91,2.2,149.87,4.0,273.98,40,
CUST_03197,37,98652.25,7227.34,34,0.6,206.16,4.8,125.47,212,4.0
CUST_03198,21,31595.56,109.39,7,0.6,16.46,1.0,9.12,88,7.5
CUST_03199,35,112793.8,167133.34,468,5.9,356.44,6.6,2110.27,5,9.8
CUST_03200,36,63011.67,23081.96,174,4.3,133.36,3.3,582.88,41,7.9
CUST_03201,40,76531.7,19097.24,147,3.2,132.6,3.9,408.06,40,6.2
CUST_03202,44,75708.71,23691.16,181,3.1,134.35,4.6,429.19,34,8.0
CUST_03203,40,,255944.8,608,6.8,412.35,6.7,,30,9.3
CUST_03204,42,35379.0,463.63,18,0.7,25.17,2.2,17.56,78,3.8
CUST_03205,20,36420.13,370.46,9,0.9,39.77,1.0,30.87,50,5.9
CUST_03206,30,25875.33,184.26,3,0.1,60.54,2.7,5.69,78,7.1
CUST_03207,36,34657.57,576.49,12,0.9,48.03,1.1,43.67,44,6.0
CUST_03208,18,28532.96,419.09,19,1.6,21.95,1.0,34.92,74,7.9
CUST_03209,50,94821.75,35312.35,276,3.3,124.25,6.5,452.72,37,7.7
CUST_03210,43,97760.92,14680.84,121,2.2,127.88,4.0,305.85,45,6.3
CUST_03211,36,163771.09,92041.37,360,6.7,252.31,4.4,1743.21,2,7.4
CUST_03212,35,37961.36,822.14,29,1.0,28.85,2.5,27.4,89,7.1
CUST_03213,37,153303.1,142411.99,537,6.6,262.24,7.2,,1,9.3
CUST_03214,26,42924.84,47.18,3,0.4,16.23,0.6,,33,4.8
CUST_03215,39,374045.96,9640.78,193,3.2,48.71,4.7,170.94,34,7.4
CUST_03216,64,146050.8,54091.14,183,8.0,290.46,2.0,2253.8,7,9.3
CUST_03217,60,152387.63,198743.06,616,8.6,329.61,5.7,,5,9.2
CUST_03218,62,120780.27,85816.88,292,7.6,298.07,3.5,2043.26,19,10.0
CUST_03219,31,25397.09,737.9,23,0.7,32.63,2.8,21.96,52,6.4
CUST_03220,18,33313.24,521.8,13,0.4,40.07,3.2,13.59,49,5.3
CUST_03221,57,47242.66,15185.45,152,2.7,94.17,4.9,258.26,18,8.0
CUST_03222,43,132058.26,83331.71,551,7.2,159.96,5.7,1218.3,21,7.9
CUST_03223,30,122789.54,145934.07,518,9.0,279.0,4.7,2587.48,1,
CUST_03224,44,156223.51,264911.07,665,7.0,393.28,8.0,2759.49,28,9.2
CUST_03225,25,145061.17,156051.55,718,6.3,220.86,9.3,1398.31,1,10.0
CUST_03226,18,37403.73,401.25,9,0.8,46.94,0.9,37.15,72,5.5
CUST_03227,30,76741.17,31105.72,187,2.3,167.35,6.6,392.75,52,8.7
CUST_03228,41,89566.95,6661.88,52,2.5,132.97,1.7,326.56,39,7.0
CUST_03229,25,129113.15,81903.8,300,8.5,268.53,3.2,2132.91,8,8.2
CUST_03230,62,90741.56,2166.78,22,3.5,102.75,0.6,300.94,37,7.9
CUST_03231,28,71195.78,385.26,8,3.3,48.23,0.2,160.52,54,5.6
CUST_03232,41,84429.43,55022.73,371,5.0,151.82,6.9,664.53,34,8.4
CUST_03233,41,77417.88,12874.37,145,4.9,85.91,2.4,447.03,18,7.6
CUST_03234,27,142938.99,279531.58,947,8.3,281.9,8.8,2647.08,11,8.0
CUST_03235,39,71054.51,4474.87,40,3.3,113.09,1.1,339.01,20,5.9
CUST_03236,32,72973.99,7356.01,64,2.1,118.68,2.7,227.04,43,7.3
CUST_03237,31,80922.62,11260.87,76,2.0,141.09,3.2,293.25,40,7.1
CUST_03238,30,88613.07,197.43,1,0.0,197.43,10.4,1.58,159,3.6
CUST_03239,20,74612.64,1643.08,18,3.3,90.43,0.5,273.85,22,8.1
CUST_03240,35,79105.66,16680.33,227,4.5,73.75,4.4,315.92,48,7.2
CUST_03241,33,54761.24,14845.93,119,2.3,125.53,4.6,268.95,63,8.3
CUST_03242,54,61214.93,12989.07,128,2.1,103.0,4.9,,61,6.5
CUST_03243,51,87234.7,14710.51,124,1.9,125.76,5.4,227.01,32,8.4
CUST_03244,18,37942.3,57.64,2,0.1,27.37,2.3,2.09,19,4.9
CUST_03245,35,36562.92,776.33,15,0.5,51.45,2.2,29.41,64,5.8
CUST_03246,54,115216.36,143805.93,583,8.3,247.27,6.0,1997.3,16,9.2
CUST_03247,32,84891.97,7892.24,66,1.2,116.34,4.6,142.98,63,8.3
CUST_03248,51,61483.17,13834.86,128,3.0,109.93,3.7,311.6,27,5.8
CUST_03249,30,28754.9,436.01,29,0.9,14.87,2.7,13.46,99,6.4
CUST_03250,32,66954.2,5734.28,45,3.1,130.44,1.3,367.58,61,7.1
CUST_03251,38,89887.8,4233.91,49,3.3,87.31,1.4,252.02,36,
CUST_03252,28,167779.06,207403.04,565,7.8,360.76,6.2,2787.68,5,8.1
CUST_03253,26,62441.61,11252.54,130,3.9,85.85,2.5,375.08,8,8.4
CUST_03254,40,113287.31,130310.03,547,10.9,240.58,4.0,2714.79,1,7.5
CUST_03255,23,83159.08,4419.63,68,4.0,,1.3,283.31,12,
CUST_03256,37,126630.37,92610.8,425,6.4,223.11,5.8,1330.61,11,9.2
CUST_03257,47,34423.17,880.68,24,1.4,37.73,1.5,48.93,35,5.9
CUST_03258,28,26859.88,4384.12,59,2.7,75.33,1.9,192.29,43,6.3
CUST_03259,43,53500.2,4806.54,121,1.9,40.0,5.1,78.54,53,6.3
CUST_03260,47,39516.74,1908.92,49,1.3,39.35,2.9,54.85,68,7.5
CUST_03261,39,61077.35,39050.04,59,1.1,149.59,4.6,157.84,55,8.5
CUST_03262,51,70737.37,11679.06,70,2.0,162.44,3.3,294.93,27,7.6
CUST_03263,41,51893.71,1712.55,17,3.2,96.39,0.4,356.78,33,8.4
CUST_03264,47,158963.06,126379.65,577,6.9,219.89,6.4,1645.57,2,9.1
CUST_03265,22,34683.44,1095.88,27,0.9,39.88,2.4,38.05,73,4.9
CUST_03266,30,114110.92,71364.25,415,10.0,175.84,3.1,1918.39,18,9.4
CUST_03267,42,43057.35,4347.15,49,3.7,88.97,1.3,278.66,22,8.7
CUST_03268,64,86055.21,5315.17,83,5.0,63.16,1.5,295.29,30,7.3
CUST_03269,61,85689.89,10240.17,75,2.3,140.07,2.7,316.05,26,7.4
CUST_03270,18,39554.06,566.65,11,0.4,50.38,2.6,18.16,78,6.8
CUST_03271,33,74684.35,16215.68,144,3.1,115.12,3.6,375.36,53,8.4
CUST_03272,33,164635.05,197774.82,618,7.2,310.51,7.9,2086.23,1,9.5
CUST_03273,33,42229.93,752.63,24,1.3,30.58,1.4,44.8,70,5.1
CUST_03274,36,102507.0,26295.68,167,3.4,152.36,4.4,498.02,5,7.0
CUST_03275,25,28139.64,95.49,2,0.8,46.32,0.2,39.79,61,6.8
CUST_03276,30,,60.43,3,0.2,19.04,1.4,3.6,52,4.7
CUST_03277,24,44109.55,86.28,3,1.5,28.33,0.2,35.95,33,
CUST_03278,55,61315.6,10920.06,79,2.7,144.5,2.4,379.17,28,7.7
CUST_03279,39,70350.04,33261.05,171,5.2,193.76,2.6,1066.06,21,6.0
CUST_03280,30,20000.0,1185.09,39,1.7,30.81,2.1,47.03,92,7.7
CUST_03281,27,74674.28,27769.28,216,3.9,134.05,4.1,564.42,51,6.3
CUST_03282,46,177060.34,238811.82,927,8.0,248.1,8.7,2287.47,19,9.7
CUST_03283,24,40387.37,513.68,13,1.1,39.88,1.0,42.81,43,5.8
CUST_03284,43,35658.96,1080.67,26,1.0,43.51,2.1,42.88,56,
CUST_03285,25,,11484.1,102,3.7,114.81,2.3,416.09,32,8.0
CUST_03286,48,132750.58,51874.11,253,5.9,191.99,3.4,1271.42,1,7.0
CUST_03287,51,72905.96,22084.82,169,4.0,125.53,3.3,557.7,42,7.2
CUST_03288,31,41754.47,1743.58,43,1.6,39.68,2.6,55.88,81,5.6
CUST_03289,51,113267.69,4932.81,20,0.3,242.06,5.0,82.21,180,5.0
CUST_03290,38,57083.36,8297.26,184,4.0,46.35,3.5,197.55,34,7.9
CUST_03291,47,131041.53,51321.77,256,7.5,206.54,3.1,1379.62,9,8.7
CUST_03292,36,42815.43,986.72,41,1.4,23.67,2.2,37.38,45,7.3
CUST_03293,38,53063.24,4266.28,37,2.4,110.06,1.1,323.2,42,6.8
CUST_03294,42,65444.0,32566.93,342,5.8,98.22,5.7,476.12,42,7.6
CUST_03295,49,119371.52,9901.12,36,0.4,275.83,7.1,116.21,169,2.7
CUST_03296,69,137094.67,167489.13,611,7.9,272.21,6.0,2326.24,1,7.8
CUST_03297,50,101681.79,26513.39,249,3.6,108.04,5.6,394.54,30,6.1
CUST_03298,64,114149.42,96209.56,354,7.1,273.22,3.8,2109.86,5,9.3
CUST_03299,20,67888.06,14290.52,89,2.7,165.68,2.7,441.07,17,7.1
CUST_03300,33,27158.33,986.32,23,0.7,42.49,2.6,31.61,62,3.1
CUST_03301,53,103056.87,11698.65,75,2.3,155.18,3.2,304.65,63,7.0
CUST_03302,45,103241.96,3012.18,10,0.4,295.75,2.3,109.14,152,2.0
CUST_03303,43,61992.02,6665.43,85,1.9,78.9,3.4,163.37,46,7.3
CUST_03304,28,73793.03,9621.23,65,2.4,144.92,2.4,334.07,46,7.2
CUST_03305,39,71874.03,17294.86,126,2.4,135.88,4.4,327.55,40,6.9
CUST_03306,32,84616.96,8883.48,87,2.5,98.46,3.2,231.34,46,5.4
CUST_03307,33,88058.74,17966.25,127,3.5,142.6,3.2,467.87,48,6.7
CUST_03308,43,162619.1,189556.02,666,7.3,276.79,7.4,2134.64,19,10.0
CUST_03309,45,65263.01,24667.53,256,3.6,97.01,6.0,342.6,54,7.0
CUST_03310,20,67235.75,6309.59,115,2.5,53.83,4.5,116.84,57,10.0
CUST_03311,25,29961.4,61.36,3,0.6,19.67,0.4,12.78,32,5.8
CUST_03312,18,23252.59,919.17,21,0.7,42.28,2.2,34.82,56,5.6
CUST_03313,37,30610.48,727.42,26,0.7,28.15,2.9,20.9,38,3.6
CUST_03314,32,95662.7,105360.42,383,9.1,279.5,3.5,2508.58,7,8.5
CUST_03315,18,72892.27,15448.99,138,3.3,108.78,3.4,378.65,29,5.6
CUST_03316,29,43151.4,1365.88,38,0.8,36.44,4.2,27.1,77,7.7
CUST_03317,32,82389.77,13322.37,93,3.5,139.12,2.0,555.1,15,6.6
CUST_03318,54,155404.03,205435.14,821,9.2,259.53,7.6,2252.58,8,8.7
CUST_03319,52,,699.02,18,0.9,38.29,1.8,32.36,36,5.2
CUST_03320,24,36860.11,265.91,8,0.8,33.61,1.0,22.16,66,7.7
CUST_03321,51,,8779.34,102,2.9,90.6,3.4,215.18,67,6.6
CUST_03322,40,,174624.69,549,6.6,325.64,7.4,1966.49,1,8.6
CUST_03323,20,20000.0,1229.28,31,0.5,40.12,4.5,22.76,61,7.0
CUST_03324,39,74301.61,979.87,7,2.4,132.34,0.2,408.28,44,6.2
CUST_03325,18,36012.63,59.12,1,0.4,59.12,0.1,49.27,101,6.4
CUST_03326,33,20000.0,261.69,9,0.8,29.37,1.1,19.82,56,7.5
CUST_03327,24,32272.49,276.28,10,0.3,27.92,2.9,7.94,46,5.9
CUST_03328,33,67299.89,6600.46,53,2.1,128.27,2.3,239.15,29,7.9
CUST_03329,33,123368.95,138554.82,431,7.2,325.26,5.1,2263.97,13,8.4
CUST_03330,18,32994.8,95.42,5,0.5,19.17,0.9,8.84,23,5.1
CUST_03331,42,77840.21,18884.38,40,2.0,117.18,1.6,239.22,28,8.2
CUST_03332,18,20138.31,62.61,3,0.1,20.65,2.7,1.93,48,5.4
CUST_03333,51,114644.55,126316.71,468,4.5,257.68,8.1,1299.55,16,8.8
CUST_03334,55,174271.27,126919.5,563,8.3,225.77,5.4,1958.63,7,10.0
CUST_03335,51,38785.86,716.16,21,0.5,34.82,3.1,,87,6.2
CUST_03336,31,28794.65,2718.55,54,1.4,50.51,3.4,66.63,72,5.8
CUST_03337,60,125609.61,7451.3,31,0.6,242.9,4.0,155.24,129,4.3
CUST_03338,37,31669.56,318.03,5,1.1,61.58,0.4,66.26,71,6.6
CUST_03339,24,71283.16,11054.16,91,2.3,123.19,3.3,279.15,41,6.9
CUST_03340,29,51423.59,146.96,6,0.4,24.14,1.3,9.42,71,2.5
CUST_03341,24,27250.64,892.61,21,0.9,42.14,1.9,39.15,80,7.3
CUST_03342,33,62005.14,13314.49,100,1.5,132.72,5.0,221.91,37,7.7
CUST_03343,42,74046.45,9174.56,105,2.1,90.46,3.8,201.2,61,7.9
CUST_03344,55,131365.7,209237.26,605,8.6,352.34,5.7,3059.02,1,8.7
CUST_03345,31,95712.22,20835.67,138,4.0,151.85,2.9,598.73,55,6.6
CUST_03346,21,34350.3,135.72,5,1.0,28.15,0.4,28.27,92,5.1
CUST_03347,18,93013.72,22735.64,164,3.2,142.83,3.8,498.59,48,6.4
CUST_03348,32,55305.67,4560.66,38,3.8,121.77,0.9,422.28,46,8.6
CUST_03349,47,84951.89,982.55,7,2.9,138.94,0.2,409.4,17,7.3
CUST_03350,44,78642.8,25141.88,209,3.8,115.42,4.2,498.85,13,7.8
CUST_03351,41,50253.77,18391.21,266,3.7,68.59,6.0,255.43,22,
CUST_03352,31,76395.75,13339.38,94,4.3,141.37,1.7,653.89,44,7.2
CUST_03353,58,98929.15,12675.75,56,0.9,225.88,4.4,240.07,129,2.7
CUST_03354,29,102332.62,18501.64,142,3.4,131.64,3.5,440.52,16,8.4
CUST_03355,38,185750.41,71789.24,553,9.6,130.19,4.9,1220.91,19,7.7
CUST_03356,43,148025.92,223056.06,786,7.0,279.07,9.2,2020.44,1,9.7
CUST_03357,38,20000.0,196.83,5,0.8,38.28,0.5,32.8,63,7.0
CUST_03358,43,82449.52,4110.08,44,3.3,100.79,1.0,342.51,56,7.4
CUST_03359,23,41820.01,725.59,21,0.6,33.82,2.7,22.39,56,7.4
CUST_03360,32,40814.26,903.82,17,1.0,53.64,1.4,53.8,55,5.9
CUST_03361,18,28875.54,437.27,8,0.5,,1.6,22.77,44,6.8
CUST_03362,40,72462.78,6945.56,66,1.0,104.11,6.2,93.35,18,5.0
CUST_03363,18,35137.9,635.22,18,1.3,35.43,1.1,48.12,56,5.4
CUST_03364,36,65722.82,8901.06,96,4.2,91.28,2.0,370.88,29,7.7
CUST_03365,51,85344.36,15454.11,70,0.7,218.9,7.7,167.25,140,2.7
CUST_03366,35,53522.52,24232.21,178,4.1,136.29,3.4,593.93,29,8.4
CUST_03367,60,67256.89,4033.29,56,1.0,72.26,4.7,71.51,36,6.1
CUST_03368,62,80968.2,14498.77,187,3.2,79.9,5.2,232.35,27,7.5
CUST_03369,38,156779.8,104536.92,613,7.5,170.46,6.9,1262.52,1,10.0
CUST_03370,32,26606.58,35.29,1,0.9,35.29,0.1,29.41,79,8.9
CUST_03371,53,41145.06,34279.53,333,3.9,102.06,8.0,357.08,57,4.4
CUST_03372,31,74956.22,32411.75,218,4.7,145.41,3.6,750.27,45,6.9
CUST_03373,49,63029.03,17618.14,155,2.5,118.83,4.9,299.63,13,8.3
CUST_03374,25,24047.67,214.6,8,0.8,27.05,0.8,22.35,83,5.4
CUST_03375,39,32736.77,1164.02,32,0.9,34.89,2.9,33.45,38,5.9
CUST_03376,37,29499.9,1239.55,19,0.7,61.23,2.0,51.65,72,5.9
CUST_03377,25,42071.39,740.25,20,0.9,37.12,2.0,30.84,37,7.7
CUST_03378,54,140223.0,67513.13,352,5.7,191.44,5.3,1061.53,45,8.0
CUST_03379,38,176643.16,168881.99,658,10.1,257.21,5.4,2606.2,3,9.3
CUST_03380,32,22044.06,432.59,9,0.7,47.85,1.1,32.77,72,6.0
CUST_03381,43,,11273.1,94,2.2,115.64,3.6,260.95,22,4.9
CUST_03382,40,79750.94,22809.25,159,3.7,143.44,4.1,463.6,20,6.8
CUST_03383,32,151233.56,1010010.03,596,6.4,323.34,8.0,1924.81,16,9.0
CUST_03384,21,97669.51,578.78,7,2.8,82.05,0.2,241.16,45,9.3
CUST_03385,51,200000.0,33345.6,149,4.9,226.41,2.7,1029.19,4,8.9
CUST_03386,22,29322.31,239.28,8,1.5,30.95,0.4,49.85,61,5.4
CUST_03387,31,78254.59,20799.8,137,3.8,157.1,2.9,597.7,18,7.6
CUST_03388,41,54369.14,25411.39,162,2.9,157.38,4.7,450.56,49,7.2
CUST_03389,42,183314.72,110543.62,393,8.0,276.09,4.3,2142.32,13,9.4
CUST_03390,32,31544.54,486.6,13,0.5,36.8,2.5,16.22,50,8.7
CUST_03391,55,87945.71,21500.94,37,4.1,115.63,0.8,461.78,53,7.6
CUST_03392,29,36870.27,42.48,1,0.6,42.48,0.1,35.4,93,5.1
CUST_03393,29,22192.06,2673.97,59,1.3,45.83,3.8,58.64,75,7.8
CUST_03394,28,58302.58,19357.32,256,4.2,74.2,5.4,298.72,27,9.1
CUST_03395,52,122317.55,4686.86,33,0.7,139.02,3.5,111.59,70,4.1
CUST_03396,63,99416.71,12419.2,63,1.0,200.26,4.8,215.61,157,5.2
CUST_03397,26,,745.77,21,0.6,36.26,3.0,20.72,32,6.0
CUST_03398,30,42744.16,1776.69,41,1.1,42.73,3.0,49.35,63,6.6
CUST_03399,24,36765.51,31498.43,289,3.9,106.19,5.6,468.73,51,6.4
CUST_03400,29,59337.93,7686.94,89,1.6,,4.5,142.35,39,5.9
CUST_03401,38,84710.81,105023.23,484,6.1,214.04,6.7,,3,7.6
CUST_03402,31,79797.53,148634.63,507,7.6,293.14,6.5,1905.57,1,9.5
CUST_03403,39,109666.9,7552.43,50,1.0,154.06,4.2,149.85,60,1.6
CUST_03404,42,70231.13,18954.69,204,3.7,90.91,4.9,322.36,27,6.8
CUST_03405,48,40526.58,2182.17,59,1.2,37.24,4.3,42.29,39,6.1
CUST_03406,29,34250.82,101.43,2,0.1,53.13,1.7,4.97,63,4.0
CUST_03407,34,28153.31,2019.18,41,1.3,50.24,2.7,62.32,60,5.3
CUST_03408,41,89103.77,4405.68,28,0.4,168.73,6.0,61.19,108,3.1
CUST_03409,32,54879.5,40239.09,268,5.0,138.88,5.0,670.65,24,7.1
CUST_03410,60,110657.51,133415.2,337,4.6,381.04,7.1,1565.91,12,7.3
CUST_03411,18,82477.97,11105.16,203,2.6,56.96,6.1,151.71,48,5.8
CUST_03412,51,250515.53,149503.75,508,8.1,299.6,4.6,2708.4,2,8.9
CUST_03413,47,159819.13,109513.55,401,7.7,271.27,4.3,,15,10.0
CUST_03414,39,92674.21,8231.65,71,2.8,110.63,2.3,298.25,34,6.9
CUST_03415,20,41834.09,736.13,19,1.0,37.92,1.5,40.9,81,6.4
CUST_03416,34,65775.56,8384.56,97,2.1,85.87,3.3,211.73,42,7.5
CUST_03417,26,70202.52,2944.68,30,3.3,99.92,0.7,350.56,66,7.8
CUST_03418,20,27264.67,2935.93,48,1.3,60.3,2.8,87.38,93,6.4
CUST_03419,55,73118.64,12268.61,78,2.0,155.25,3.6,284.0,36,7.1
CUST_03420,37,170634.41,152365.42,490,5.7,310.63,7.5,1692.95,12,9.5
CUST_03421,35,31681.54,3123.99,44,1.6,71.17,2.1,123.97,76,6.5
CUST_03422,46,72356.89,30348.07,255,4.2,120.63,5.6,451.61,30,5.5
CUST_03423,37,36702.87,238.57,5,0.4,45.94,1.1,18.07,24,6.2
CUST_03424,53,153747.32,85577.91,286,5.0,315.22,4.7,1517.34,5,9.4
CUST_03425,38,26164.46,1002.19,20,0.7,49.65,2.3,36.31,81,7.4
CUST_03426,27,61654.09,10778.88,89,2.7,121.05,2.8,320.8,18,8.9
CUST_03427,58,88641.64,17849.61,164,3.1,115.67,4.4,338.06,23,7.4
CUST_03428,42,59619.78,18856.32,241,3.1,79.14,6.4,245.52,31,6.5
CUST_03429,21,47570.6,1290.44,31,1.3,42.94,2.0,53.77,76,5.8
CUST_03430,32,91499.5,21950.76,162,3.0,139.83,4.7,389.2,57,7.6
CUST_03431,56,64842.27,7060.69,65,2.9,111.24,1.9,309.68,58,6.8
CUST_03432,52,129221.32,4848.83,32,0.4,146.07,7.0,57.72,214,1.9
CUST_03433,26,35271.54,2342.85,59,1.3,39.78,3.5,55.78,95,7.7
CUST_03434,32,66102.01,26340.25,289,4.9,89.15,4.8,457.3,7,7.9
CUST_03435,43,36035.85,1037.51,37,0.6,29.09,5.2,16.63,46,5.9
CUST_03436,39,60453.32,17590.9,227,3.5,78.96,5.5,266.53,44,6.7
CUST_03437,39,85309.74,31149.08,283,4.1,111.49,5.3,489.77,20,6.8
CUST_03438,38,95192.74,7556.08,103,3.4,73.01,2.6,242.18,40,7.2
CUST_03439,46,123625.83,8912.97,51,0.9,172.02,4.5,165.05,221,1.3
CUST_03440,51,118426.53,7928.54,41,0.6,191.82,5.2,127.06,180,3.5
CUST_03441,64,51321.28,15093.89,136,2.8,,3.9,322.52,32,6.8
CUST_03442,31,82715.67,11104.81,94,3.2,115.57,2.8,330.5,24,7.9
CUST_03443,26,79400.09,11436.72,151,3.1,77.15,4.2,226.92,35,6.1
CUST_03444,46,122355.74,13592.72,60,0.9,224.75,6.0,188.79,194,4.1
CUST_03445,63,76287.49,6232.81,26,0.5,250.03,4.8,108.21,167,3.2
CUST_03446,50,66934.15,24357.2,135,3.7,181.82,2.8,724.92,34,6.5
CUST_03447,24,32072.71,1522.67,36,0.8,41.65,3.6,35.25,62,4.1
CUST_03448,26,20000.0,642.52,23,1.1,27.85,2.2,24.34,51,4.1
CUST_03449,18,49407.35,18488.61,163,2.9,116.28,4.7,327.81,65,8.3
CUST_03450,50,,331217.01,977,10.0,333.59,8.6,3209.47,14,
CUST_03451,21,62788.74,19876.02,176,3.1,115.63,4.4,376.44,22,7.3
CUST_03452,31,25556.52,228.61,6,0.2,40.21,2.8,6.8,109,6.7
CUST_03453,36,27820.59,2184.55,76,1.5,27.88,4.1,44.4,53,7.4
CUST_03454,59,53029.71,2828.75,65,3.1,44.87,1.7,138.66,35,8.5
CUST_03455,32,107796.35,9847.82,53,1.0,181.51,4.7,174.61,228,2.5
CUST_03456,52,146298.64,100474.36,338,5.9,299.39,5.2,1610.17,1,9.4
CUST_03457,19,59541.31,24020.56,203,2.8,116.08,5.2,384.94,74,4.7
CUST_03458,28,40663.39,184.35,8,0.8,23.6,0.8,19.2,79,4.9
CUST_03459,25,42173.84,2545.43,42,1.3,59.09,2.7,78.56,66,8.6
CUST_03460,40,91764.56,17112.49,179,4.0,97.19,3.4,419.42,55,8.5
CUST_03461,35,74343.42,56076.23,101,4.1,135.22,1.8,627.08,16,9.6
CUST_03462,48,134192.87,231317.34,690,6.5,358.42,7.9,2440.06,4,7.7
CUST_03463,29,63719.74,6886.69,123,2.5,58.85,4.6,124.76,11,7.1
CUST_03464,43,68966.32,5402.25,83,1.6,63.64,4.3,104.69,68,8.6
CUST_03465,52,123506.88,154740.98,440,7.5,358.86,5.0,2579.02,3,9.2
CUST_03466,28,39393.73,1260.34,33,1.1,40.58,2.2,47.74,72,4.4
CUST_03467,38,81039.76,7036.1,134,3.1,53.51,3.4,172.45,58,5.7
CUST_03468,23,28693.25,1212.93,26,1.0,45.91,2.4,42.12,82,8.0
CUST_03469,26,28349.96,293.8,9,0.5,33.86,1.7,14.4,26,4.7
CUST_03470,28,170212.89,312014.77,873,11.3,346.63,5.7,4561.62,36,9.9
CUST_03471,30,115937.5,110379.33,316,6.0,355.17,4.4,2090.52,4,8.8
CUST_03472,25,29110.01,920.5,22,1.2,42.33,1.5,51.14,59,5.8
CUST_03473,48,91610.83,13528.87,94,3.1,147.35,2.6,433.62,42,5.7
CUST_03474,21,28103.17,972.42,17,1.0,60.62,1.5,54.02,62,6.7
CUST_03475,41,46894.54,509.95,25,0.6,20.59,3.4,12.5,49,6.0
CUST_03476,22,21999.12,458.47,13,2.1,35.37,0.5,76.41,110,5.5
CUST_03477,56,101849.87,9596.02,50,0.7,189.88,6.0,133.28,106,2.2
CUST_03478,28,73256.59,1300.55,9,3.5,147.99,0.2,541.9,27,6.5
CUST_03479,61,94079.68,16481.8,136,2.5,127.52,4.3,319.41,19,5.7
CUST_03480,43,64825.9,1616.23,10,3.8,153.81,0.2,673.43,44,6.7
CUST_03481,25,143658.81,47716.3,291,5.7,163.19,4.2,946.75,6,9.7
CUST_03482,61,67640.83,19523.83,165,4.1,118.68,3.4,478.53,29,6.7
CUST_03483,19,75494.13,8324.09,101,2.8,79.95,3.3,210.2,21,7.9
CUST_03484,57,97803.44,3238.88,13,0.2,256.84,5.0,53.98,161,3.6
CUST_03485,42,67384.48,5275.32,38,2.2,143.84,1.4,314.01,24,6.7
CUST_03486,24,53759.0,15984.59,121,4.9,129.74,2.1,634.31,27,8.4
CUST_03487,36,92315.1,40878.92,344,4.2,112.84,7.5,454.21,45,7.2
CUST_03488,26,123634.36,107555.5,290,6.1,387.62,3.6,2489.71,11,8.3
CUST_03489,55,176300.83,235384.63,609,8.2,387.27,6.2,3163.77,5,7.5
CUST_03490,18,91894.77,8316.7,59,2.5,139.69,1.7,407.68,30,7.0
CUST_03491,42,148689.97,97338.29,385,7.7,,5.0,1622.3,14,9.1
CUST_03492,45,72640.02,37852.25,351,5.6,109.01,5.1,618.5,18,5.4
CUST_03493,21,43534.7,1157.6,28,1.0,42.58,2.6,37.1,82,3.8
CUST_03494,39,38115.15,62.84,3,1.0,22.37,0.3,17.46,77,6.0
CUST_03495,19,38308.04,1254.36,25,0.7,47.39,3.0,34.84,58,6.9
CUST_03496,36,89597.28,4970.06,55,2.3,86.36,1.9,217.99,36,7.0
CUST_03497,32,25686.99,789.27,19,1.4,42.46,1.1,59.79,80,
CUST_03498,32,31200.98,40.19,1,1.3,40.19,0.1,33.49,46,5.8
CUST_03499,40,177461.75,79960.8,402,5.2,203.0,6.8,979.91,15,9.4
CUST_03500,23,24866.46,724.9,17,0.6,43.11,2.7,22.37,77,6.5
CUST_03501,34,82292.75,2738.25,21,1.0,131.21,1.8,126.77,37,6.5
CUST_03502,18,20000.0,1327.91,38,1.6,36.34,2.1,52.69,55,5.8
CUST_03503,71,121541.89,5867.95,26,0.5,226.62,3.9,125.38,112,4.1
CUST_03504,36,102226.36,135411.34,483,7.3,279.94,5.7,1979.7,23,9.1
CUST_03505,30,31553.12,785.11,35,1.1,,2.7,24.23,53,7.2
CUST_03506,26,69414.59,9930.45,95,2.0,107.05,3.9,,33,6.8
CUST_03507,31,104993.14,10809.55,49,0.8,230.78,4.6,195.83,125,2.7
CUST_03508,39,66043.88,4499.0,37,3.5,125.79,0.8,468.65,46,8.2
CUST_03509,21,41278.05,263.1,9,1.0,29.5,0.6,36.54,75,3.8
CUST_03510,50,120333.01,171045.97,568,8.2,303.12,6.5,2192.9,12,8.8
CUST_03511,25,66621.76,10264.54,75,2.2,137.73,2.8,305.49,29,7.0
CUST_03512,31,191790.9,273829.62,730,5.9,353.57,10.4,,17,10.0
CUST_03513,45,104277.69,11974.41,59,0.8,201.43,7.2,138.59,69,4.0
CUST_03514,20,41193.65,1578.56,32,1.0,48.85,2.9,45.36,52,7.6
CUST_03515,31,33517.41,331.86,26,0.6,12.74,3.4,8.13,33,7.7
CUST_03516,50,108743.12,11245.67,60,0.6,196.24,8.0,117.14,140,1.8
CUST_03517,34,144367.77,150910.26,552,8.5,274.85,5.2,2418.43,10,8.9
CUST_03518,24,72259.04,14320.09,184,4.0,77.94,3.7,322.52,5,7.4
CUST_03519,48,135515.38,139393.23,541,9.3,252.47,5.6,2074.3,2,8.5
CUST_03520,18,75362.56,11624.09,97,2.6,124.16,3.4,284.9,39,9.0
CUST_03521,45,71052.98,1220.08,9,4.1,138.13,0.2,508.37,54,4.7
CUST_03522,40,81878.12,29916.44,277,3.8,111.82,5.7,437.37,19,7.1
CUST_03523,42,83742.6,1609.98,25,3.5,65.82,0.6,223.61,38,5.9
CUST_03524,30,185261.9,59313.0,215,6.2,278.78,2.7,1830.65,3,6.9
CUST_03525,52,163850.85,129655.94,447,7.0,301.34,4.6,2348.84,14,8.7
CUST_03526,44,143215.23,12674.34,55,5.8,225.2,0.9,1173.55,9,9.8
CUST_03527,47,107205.76,18153.29,105,1.4,178.44,6.3,240.12,196,3.8
CUST_03528,23,41445.36,1755.88,28,1.3,61.53,1.8,81.29,68,5.4
CUST_03529,59,135726.37,4322.57,18,0.4,243.77,4.1,87.86,154,2.1
CUST_03530,44,82072.35,10859.48,119,3.3,92.7,2.9,312.05,18,6.7
CUST_03531,38,49873.66,19568.46,131,3.3,145.84,2.7,603.96,30,5.8
CUST_03532,27,30467.45,244.26,24,0.8,10.0,2.7,7.54,157,6.0
CUST_03533,39,48878.85,4256.08,35,3.1,120.09,0.9,394.08,45,7.5
CUST_03534,23,34433.0,6693.7,98,2.7,72.12,3.3,169.03,47,5.5
CUST_03535,45,50847.93,16134.11,156,4.1,99.86,3.7,363.38,60,9.3
CUST_03536,47,153534.63,238284.85,746,8.6,306.23,7.6,2612.77,3,
CUST_03537,18,89849.14,7375.59,101,2.5,73.68,3.3,186.25,40,8.9
CUST_03538,33,82000.26,7002.91,69,1.6,,3.5,166.74,25,6.1
CUST_03539,25,32453.19,793.68,39,0.9,21.14,3.2,20.67,95,6.3
CUST_03540,47,161838.14,128634.07,432,6.4,,5.5,1949.0,24,9.4
CUST_03541,34,73663.14,20280.07,261,3.4,80.42,6.4,264.06,30,4.9
CUST_03542,31,45496.5,247.23,5,1.0,49.83,0.4,51.51,92,7.5
CUST_03543,26,152623.27,54334.44,168,5.5,329.27,2.5,1811.15,26,8.9
CUST_03544,47,94747.83,7741.89,93,4.1,86.82,1.9,339.56,60,7.7
CUST_03545,35,30343.96,1039.03,18,1.1,58.98,1.4,61.85,104,6.3
CUST_03546,40,154322.73,204953.86,797,7.9,256.76,8.0,2134.94,1,9.4
CUST_03547,25,112568.18,217918.51,1004,11.0,223.4,7.3,2487.65,5,9.0
CUST_03548,32,78687.32,7703.92,74,1.9,105.33,3.3,194.54,41,8.3
CUST_03549,59,65278.66,7787.38,93,2.9,81.63,2.4,270.4,24,6.4
CUST_03550,41,59507.2,20466.13,275,4.3,76.22,5.0,341.1,15,6.6
CUST_03551,25,45128.5,1127.73,27,1.1,43.01,1.9,49.46,42,5.5
CUST_03552,44,149439.67,51218.49,182,6.3,280.69,2.6,1641.62,5,8.4
CUST_03553,47,51733.41,2545.38,22,1.5,111.91,1.3,163.17,29,6.9
CUST_03554,33,57396.01,19516.17,259,3.5,74.46,5.5,295.7,24,6.2
CUST_03555,59,157780.48,264847.62,737,10.9,367.12,5.2,4244.35,2,8.6
CUST_03556,43,58126.15,14133.06,170,2.5,84.94,6.4,184.02,17,7.0
CUST_03557,48,58480.58,17498.82,163,3.4,109.06,3.9,373.91,39,8.2
CUST_03558,41,87701.61,4114.43,54,2.8,77.03,1.5,228.58,43,8.5
CUST_03559,41,147038.58,39927.0,207,7.5,179.61,2.5,1330.9,4,7.2
CUST_03560,38,71908.21,31626.25,223,4.1,141.43,4.2,627.5,10,7.1
CUST_03561,62,252478.38,7782.97,75,3.1,98.49,2.0,324.29,17,8.2
CUST_03562,35,24323.93,346.35,18,0.7,18.78,1.9,15.19,29,4.2
CUST_03563,44,128551.17,85850.48,286,6.7,324.85,3.6,1987.28,1,9.1
CUST_03564,24,99054.82,20949.54,169,4.2,125.9,3.8,459.42,57,7.2
CUST_03565,34,76570.72,21704.72,139,3.7,156.49,3.0,602.91,9,7.1
CUST_03566,52,31877.61,875.75,42,1.2,20.75,3.2,22.81,72,6.1
CUST_03567,75,32610.08,2088.65,21,3.0,99.27,0.6,290.09,21,6.3
CUST_03568,36,28278.33,866.95,19,1.3,48.12,1.4,51.6,53,3.9
CUST_03569,38,27481.24,1486.83,44,1.1,35.68,3.6,34.42,75,3.3
CUST_03570,44,33326.51,717.97,20,0.7,35.95,2.2,27.2,104,5.4
CUST_03571,32,82247.82,11687.74,239,4.8,49.51,4.1,237.56,28,5.6
CUST_03572,52,52616.72,9075.0,92,1.9,95.02,4.1,184.45,20,7.2
CUST_03573,50,23596.33,253.21,7,1.1,36.17,0.6,35.17,33,5.2
CUST_03574,31,,7184.07,29,0.6,242.16,3.9,153.51,60,3.3
CUST_03575,18,35050.46,1549.09,37,0.8,41.07,3.9,33.1,83,6.8
CUST_03576,48,78527.47,17597.89,114,3.8,154.7,2.1,698.33,42,7.4
CUST_03577,28,113422.5,72836.71,261,5.3,270.14,4.1,1480.42,15,8.2
CUST_03578,31,80700.95,658.72,8,3.4,83.51,0.2,274.47,37,7.6
CUST_03579,18,33185.07,838.8,23,0.9,36.53,2.2,31.77,34,4.4
CUST_03580,21,80310.68,7251.75,123,3.1,58.84,3.3,183.13,34,7.9
CUST_03581,18,63968.91,1940.65,24,2.8,82.97,0.7,231.03,40,7.4
CUST_03582,42,34567.38,454.04,19,0.7,24.76,2.4,15.77,85,7.4
CUST_03583,46,73968.42,11266.23,92,4.3,127.39,1.7,552.27,65,5.9
CUST_03584,38,39392.85,1120.05,27,1.4,42.83,1.6,58.34,41,5.6
CUST_03585,26,64972.26,22999.25,198,4.2,116.64,4.8,399.29,23,7.6
CUST_03586,46,42418.32,19862.92,142,3.0,138.61,3.7,447.36,40,7.7
CUST_03587,32,72024.78,22287.73,201,3.1,115.24,5.2,357.18,11,7.1
CUST_03588,18,30870.84,807.6,31,1.2,26.01,2.1,32.05,74,7.7
CUST_03589,38,101323.68,81095.13,354,5.1,230.86,6.1,1107.86,1,9.6
CUST_03590,41,173632.29,117350.56,374,9.3,305.28,2.8,3492.58,7,8.0
CUST_03591,42,96469.46,19662.61,77,0.7,259.29,9.6,170.68,119,2.6
CUST_03592,34,160031.54,124394.11,460,6.3,258.15,8.0,1295.77,1,8.5
CUST_03593,32,93429.6,8262.0,131,3.5,61.66,3.0,229.5,33,6.2
CUST_03594,31,63512.09,15999.65,172,2.5,93.96,5.8,229.88,58,6.8
CUST_03595,30,88500.75,14392.54,123,3.3,118.97,3.5,342.68,55,6.1
CUST_03596,51,49594.23,5863.36,54,2.3,105.77,2.0,244.31,23,8.6
CUST_03597,44,71780.69,11628.95,104,4.6,112.95,1.9,510.04,31,7.1
CUST_03598,35,84691.67,12946.26,143,2.3,90.43,5.5,196.16,25,7.6
CUST_03599,49,51404.42,6948.36,56,2.9,126.01,1.6,361.89,20,6.8
CUST_03600,22,41060.13,328.74,14,0.6,23.88,1.9,14.42,55,5.5
CUST_03601,53,,109442.4,352,9.5,322.76,3.1,2942.0,21,9.6
CUST_03602,24,72493.93,4410.37,35,2.1,121.04,1.5,245.02,49,7.0
CUST_03603,61,145294.61,86620.95,257,5.3,341.09,3.9,1850.88,6,8.9
CUST_03604,35,72105.19,21479.17,176,5.1,121.55,3.3,542.4,15,6.2
CUST_03605,39,90867.89,18921.67,245,4.2,76.11,4.7,335.49,44,6.4
CUST_03606,43,161252.34,66833.66,249,4.6,257.91,4.4,1265.79,2,8.9
CUST_03607,39,44848.46,1065.96,19,0.7,57.06,2.3,38.62,50,4.3
CUST_03608,46,78866.01,10900.63,95,3.3,123.26,2.5,363.35,38,7.7
CUST_03609,42,116577.39,5154.48,26,0.4,197.71,6.0,71.59,155,1.5
CUST_03610,40,106427.92,3341.6,10,0.3,329.23,3.0,92.82,109,2.7
CUST_03611,27,70246.95,5829.32,67,3.0,88.44,2.0,242.89,50,7.3
CUST_03612,34,161019.91,49773.92,175,4.4,279.82,3.6,1152.17,19,8.5
CUST_03613,19,84329.23,18817.68,140,3.5,134.41,3.7,423.82,47,6.4
CUST_03614,30,34313.2,763.27,14,0.6,55.1,1.8,35.34,90,6.4
CUST_03615,54,79116.53,13525.53,107,2.8,121.57,3.0,375.71,14,8.2
CUST_03616,28,167559.35,306146.89,1063,11.4,290.8,6.5,3924.96,2,9.4
CUST_03617,26,88031.93,7533.67,46,1.7,156.02,2.2,285.37,37,8.2
CUST_03618,21,234551.45,2021.4,46,0.9,43.9,4.0,,81,
CUST_03619,32,47751.62,426.49,31,1.3,14.11,2.0,17.77,93,3.8
CUST_03620,55,149765.78,129843.09,520,7.3,264.84,5.3,2041.56,6,8.9
CUST_03621,21,47118.3,1194.52,28,0.9,41.19,2.6,38.29,81,7.4
CUST_03622,32,61775.99,18562.33,261,4.8,,4.2,368.3,40,8.6
CUST_03623,45,76980.37,37550.23,274,5.0,133.85,4.5,695.37,11,7.1
CUST_03624,30,43206.92,1039.84,26,0.9,38.51,2.1,41.26,70,5.7
CUST_03625,32,69784.3,35427.98,175,3.8,192.09,4.0,738.08,15,7.8
CUST_03626,55,60397.65,15212.38,172,2.8,94.51,4.7,269.72,24,7.1
CUST_03627,43,158832.44,88967.3,285,9.2,329.67,2.6,2851.52,1,9.9
CUST_03628,44,20000.0,968.36,19,0.7,51.4,2.4,33.62,46,4.4
CUST_03629,18,32578.6,897.69,37,1.0,23.57,3.1,24.13,118,6.6
CUST_03630,47,91275.43,1494.42,11,2.3,134.69,0.5,249.07,22,6.9
CUST_03631,29,24780.76,1273.26,27,1.3,46.75,1.6,66.32,92,
CUST_03632,49,148166.96,101183.62,470,6.2,218.2,6.0,1405.33,4,9.1
CUST_03633,31,75610.63,25152.29,205,3.9,125.89,3.8,,48,7.4
CUST_03634,41,71968.88,39498.88,299,5.0,132.49,5.4,609.55,42,7.0
CUST_03635,47,130125.18,132625.76,345,7.1,387.38,4.3,2570.27,17,10.0
CUST_03636,29,75752.83,10499.76,75,2.4,141.91,2.9,301.72,18,6.5
CUST_03637,54,121389.14,5513.11,25,0.7,216.44,2.9,158.42,118,2.3
CUST_03638,25,182936.11,139656.53,426,4.9,327.93,7.5,1551.74,19,8.6
CUST_03639,44,79846.78,12460.25,124,3.7,,3.0,346.12,33,7.0
CUST_03640,51,50572.34,8773.7,210,3.6,41.92,4.7,155.56,48,8.3
CUST_03641,33,79271.55,35995.96,282,5.4,125.07,4.0,749.92,36,8.4
CUST_03642,65,150584.25,5882.39,34,0.6,178.94,4.7,104.3,264,3.3
CUST_03643,49,69519.66,9600.53,71,1.4,141.21,4.4,181.83,54,6.5
CUST_03644,18,94243.09,32052.31,310,4.0,104.45,5.9,452.72,30,8.7
CUST_03645,26,36259.62,901.25,24,1.0,36.71,2.0,37.55,65,8.1
CUST_03646,50,149566.7,149110.44,442,5.3,341.06,7.1,1750.12,6,9.1
CUST_03647,39,62829.3,5120.74,55,2.1,87.75,2.1,203.2,51,8.0
CUST_03648,23,45804.14,4010.44,41,2.4,100.9,1.5,222.8,52,6.6
CUST_03649,58,46797.0,20329.61,151,4.0,135.42,2.9,584.18,29,8.3
CUST_03650,56,89993.48,8818.27,52,0.7,179.47,6.7,109.68,236,2.2
CUST_03651,31,25001.78,431.98,12,0.5,34.47,2.1,17.14,25,6.8
CUST_03652,42,,15065.84,136,4.3,111.18,2.9,432.93,36,9.5
CUST_03653,25,44819.67,474.75,23,0.7,22.21,2.6,15.22,39,7.3
CUST_03654,62,142286.0,197757.97,702,9.1,284.4,5.8,2841.35,10,9.0
CUST_03655,47,116866.61,80740.09,370,3.0,236.47,10.4,646.96,21,8.4
CUST_03656,18,62398.31,7835.89,63,2.4,119.99,2.1,310.95,36,5.7
CUST_03657,22,52504.82,32438.45,395,4.7,84.43,6.8,397.53,5,7.3
CUST_03658,38,76753.75,16699.47,218,3.7,76.51,4.8,289.92,39,8.1
CUST_03659,29,76499.35,9746.94,142,5.2,70.2,2.5,,52,5.4
CUST_03660,67,79885.92,142.5,1,0.0,142.5,6.4,1.86,200,4.4
CUST_03661,40,83116.22,11983.17,172,2.5,68.03,5.4,184.93,34,6.6
CUST_03662,42,80220.43,15109.17,118,3.9,129.62,2.3,547.43,45,6.8
CUST_03663,52,153000.06,291578.52,957,10.9,299.67,6.8,3573.27,14,8.3
CUST_03664,56,117851.92,1228427.04,1282,11.0,228.07,9.7,2299.91,2,8.5
CUST_03665,28,85493.57,13598.87,123,2.1,114.95,4.6,246.36,45,
CUST_03666,51,67649.42,809.21,7,3.4,115.42,0.2,337.17,39,8.4
CUST_03667,18,,145.32,4,0.4,37.13,0.9,13.46,82,
CUST_03668,38,136363.21,179632.12,703,8.9,246.83,7.4,2022.88,4,7.3
CUST_03669,39,136734.79,91961.75,526,6.5,170.55,5.5,1393.36,12,9.8
CUST_03670,59,75243.02,8689.11,88,1.9,94.86,3.3,219.42,59,7.6
CUST_03671,38,91681.85,18226.16,156,3.1,116.49,4.8,316.43,23,6.6
CUST_03672,42,153936.78,68241.16,272,7.7,256.61,3.0,1895.59,37,
CUST_03673,41,34131.56,301.68,8,1.0,37.03,0.7,35.91,64,6.0
CUST_03674,45,176437.14,46100.48,170,3.3,280.04,3.9,985.05,3,9.5
CUST_03675,46,52134.18,19771.34,102,3.0,195.54,2.7,610.23,38,5.1
CUST_03676,18,82957.48,27270.45,270,2.9,99.78,8.0,284.07,41,6.3
CUST_03677,25,165931.61,118819.81,518,9.6,234.34,4.3,2302.71,16,8.9
CUST_03678,49,81328.96,20060.53,193,3.7,96.99,4.1,407.73,49,7.7
CUST_03679,28,35789.94,1384.91,40,1.3,33.89,3.0,38.47,42,5.2
CUST_03680,33,73848.78,22829.08,193,2.7,121.64,5.7,333.76,32,7.2
CUST_03681,33,44612.73,109.9,3,0.1,35.61,2.3,3.98,104,7.3
CUST_03682,52,169483.44,169323.64,758,9.8,212.95,7.1,1987.37,18,8.7
CUST_03683,35,42779.17,969.61,26,1.1,39.06,2.1,38.48,48,4.7
CUST_03684,21,94770.3,4810.04,38,1.0,121.9,3.1,129.3,40,5.1
CUST_03685,21,27989.69,661.94,19,1.4,36.21,1.1,50.15,54,7.3
CUST_03686,43,45885.33,8113.9,99,3.5,81.98,2.4,281.73,65,7.3
CUST_03687,39,80295.24,6445.66,28,0.3,229.0,8.0,67.14,108,3.3
CUST_03688,30,67269.08,9899.0,106,4.2,95.27,2.1,392.82,32,7.1
CUST_03689,61,162257.71,75233.07,319,4.3,240.62,7.1,883.02,8,9.9
CUST_03690,50,179710.37,173399.64,985,9.5,180.68,7.6,1901.31,1,8.2
CUST_03691,47,24309.15,398.87,8,0.5,50.68,1.3,25.57,111,6.2
CUST_03692,42,73369.81,25608.33,215,4.0,122.77,4.3,496.29,42,8.1
CUST_03693,18,35016.07,1337.42,36,1.1,35.95,2.4,46.44,69,4.9
CUST_03694,18,86747.06,4936.45,59,3.0,87.53,1.5,274.25,58,7.1
CUST_03695,34,83217.99,34008.79,327,3.6,98.68,7.4,382.98,45,5.5
CUST_03696,45,189848.94,148740.28,531,7.7,281.24,5.8,2137.07,1,9.2
CUST_03697,53,96607.65,6114.94,25,0.5,261.0,4.1,124.29,197,3.0
CUST_03698,29,27780.95,2346.48,53,1.5,43.27,3.4,57.51,24,6.7
CUST_03699,66,80393.11,9146.65,34,0.4,272.19,7.9,96.48,107,2.7
CUST_03700,19,77093.06,17591.42,193,3.5,94.53,4.5,325.77,28,6.8
CUST_03701,48,50210.43,5513.01,57,1.7,97.72,2.9,,34,9.5
CUST_03702,23,43216.56,38.45,1,0.9,38.45,0.1,32.04,83,5.1
CUST_03703,28,40798.45,19151.75,131,2.6,140.76,4.1,389.26,42,8.5
CUST_03704,21,36636.17,1030.49,20,0.7,52.76,2.2,39.03,84,8.4
CUST_03705,55,146115.48,6948.07,53,0.4,136.52,10.1,57.33,235,4.0
CUST_03706,35,31410.82,1841.88,41,1.3,45.9,2.5,61.4,49,7.8
CUST_03707,31,40433.46,2584.81,62,1.8,,3.0,71.8,63,8.3
CUST_03708,51,76591.29,6540.16,59,1.2,107.38,3.9,139.75,13,4.3
CUST_03709,30,51278.18,15753.26,125,3.5,125.27,2.9,452.68,33,5.8
CUST_03710,46,81553.68,7461.64,51,0.5,153.04,9.1,68.33,112,3.2
CUST_03711,45,135161.8,153190.2,465,5.6,340.22,7.5,1702.11,29,10.0
CUST_03712,27,,218.98,6,0.7,36.99,0.7,26.07,96,2.9
CUST_03713,26,32068.16,19.51,1,0.7,19.51,0.1,16.26,15,5.5
CUST_03714,34,68325.7,17886.64,113,2.3,163.73,4.0,372.64,34,8.6
CUST_03715,29,86640.35,5682.98,36,0.4,156.34,7.5,63.14,77,4.1
CUST_03716,45,75649.81,7887.5,69,2.1,108.41,2.6,252.8,15,6.4
CUST_03717,53,44237.46,32277.15,254,4.7,134.49,4.7,572.29,40,6.7
CUST_03718,38,83796.73,114888.67,446,6.7,238.12,5.6,1709.65,44,7.9
CUST_03719,18,58636.4,17709.92,195,4.8,89.81,3.2,461.2,44,6.1
CUST_03720,35,71484.36,6371.34,77,1.0,85.66,6.4,82.96,38,7.7
CUST_03721,23,71422.18,22613.2,186,4.7,116.25,3.5,538.41,32,6.4
CUST_03722,36,32961.33,244.11,7,0.5,34.44,1.3,15.65,82,5.1
CUST_03723,48,92747.56,6823.85,39,0.5,170.64,6.4,88.85,197,1.5
CUST_03724,56,148229.05,76057.65,268,4.2,276.94,6.7,945.99,21,10.0
CUST_03725,42,62675.86,14531.95,158,3.6,89.1,3.2,378.44,31,8.0
CUST_03726,70,59912.35,12178.89,49,0.4,258.24,10.3,98.53,212,5.1
CUST_03727,37,134368.22,168463.9,458,6.8,359.13,5.4,2599.75,6,8.7
CUST_03728,41,95619.46,114252.53,439,7.1,259.84,4.9,1943.07,1,8.2
CUST_03729,51,123638.08,118267.04,403,7.0,288.44,4.7,,1,9.3
CUST_03730,39,62755.93,4381.21,74,3.3,60.43,2.1,173.86,64,6.6
CUST_03731,41,158414.41,74827.44,382,6.7,199.76,5.2,1199.16,1,8.3
CUST_03732,75,116270.06,17319.61,99,0.9,178.04,10.4,138.78,161,2.7
CUST_03733,36,259017.31,15573.02,127,3.6,119.99,2.7,480.65,38,7.1
CUST_03734,48,68144.35,11384.78,88,1.4,129.7,6.0,158.12,42,6.5
CUST_03735,33,78971.86,11028.63,87,1.5,128.85,5.1,180.21,28,8.4
CUST_03736,18,108679.48,12392.08,116,4.6,107.92,1.9,543.51,22,7.5
CUST_03737,40,22578.36,1304.95,28,0.9,44.92,2.8,38.84,65,5.1
CUST_03738,18,40381.16,1794.54,41,1.2,43.13,2.8,53.41,88,7.6
CUST_03739,18,20000.0,531.58,21,0.4,24.97,4.1,10.8,57,3.6
CUST_03740,33,57778.42,13063.26,130,3.5,99.69,3.1,351.16,29,7.5
CUST_03741,59,140265.22,17554.13,67,1.0,253.84,5.5,265.97,104,1.7
CUST_03742,24,46556.83,68.26,2,0.1,35.25,1.4,4.06,15,4.4
CUST_03743,24,36197.35,1297.65,53,1.2,23.85,3.2,33.79,55,5.9
CUST_03744,42,133267.62,31025.16,121,5.2,255.82,2.1,1231.16,8,10.0
CUST_03745,37,120057.82,134257.94,413,8.7,334.44,4.1,2728.82,17,8.5
CUST_03746,32,88458.49,8275.22,207,4.2,40.0,3.9,176.82,36,5.5
CUST_03747,29,40710.56,754.29,24,0.5,31.69,4.1,15.33,62,4.5
CUST_03748,49,70948.58,17541.64,161,3.8,107.85,3.7,395.08,22,
CUST_03749,27,73619.71,9074.87,138,2.0,64.03,5.3,142.69,35,6.4
CUST_03750,30,37563.23,23.96,1,1.2,23.96,0.1,19.97,64,4.9
CUST_03751,24,48551.66,1716.31,41,1.3,39.81,2.4,59.59,80,6.3
CUST_03752,50,129357.43,24992.04,102,1.2,258.03,6.3,330.58,108,3.0
CUST_03753,42,72667.45,15023.31,222,4.0,69.21,4.7,266.37,54,6.7
CUST_03754,24,236509.59,827.22,26,0.8,30.04,3.0,22.98,54,3.5
CUST_03755,27,53406.25,17179.04,142,3.9,126.62,3.0,477.2,53,8.3
CUST_03756,39,140476.79,43706.47,215,3.2,206.96,5.4,674.48,1,9.2
CUST_03757,40,145688.6,182004.84,692,8.3,269.3,8.0,1895.88,11,9.8
CUST_03758,36,90683.82,6038.9,53,2.3,122.86,1.9,264.86,29,7.5
CUST_03759,61,77902.43,7291.82,124,2.3,59.0,3.9,155.81,33,8.4
CUST_03760,26,38211.7,3191.9,73,1.5,43.15,3.7,71.89,69,3.8
CUST_03761,38,132981.1,151969.94,380,8.0,394.7,3.8,3332.67,28,10.0
CUST_03762,44,22753.04,387.96,9,0.7,43.89,1.0,32.33,71,6.4
CUST_03763,30,43455.63,9970.56,116,4.6,91.39,2.1,395.66,37,7.3
CUST_03764,40,51970.54,32999.46,188,3.1,179.31,5.0,549.99,29,8.3
CUST_03765,33,100788.25,16138.27,109,1.9,152.21,4.8,280.18,46,6.7
CUST_03766,18,89969.69,47436.1,346,4.3,136.09,6.6,598.94,43,8.4
CUST_03767,34,44780.29,12274.92,184,3.6,67.89,4.9,208.76,5,7.3
CUST_03768,36,68399.96,14800.17,112,2.5,130.62,4.5,274.08,45,4.3
CUST_03769,44,145003.12,111848.15,679,8.6,174.94,7.0,1331.53,45,8.4
CUST_03770,52,148712.41,113864.21,325,5.0,344.08,5.0,1897.74,13,8.8
CUST_03771,48,83406.16,15815.11,177,4.4,88.07,3.2,411.85,45,8.2
CUST_03772,32,133663.5,3244.21,18,0.6,186.56,2.4,112.65,205,3.6
CUST_03773,59,89051.22,20584.69,197,4.4,106.9,3.7,463.62,18,6.7
CUST_03774,28,20000.0,2157.74,44,0.9,49.57,3.7,48.6,69,3.8
CUST_03775,30,34041.2,434.76,11,0.7,38.32,1.2,30.19,15,6.3
CUST_03776,54,116020.23,18192.0,78,1.1,235.55,5.4,280.74,141,1.7
CUST_03777,18,38198.99,1129.73,30,0.9,37.32,2.9,32.46,56,6.4
CUST_03778,28,71706.6,14425.47,169,3.8,85.45,3.7,324.9,19,7.3
CUST_03779,32,34957.7,70.63,1,1.0,68.82,0.1,58.86,87,3.3
CUST_03780,25,33437.65,246.52,9,0.4,27.28,1.6,12.84,88,6.8
CUST_03781,36,86221.43,8288.85,87,2.9,99.06,2.3,300.32,11,6.9
CUST_03782,57,94928.4,22307.04,138,3.0,163.07,3.7,502.41,31,6.6
CUST_03783,54,97222.44,159041.05,497,7.4,,5.3,2500.65,1,9.4
CUST_03784,32,44273.63,850.11,20,1.0,42.13,1.6,44.28,71,7.5
CUST_03785,38,24444.77,1167.11,19,0.9,63.82,1.9,51.19,56,4.5
CUST_03786,49,152424.64,177315.65,500,7.1,336.93,5.4,2736.35,5,9.1
CUST_03787,36,57946.37,26905.98,191,4.9,143.59,2.8,800.77,61,6.4
CUST_03788,47,82548.73,21683.75,244,3.2,86.52,6.1,296.23,21,7.2
CUST_03789,45,146817.35,67112.07,324,10.1,198.83,2.7,2071.36,6,8.5
CUST_03790,62,300059.72,19579.94,69,0.8,275.18,7.6,214.69,91,2.4
CUST_03791,44,74226.63,20103.72,132,2.8,156.52,4.0,418.83,74,7.3
CUST_03792,49,141406.09,179071.56,803,9.2,216.02,8.1,1842.3,30,8.4
CUST_03793,43,74754.36,480.47,4,1.9,119.3,0.2,200.2,46,6.3
CUST_03794,37,39003.59,946.44,23,1.1,42.86,1.8,43.82,86,7.0
CUST_03795,34,121677.37,308865.79,973,9.3,318.31,8.5,3028.1,16,8.5
CUST_03796,31,32707.53,1810.81,43,0.9,43.42,4.5,33.53,58,5.2
CUST_03797,22,88498.03,14524.05,173,2.9,82.99,4.9,247.01,37,6.7
CUST_03798,42,108411.0,225738.01,638,8.0,345.68,5.9,3188.39,1,9.6
CUST_03799,29,144203.22,37577.41,113,7.0,321.71,1.3,2408.81,4,8.3
CUST_03800,49,76355.06,3046.61,36,3.6,84.83,0.8,317.36,27,8.3
CUST_03801,47,88396.5,15996.52,178,4.1,92.42,3.5,380.87,31,6.8
CUST_03802,48,76697.2,7786.86,52,0.9,155.37,5.5,117.98,100,1.7
CUST_03803,56,38718.82,664.87,16,0.9,40.73,1.7,32.59,48,5.1
CUST_03804,46,89055.39,6262.54,38,0.6,160.14,5.1,102.33,277,4.1
CUST_03805,22,34831.45,14449.27,114,3.9,124.71,2.3,523.52,33,6.5
CUST_03806,38,96143.17,5388.79,20,0.4,276.55,3.8,118.18,125,3.9
CUST_03807,47,55805.98,9193.63,114,4.3,82.23,2.0,383.07,34,9.4
CUST_03808,49,73278.46,24586.73,178,3.1,140.55,5.0,409.78,5,7.0
CUST_03809,25,144033.88,203375.71,660,10.2,322.71,5.0,3389.6,20,8.3
CUST_03810,44,108878.61,106972.94,466,6.8,226.15,5.3,1681.96,1,9.5
CUST_03811,61,39865.94,2629.65,55,1.2,48.02,3.4,64.45,76,6.3
CUST_03812,20,77367.97,18561.94,165,3.7,107.87,3.3,468.74,46,8.2
CUST_03813,18,65491.61,784.23,8,3.4,100.98,0.2,326.76,55,7.4
CUST_03814,32,86078.57,11278.16,93,2.7,121.81,2.9,324.09,59,8.1
CUST_03815,44,113264.23,7045.7,64,2.4,114.37,2.2,266.88,57,6.2
CUST_03816,59,50413.16,10402.79,126,3.4,,3.3,262.7,25,8.1
CUST_03817,55,40280.84,17848.47,154,3.1,113.22,3.8,391.41,30,5.8
CUST_03818,45,44274.64,491.86,16,0.7,30.69,1.9,21.57,15,6.3
CUST_03819,37,36103.22,673.87,25,1.0,27.76,1.9,29.56,52,5.6
CUST_03820,46,92682.88,9758.81,92,2.2,111.07,3.1,262.33,65,6.1
CUST_03821,48,92039.41,10707.48,85,2.5,127.25,2.9,307.69,40,8.0
CUST_03822,62,74505.7,5662.71,48,3.3,117.25,1.4,337.07,54,7.0
CUST_03823,25,24030.45,2570.15,71,2.2,35.33,2.7,79.33,76,5.1
CUST_03824,22,78513.54,7428.2,48,1.0,158.3,3.6,171.95,41,7.3
CUST_03825,32,78079.41,28443.72,205,3.6,142.04,4.3,551.23,54,9.4
CUST_03826,36,125664.46,112401.46,435,5.9,242.92,6.2,1510.77,22,8.3
CUST_03827,60,80213.19,34734.28,309,5.1,112.49,5.0,578.9,25,6.0
CUST_03828,54,66407.04,135.24,2,1.0,65.74,0.2,56.35,29,7.0
CUST_03829,35,25904.54,1186.36,34,1.3,36.27,2.3,42.98,53,4.7
CUST_03830,51,51450.67,16636.65,209,3.2,78.84,6.3,220.06,47,7.8
CUST_03831,42,82560.48,27132.23,176,3.7,150.82,3.8,,38,8.1
CUST_03832,18,37594.2,745.29,12,0.2,62.0,5.0,12.42,83,3.6
CUST_03833,30,38217.39,1142.17,26,0.7,46.35,3.1,30.7,99,7.0
CUST_03834,52,65316.75,24684.08,327,5.5,77.6,4.7,437.66,41,6.0
CUST_03835,53,42347.32,17028.97,177,5.5,95.16,2.5,567.63,34,8.6
CUST_03836,36,41514.95,12033.49,82,4.5,154.14,1.6,626.74,5,6.2
CUST_03837,40,96624.08,4292.87,22,0.5,181.35,4.0,89.43,140,1.8
CUST_03838,52,105320.67,310664.97,752,9.5,399.46,6.3,4109.32,1,9.3
CUST_03839,45,95244.89,5218.87,24,0.5,227.75,3.8,114.45,178,3.3
CUST_03840,39,35235.49,176.07,9,0.5,19.41,1.5,9.78,101,4.9
CUST_03841,26,65736.93,18772.54,187,4.8,100.16,3.0,521.46,74,7.3
CUST_03842,65,162348.23,284789.36,794,10.7,347.33,6.2,3827.81,11,7.6
CUST_03843,39,,1391.74,23,1.3,65.41,1.6,72.49,33,
CUST_03844,19,54513.09,4734.5,63,2.2,74.77,2.6,151.75,5,6.6
CUST_03845,64,153869.56,137349.83,621,6.3,229.45,7.9,1448.84,1,8.9
CUST_03846,21,22030.91,826.13,30,1.3,27.18,1.9,36.23,68,7.8
CUST_03847,47,106894.08,3567.26,23,0.3,160.33,6.1,48.73,115,3.6
CUST_03848,47,84076.23,16383.43,132,4.3,119.22,2.8,487.6,36,4.0
CUST_03849,21,22831.22,634.33,25,0.9,25.14,2.8,18.88,72,3.9
CUST_03850,34,122244.47,198251.42,856,10.3,244.84,6.6,2503.17,28,8.8
CUST_03851,39,59142.07,4132.04,43,3.6,104.06,0.9,382.6,19,6.4
CUST_03852,54,161536.17,127636.02,526,7.4,239.08,6.8,1564.17,19,10.0
CUST_03853,37,84252.67,5680.46,66,1.0,87.9,5.7,83.05,20,7.1
CUST_03854,37,119610.32,19394.24,74,0.8,257.65,6.4,252.53,190,2.8
CUST_03855,31,31313.01,253.8,7,1.3,36.99,0.4,52.87,27,6.5
CUST_03856,42,88504.9,68522.19,226,6.1,292.63,2.8,2039.35,16,8.7
CUST_03857,56,73435.71,27135.48,226,3.7,116.54,4.5,502.51,23,9.3
CUST_03858,37,79966.91,4067.78,51,1.1,78.74,4.0,84.75,36,6.3
CUST_03859,42,58347.52,9857.7,75,1.5,135.08,3.5,234.71,41,7.7
CUST_03860,29,29423.1,2335.17,64,1.6,37.14,3.9,49.9,50,3.6
CUST_03861,32,29652.09,603.62,23,1.3,26.45,1.4,35.93,112,4.5
CUST_03862,18,62128.92,18679.44,167,3.3,115.49,4.1,379.66,30,6.6
CUST_03863,23,73942.05,16803.97,189,3.2,87.18,5.4,259.32,37,8.8
CUST_03864,35,53450.92,22493.33,167,3.8,136.02,3.9,480.63,45,7.4
CUST_03865,36,115418.2,114315.69,477,8.7,240.97,4.8,1984.65,2,7.8
CUST_03866,26,71212.12,8086.49,89,3.5,92.3,2.4,280.78,58,8.0
CUST_03867,46,62925.57,20541.76,232,2.8,88.59,7.8,219.46,45,7.4
CUST_03868,21,52566.78,2283.5,34,0.9,66.81,3.2,59.47,85,5.8
CUST_03869,52,40271.88,835.03,22,0.7,38.59,2.7,25.77,54,7.7
CUST_03870,28,174146.76,80993.17,311,7.4,262.29,3.7,1824.17,21,9.2
CUST_03871,37,49819.87,25028.87,253,4.4,100.33,4.5,463.5,44,6.2
CUST_03872,54,140254.24,190990.68,521,8.4,,5.5,2893.8,4,9.3
CUST_03873,48,168396.86,147327.55,548,7.1,268.68,6.3,1948.78,21,9.2
CUST_03874,49,29058.99,94.73,3,0.1,34.2,2.2,3.59,61,5.2
CUST_03875,37,127067.87,51586.7,294,3.7,168.38,6.8,632.19,5,8.8
CUST_03876,30,56385.77,16802.59,126,2.0,130.37,5.9,237.32,21,6.0
CUST_03877,38,155497.9,59876.69,268,8.1,222.35,2.8,1782.04,12,8.1
CUST_03878,47,36724.42,376.34,13,1.0,28.24,1.1,28.51,38,6.7
CUST_03879,54,77714.83,5981.03,40,2.4,155.87,1.3,383.4,46,6.0
CUST_03880,29,74811.43,17855.4,214,5.3,88.05,3.2,464.98,43,7.5
CUST_03881,18,36101.83,17106.59,115,3.6,157.69,2.8,509.12,23,7.7
CUST_03882,27,48819.07,649.12,16,0.7,40.05,2.0,27.05,69,7.6
CUST_03883,48,114466.76,959.95,5,0.2,191.18,2.4,33.33,164,2.3
CUST_03884,41,64150.39,28949.36,233,3.0,122.92,6.6,365.52,31,7.1
CUST_03885,35,36103.91,668.04,18,1.0,36.1,1.4,39.76,79,7.3
CUST_03886,58,81632.51,7020.98,32,1.2,236.23,2.0,292.54,176,2.3
CUST_03887,28,60934.57,7091.38,25,0.5,294.26,5.3,111.5,170,4.0
CUST_03888,31,65133.02,1571.51,22,2.0,72.86,0.8,163.7,29,5.4
CUST_03889,28,71412.57,1833.85,11,4.7,163.45,0.2,,50,7.6
CUST_03890,41,79971.76,8098.78,134,3.4,60.17,3.7,182.4,36,7.7
CUST_03891,33,44184.62,842.14,32,0.7,,3.8,18.47,96,6.7
CUST_03892,31,68649.54,17473.35,118,3.5,153.1,3.0,485.37,21,7.5
CUST_03893,32,20000.0,3583.12,68,1.0,51.88,5.0,59.72,24,8.3
CUST_03894,33,37449.94,1874.76,21,2.0,86.8,0.9,173.59,15,8.1
CUST_03895,31,39090.21,443.03,22,0.8,19.29,2.5,14.77,27,3.9
CUST_03896,19,48547.35,100.78,4,1.5,25.35,0.2,41.99,31,6.3
CUST_03897,57,99392.8,209024.34,650,9.9,334.65,5.3,3286.55,7,9.1
CUST_03898,18,23503.69,1181.22,43,1.2,26.94,3.1,31.75,83,7.9
CUST_03899,55,96064.17,18374.43,186,3.0,97.93,4.5,340.27,34,6.2
CUST_03900,26,45200.96,48.8,1,0.3,47.97,0.1,40.67,56,3.3
CUST_03901,37,68938.18,8740.34,120,3.9,70.0,2.7,269.76,35,7.0
CUST_03902,38,46017.21,11655.71,93,3.2,126.23,2.6,373.58,62,8.1
CUST_03903,53,132972.45,16491.09,64,1.0,265.96,5.3,259.29,139,5.5
CUST_03904,43,104894.53,10879.16,123,2.6,86.97,4.0,226.65,29,6.6
CUST_03905,42,34768.21,39.88,1,1.0,,0.1,33.23,53,6.1
CUST_03906,37,81506.48,13648.63,194,3.6,71.03,4.5,252.75,66,5.5
CUST_03907,36,55583.5,19333.75,190,3.3,104.94,4.2,383.61,57,8.4
CUST_03908,34,84062.02,37662.86,352,4.3,105.91,6.3,498.19,11,7.6
CUST_03909,46,60455.75,20840.49,134,3.1,151.63,3.5,496.2,62,8.5
CUST_03910,36,89215.74,27968.76,170,3.1,172.77,4.7,495.9,23,7.9
CUST_03911,53,132812.53,217465.14,737,9.4,294.68,6.6,,36,9.2
CUST_03912,26,74101.34,19243.43,156,2.8,121.21,4.4,364.46,35,7.0
CUST_03913,35,144976.26,67748.39,183,10.4,351.24,1.4,4032.64,1,8.4
CUST_03914,56,87729.41,2433.31,14,0.6,173.46,2.0,101.39,164,3.6
CUST_03915,49,67402.1,7033.46,48,0.6,140.0,6.1,96.09,91,1.9
CUST_03916,46,42025.26,20549.09,196,3.6,102.27,5.0,342.48,12,6.3
CUST_03917,37,45053.8,663.9,14,1.4,46.23,0.8,69.16,64,4.8
CUST_03918,31,99343.84,24599.46,215,4.5,117.25,3.8,539.46,28,7.8
CUST_03919,51,29847.07,730.67,33,1.0,20.61,3.1,19.64,28,5.2
CUST_03920,33,42026.98,36.65,1,1.2,36.58,0.1,30.54,65,6.6
CUST_03921,67,111680.12,4066.44,16,0.4,252.61,3.0,112.96,199,4.0
CUST_03922,31,51482.62,15049.74,115,2.0,130.79,4.6,272.64,45,6.7
CUST_03923,28,36589.42,194.63,5,0.3,,1.3,12.48,66,7.6
CUST_03924,28,88027.44,3527.79,33,1.9,100.97,1.4,209.99,20,5.7
CUST_03925,69,95063.75,3429.95,27,0.2,124.57,11.1,25.75,218,2.3
CUST_03926,46,106109.16,87167.15,320,4.8,275.57,5.4,1345.17,14,9.3
CUST_03927,25,69505.89,21044.72,155,3.0,129.19,4.0,438.43,41,6.7
CUST_03928,24,29710.66,673.4,23,1.7,30.43,1.0,56.12,92,6.0
CUST_03929,26,36553.23,181.48,5,0.2,37.07,2.3,6.58,65,5.4
CUST_03930,25,131698.15,204071.02,982,8.6,216.84,8.7,1954.7,10,9.6
CUST_03931,55,127158.33,6277.34,33,0.6,192.34,4.7,111.3,199,2.8
CUST_03932,39,139017.59,67758.56,218,7.2,301.73,2.8,2016.62,11,9.0
CUST_03933,47,73521.01,3953.9,29,2.2,137.26,1.0,329.49,27,6.3
CUST_03934,33,68201.35,12112.01,95,1.5,127.27,5.6,180.24,56,8.2
CUST_03935,65,65140.44,19569.74,205,3.1,94.43,5.1,319.77,5,6.7
CUST_03936,50,46265.05,26175.42,343,3.6,76.84,7.3,298.81,38,8.0
CUST_03937,32,62640.68,29112.54,285,2.9,105.69,7.1,341.7,54,7.1
CUST_03938,52,128205.12,94365.11,449,8.3,221.14,4.1,1917.99,12,9.2
CUST_03939,41,114093.78,115214.82,439,7.7,252.55,4.3,2232.85,7,8.0
CUST_03940,34,77043.67,5642.72,42,1.1,136.96,2.9,162.15,13,8.1
CUST_03941,22,28037.3,1926.59,32,1.3,61.47,2.0,80.27,54,4.1
CUST_03942,33,24286.4,2176.76,42,1.1,54.26,2.9,62.55,91,6.0
CUST_03943,45,117818.41,69063.32,322,7.4,215.37,3.7,1555.48,1,8.7
CUST_03944,18,62191.49,31529.55,236,3.4,131.46,6.1,430.73,33,5.1
CUST_03945,43,166042.41,61757.05,351,9.0,177.89,3.1,1660.14,36,8.8
CUST_03946,43,134910.87,260495.2,677,9.5,380.77,5.4,4019.99,1,9.8
CUST_03947,22,23469.3,323.04,10,1.2,34.34,0.7,38.46,107,5.2
CUST_03948,46,79662.63,4200.98,72,2.3,58.05,2.7,129.66,43,8.5
CUST_03949,29,130738.88,98721.0,384,8.6,260.28,4.2,1958.75,2,10.0
CUST_03950,21,64791.87,11168.75,85,2.7,137.33,2.8,332.4,41,6.5
CUST_03951,48,172648.9,43148.37,211,4.9,214.93,3.8,946.24,1,9.7
CUST_03952,37,48129.66,1465.77,24,0.7,62.69,2.6,46.98,79,5.6
CUST_03953,48,108944.19,1684.35,6,0.1,291.34,5.5,25.52,159,3.4
CUST_03954,65,122917.87,151188.67,500,5.9,,6.8,1852.8,1,7.3
CUST_03955,52,80206.14,32106.24,175,2.9,181.1,5.7,,39,6.4
CUST_03956,26,22169.04,455.13,8,0.7,56.6,0.9,42.14,63,7.2
CUST_03957,46,82426.0,3461.34,18,0.2,190.15,7.2,,251,3.9
CUST_03958,28,82981.61,3673.17,27,1.4,142.77,1.8,170.05,39,7.0
CUST_03959,28,132116.81,101256.59,353,5.2,282.54,5.9,1430.18,9,8.1
CUST_03960,52,129160.58,119482.07,592,7.2,197.87,7.3,1363.95,25,8.6
CUST_03961,31,52928.2,20861.02,220,3.0,94.05,6.0,289.74,36,6.6
CUST_03962,41,61731.3,22133.1,134,3.1,165.66,3.7,498.49,63,8.1
CUST_03963,44,160076.63,95750.42,541,6.6,181.02,7.0,1139.89,8,8.3
CUST_03964,34,69448.75,7977.74,90,2.6,87.75,3.1,214.46,30,5.4
CUST_03965,25,142451.39,150178.19,574,9.3,264.67,5.7,2195.59,6,7.7
CUST_03966,18,37117.12,47.72,1,0.9,46.43,0.1,39.77,51,4.6
CUST_03967,18,94651.44,39787.91,388,4.4,101.7,6.8,487.6,34,8.0
CUST_03968,46,62101.28,281252.23,821,9.9,344.31,7.3,3210.64,4,9.2
CUST_03969,28,76232.46,7503.81,76,1.0,99.76,6.1,102.51,38,5.2
CUST_03970,31,87667.48,6015.88,42,1.7,143.92,2.2,227.87,41,7.1
CUST_03971,46,127622.21,10299.1,59,0.7,175.37,6.6,130.04,73,3.9
CUST_03972,51,68631.57,18837.19,176,2.9,107.28,5.1,307.8,61,
CUST_03973,33,43950.31,14628.05,133,2.5,,4.7,259.36,30,6.7
CUST_03974,28,34673.18,2583.72,56,1.5,45.81,3.4,63.33,96,6.9
CUST_03975,43,93827.14,3089.02,36,2.5,85.37,1.1,234.02,30,
CUST_03976,35,116061.58,4244.85,20,0.4,220.02,4.7,75.26,235,2.3
CUST_03977,37,55826.62,6498.28,55,2.1,117.34,2.2,246.15,41,8.0
CUST_03978,28,79619.15,8509.96,117,3.1,72.76,3.7,191.67,37,7.4
CUST_03979,46,150001.27,105441.87,405,5.3,267.0,6.9,1273.45,25,9.3
CUST_03980,18,58884.61,879.88,8,3.6,108.02,0.2,366.62,47,8.0
CUST_03981,25,28403.88,677.4,18,1.7,36.18,1.1,51.32,58,6.2
CUST_03982,18,31822.34,205.51,6,0.5,34.85,1.0,17.13,66,4.2
CUST_03983,33,73199.69,17560.51,146,2.9,119.9,4.3,340.32,29,8.6
CUST_03984,44,61932.45,9973.67,102,3.6,94.25,2.6,319.67,6,7.5
CUST_03985,26,40438.91,1721.04,27,1.2,68.23,2.0,71.71,97,5.3
CUST_03986,52,107587.43,277.64,1,0.0,262.72,6.6,3.51,60,3.2
CUST_03987,27,122413.05,189204.91,553,9.2,341.32,5.9,2672.39,25,8.2
CUST_03988,36,55223.45,12952.93,111,2.8,114.1,3.3,327.09,24,7.0
CUST_03989,38,73176.27,12380.23,151,3.0,86.4,4.0,257.92,36,7.0
CUST_03990,40,44205.93,229.26,5,1.1,47.81,0.4,47.76,31,6.6
CUST_03991,53,116258.83,148295.02,486,7.9,314.23,5.0,2471.58,5,7.9
CUST_03992,62,88756.56,24619.19,212,3.8,119.93,4.7,436.51,8,6.7
CUST_03993,38,28224.22,1840.67,38,1.4,52.08,2.2,69.72,88,6.2
CUST_03994,52,133965.12,136416.72,498,4.3,284.08,8.9,1277.31,4,8.4
CUST_03995,39,87008.16,21208.81,219,3.3,99.32,4.6,384.22,57,9.6
CUST_03996,33,87634.4,5933.19,63,2.6,98.41,2.2,224.74,45,6.0
CUST_03997,56,86068.08,21558.06,153,2.9,134.88,4.7,382.24,5,7.7
CUST_03998,39,43706.77,9811.13,177,3.8,54.39,4.2,194.67,17,9.5
CUST_03999,35,86634.39,36003.71,262,3.6,140.52,5.5,545.51,5,6.9
CUST_04000,25,96347.66,105762.37,368,6.2,282.48,4.4,2003.08,45,9.5
CUST_04001,36,57690.71,22918.42,169,2.5,134.26,5.3,360.35,37,6.7
CUST_04002,19,29292.15,2065.41,47,1.4,46.34,3.1,55.52,64,6.7
CUST_04003,33,30184.49,246.17,8,0.8,30.38,0.9,,68,7.9
CUST_04004,47,176729.84,91125.97,488,7.2,189.1,5.5,1380.7,2,9.4
CUST_04005,52,104287.97,82712.86,481,6.1,168.47,6.4,1076.99,19,7.9
CUST_04006,18,,17624.63,165,4.1,110.4,2.9,506.45,52,7.7
CUST_04007,22,60795.87,10875.14,105,3.0,101.91,2.7,335.65,45,7.8
CUST_04008,32,81941.29,9965.69,71,3.9,136.07,1.4,593.2,39,7.8
CUST_04009,36,43381.75,909.38,47,1.4,19.12,2.9,26.13,68,5.7
CUST_04010,46,162523.34,161469.42,554,7.7,308.02,5.8,2319.96,7,7.4
CUST_04011,39,172935.03,673407.11,446,10.7,400.74,4.0,3998.2,1,9.1
CUST_04012,55,,7898.88,76,2.1,102.11,3.0,219.41,60,8.3
CUST_04013,33,31263.72,2450.01,68,1.8,36.29,3.1,65.86,15,4.5
CUST_04014,45,136107.92,153210.32,558,6.3,269.53,8.2,1557.02,3,8.2
CUST_04015,27,83196.86,25729.46,207,3.0,116.89,5.9,363.41,41,9.2
CUST_04016,18,83163.33,18124.26,158,2.8,119.79,4.2,359.61,46,7.8
CUST_04017,51,36019.85,875.97,19,0.8,44.64,2.0,36.5,64,5.8
CUST_04018,30,33923.13,619.33,18,1.1,34.58,1.3,39.7,80,5.9
CUST_04019,33,95472.46,15779.33,179,3.8,89.0,3.3,398.47,5,6.6
CUST_04020,18,68447.06,7526.23,162,2.3,46.82,6.1,102.82,57,6.7
CUST_04021,37,83824.2,29021.35,226,4.0,137.01,4.4,549.65,8,5.6
CUST_04022,52,60273.91,5161.55,52,1.9,97.85,2.3,187.01,29,6.2
CUST_04023,19,37549.3,98.13,9,0.7,11.76,1.0,8.18,113,7.0
CUST_04024,25,27807.35,491.35,22,0.9,22.69,2.0,,15,5.1
CUST_04025,18,36371.04,435.45,14,0.5,31.58,2.2,16.49,109,6.8
CUST_04026,25,53335.67,181.25,5,0.6,36.67,0.6,25.17,26,8.1
CUST_04027,40,60150.77,15847.88,168,3.3,100.86,4.3,307.13,16,5.6
CUST_04028,66,106181.63,225889.66,672,5.8,327.4,8.9,2115.07,22,8.2
CUST_04029,20,45083.75,307.72,10,0.4,32.57,2.5,10.26,31,9.0
CUST_04030,40,42153.82,2886.98,25,1.9,118.78,1.1,218.71,9,5.7
CUST_04031,27,34336.69,245.28,12,0.7,20.78,1.3,15.72,76,3.2
CUST_04032,36,98707.39,7595.67,72,1.8,106.5,2.8,226.06,30,7.4
CUST_04033,46,164055.57,65992.15,282,5.8,231.37,4.5,1222.08,13,8.6
CUST_04034,39,122598.95,14587.33,66,1.2,220.89,5.0,243.12,213,2.0
CUST_04035,45,155404.33,106355.2,293,7.5,343.11,3.4,2606.75,1,8.5
CUST_04036,50,118287.93,191.45,1,0.0,189.47,8.9,1.79,137,2.2
CUST_04037,31,100059.99,1945.45,9,0.1,214.39,7.6,21.33,178,5.2
CUST_04038,36,34317.16,1434.44,37,1.2,,2.4,49.81,84,5.4
CUST_04039,42,30922.94,265.9,10,0.7,26.35,1.2,18.47,83,3.8
CUST_04040,32,,13229.67,127,3.2,105.72,3.5,314.99,37,6.1
CUST_04041,25,32939.98,1292.27,36,1.3,36.42,2.5,43.08,83,5.9
CUST_04042,37,83766.25,3819.53,39,3.6,89.43,0.9,353.66,50,6.5
CUST_04043,34,48528.15,14340.85,146,2.8,93.88,4.2,284.54,35,5.4
CUST_04044,29,,31693.82,267,3.4,121.88,6.1,432.98,35,10.0
CUST_04045,48,41503.87,13214.02,195,4.3,66.47,3.9,282.35,36,6.6
CUST_04046,27,92039.55,6021.54,72,2.5,82.96,2.3,218.17,18,6.6
CUST_04047,30,54182.05,5207.71,47,1.0,113.05,3.5,123.99,49,6.6
CUST_04048,42,68212.04,38026.01,426,4.2,84.01,7.7,411.54,54,9.9
CUST_04049,27,38894.48,301.98,19,0.5,15.99,3.2,7.86,68,4.7
CUST_04050,35,87372.64,23878.86,216,3.8,106.14,4.5,442.2,25,
CUST_04051,67,154634.88,6052.4,40,0.4,154.36,8.4,60.04,282,3.7
CUST_04052,34,30218.64,680.31,26,0.8,25.33,2.8,20.25,56,
CUST_04053,45,22401.74,111.37,4,0.7,26.77,0.5,18.56,65,5.2
CUST_04054,39,74512.14,3759.15,45,3.0,86.04,1.1,284.78,52,6.5
CUST_04055,25,27738.05,994.15,18,0.8,55.78,2.0,41.42,64,7.5
CUST_04056,60,131156.85,79646.4,387,6.4,206.34,5.1,1301.41,2,10.0
CUST_04057,19,26450.62,401.82,19,0.7,20.16,2.6,12.88,15,8.7
CUST_04058,56,128709.17,157349.87,484,6.5,310.63,5.7,2300.44,4,9.3
CUST_04059,23,46983.45,779.33,19,0.6,,2.6,24.98,66,3.3
CUST_04060,37,90528.98,16834.73,63,0.7,270.33,6.8,206.31,128,1.4
CUST_04061,27,61409.12,10948.79,83,3.2,130.95,2.1,434.48,28,7.8
CUST_04062,49,71841.83,7101.01,53,2.9,140.61,1.5,394.5,44,6.0
CUST_04063,41,32355.16,163.61,8,0.9,19.7,0.7,19.48,81,7.3
CUST_04064,25,69474.9,8289.42,116,1.9,73.36,5.1,135.45,31,6.9
CUST_04065,30,34159.39,22.24,1,0.3,22.18,0.4,4.63,77,7.0
CUST_04066,44,157763.35,125140.0,358,6.8,335.45,4.3,2425.19,2,9.2
CUST_04067,45,166172.74,117420.2,461,5.6,251.35,6.3,1553.18,6,8.8
CUST_04068,51,136863.22,5061.39,30,0.4,170.75,6.8,62.03,122,4.1
CUST_04069,27,51055.73,698.93,23,1.1,31.35,2.1,27.74,44,6.8
CUST_04070,41,27049.86,322.31,7,0.6,46.12,1.1,24.42,74,5.7
CUST_04071,28,96118.7,10492.73,78,1.2,135.7,5.3,164.98,30,6.5
CUST_04072,37,37807.97,595.44,11,0.5,50.18,2.1,,34,6.8
CUST_04073,39,71464.19,6774.02,101,3.4,68.73,2.5,225.8,53,6.8
CUST_04074,29,69048.08,8732.38,153,4.4,58.0,2.8,259.89,33,8.9
CUST_04075,30,36507.59,560.85,13,0.6,44.48,2.0,23.37,60,6.0
CUST_04076,44,78629.38,27990.95,201,4.1,140.35,3.7,630.43,46,8.4
CUST_04077,54,53904.71,38180.62,366,3.4,102.71,8.5,374.32,37,5.6
CUST_04078,40,60103.42,11737.86,131,3.3,92.22,3.6,271.71,7,7.5
CUST_04079,29,36538.78,393.74,11,0.6,35.42,1.5,21.87,68,6.7
CUST_04080,28,83867.27,30987.94,195,3.7,164.91,4.7,549.43,8,9.3
CUST_04081,23,36932.41,455.91,10,0.4,44.35,2.1,18.09,86,6.3
CUST_04082,20,53397.5,13248.47,119,4.5,112.88,2.2,501.84,5,9.5
CUST_04083,56,55698.9,12943.56,104,2.9,125.69,2.8,385.22,37,6.5
CUST_04084,43,48951.82,952.83,16,0.7,57.14,1.9,41.79,15,4.6
CUST_04085,49,92873.15,7816.33,198,5.5,40.0,2.9,224.61,51,7.3
CUST_04086,40,161944.37,96686.11,333,5.3,286.93,4.7,1714.29,3,8.8
CUST_04087,42,130821.58,163102.39,576,4.9,277.29,9.6,1415.82,2,6.9
CUST_04088,18,94592.11,26489.34,147,4.3,173.43,3.0,735.82,15,
CUST_04089,38,29936.8,262.56,26,0.9,10.0,2.3,9.51,88,5.6
CUST_04090,33,178671.04,48028.81,282,6.0,171.95,4.1,976.2,3,9.3
CUST_04091,39,35110.26,2537.23,45,1.1,57.28,3.5,60.41,85,6.8
CUST_04092,36,117138.1,6672.67,56,1.2,118.04,3.7,150.29,20,8.3
CUST_04093,46,69127.3,7006.78,79,3.3,90.76,1.9,307.31,46,7.8
CUST_04094,75,95207.48,6440.67,31,0.5,204.45,5.3,,206,2.9
CUST_04095,61,80734.13,10798.22,76,2.5,141.23,2.6,346.1,35,7.2
CUST_04096,30,71078.31,18528.33,146,4.6,131.51,2.3,,32,7.0
CUST_04097,45,139861.49,29513.11,132,3.7,,3.6,683.17,17,8.7
CUST_04098,53,114238.59,263642.3,806,6.4,326.29,10.2,2153.94,19,7.8
CUST_04099,18,79497.92,7643.69,59,2.9,130.68,1.7,374.69,18,
CUST_04100,41,194273.43,255213.07,708,10.9,351.86,5.6,3797.81,3,8.3
CUST_04101,36,55786.4,29739.3,236,2.5,,7.7,,15,6.9
CUST_04102,50,77210.14,5870.08,50,2.5,114.88,1.8,271.76,34,5.8
CUST_04103,33,69811.01,27018.76,203,4.2,130.13,4.5,500.35,40,7.6
CUST_04104,49,163919.4,158198.64,648,5.6,253.11,8.9,1481.26,4,
CUST_04105,45,41944.74,7339.1,88,1.9,83.96,4.1,149.17,13,7.5
CUST_04106,41,37784.14,1442.5,30,1.0,46.19,2.5,48.08,76,2.3
CUST_04107,57,122625.34,224.79,1,0.0,222.12,5.2,3.6,174,2.7
CUST_04108,46,166796.01,248288.32,830,7.8,300.03,10.3,2008.81,4,9.0
CUST_04109,27,,327.25,8,0.5,39.88,1.3,20.98,61,5.1
CUST_04110,54,55166.33,19017.39,176,3.3,109.67,4.1,386.53,52,9.5
CUST_04111,38,85322.71,16513.87,135,3.3,123.54,3.6,382.27,37,6.2
CUST_04112,53,78742.0,14323.25,120,2.6,118.76,3.4,351.06,31,7.4
CUST_04113,43,119223.32,156792.26,645,5.6,233.15,8.7,1501.84,13,9.0
CUST_04114,49,151772.2,175958.36,746,8.8,242.57,6.6,2221.7,4,7.9
CUST_04115,28,60527.61,19096.95,166,3.1,113.44,4.1,388.15,33,7.1
CUST_04116,32,49334.57,3172.39,32,2.4,100.34,1.0,264.37,56,6.1
CUST_04117,35,64951.03,4973.31,33,0.4,145.29,7.1,58.37,158,2.5
CUST_04118,53,61942.45,26004.79,259,3.4,98.15,6.6,328.34,31,7.5
CUST_04119,42,116859.15,278812.22,818,9.5,341.63,6.8,3416.82,45,9.7
CUST_04120,27,42433.74,814.61,19,1.0,42.12,1.8,37.71,85,3.7
CUST_04121,19,82075.66,14379.51,121,2.4,120.93,4.1,292.27,13,10.0
CUST_04122,53,81334.54,8044.15,116,2.6,70.69,3.6,186.21,33,6.3
CUST_04123,21,23665.95,955.65,20,0.7,44.42,2.3,34.62,76,6.1
CUST_04124,75,123121.52,4919.56,24,0.6,207.3,3.2,128.11,99,1.5
CUST_04125,34,40580.38,416.41,10,1.3,41.42,0.7,49.57,94,7.2
CUST_04126,28,48084.8,379.77,14,1.9,27.45,0.7,45.21,63,5.1
CUST_04127,26,58388.43,676.47,20,1.2,35.18,1.4,40.27,88,5.1
CUST_04128,50,118831.36,19399.35,82,1.3,244.05,4.4,367.41,149,2.4
CUST_04129,39,53760.03,28956.16,267,3.6,107.36,6.7,360.15,50,6.4
CUST_04130,33,136746.67,106872.53,583,8.6,191.42,5.8,,7,10.0
CUST_04131,36,60328.01,13156.32,80,3.6,168.04,1.8,609.09,24,7.4
CUST_04132,39,96985.12,11219.45,83,1.8,132.58,4.0,233.74,37,6.2
CUST_04133,40,32497.19,1039.61,30,1.0,34.42,2.4,36.1,44,6.5
CUST_04134,23,85926.47,7659.62,51,2.0,152.07,2.0,319.15,36,5.1
CUST_04135,37,81169.43,13384.55,149,2.4,91.04,4.6,242.47,37,8.3
CUST_04136,31,108547.53,220238.2,1017,9.9,223.46,8.2,2238.19,9,8.5
CUST_04137,39,37733.48,2353.42,43,0.8,51.3,4.6,42.63,28,7.6
CUST_04138,49,96065.21,15913.09,219,3.1,74.87,5.5,241.11,25,5.3
CUST_04139,20,,528.18,18,0.8,28.48,1.9,23.17,20,6.0
CUST_04140,42,57126.55,18519.66,137,4.7,144.78,2.5,617.32,12,7.1
CUST_04141,55,,21491.42,150,4.3,139.61,3.0,596.98,49,6.9
CUST_04142,51,177368.64,151860.02,417,6.7,353.8,5.4,2343.52,9,7.5
CUST_04143,47,142896.56,69429.45,310,6.8,230.41,3.5,1653.08,2,9.4
CUST_04144,33,20514.23,649.49,25,0.5,26.47,3.9,13.88,34,4.9
CUST_04145,38,85806.46,2744.4,12,0.5,221.6,2.0,114.35,260,3.8
CUST_04146,32,53989.28,12555.98,137,3.6,94.9,3.3,317.07,35,9.3
CUST_04147,41,92830.61,127647.76,710,8.1,177.46,7.2,,1,9.2
CUST_04148,43,56237.5,5878.72,77,2.0,77.93,3.4,144.09,51,8.1
CUST_04149,47,42390.15,618.75,11,0.5,54.77,1.8,28.65,80,6.8
CUST_04150,35,44490.49,29.08,1,0.4,27.54,0.2,12.12,74,5.2
CUST_04151,56,139583.78,366057.85,1309,10.9,288.35,10.1,3020.28,11,8.6
CUST_04152,43,127429.23,105139.68,380,8.0,271.88,3.7,2368.01,2,8.4
CUST_04153,25,39421.03,496.45,14,0.5,34.45,2.4,17.24,31,6.3
CUST_04154,18,68478.93,8946.69,111,3.7,85.73,2.3,324.16,22,7.6
CUST_04155,43,56304.34,32583.6,330,5.7,95.85,4.6,590.28,16,7.3
CUST_04156,31,133531.58,87698.55,497,8.9,174.62,4.5,1624.05,24,7.4
CUST_04157,39,60967.65,1511.27,15,2.7,98.85,0.5,251.88,39,6.8
CUST_04158,22,22973.28,712.61,14,0.6,53.85,2.1,28.28,68,6.5
CUST_04159,45,109428.17,1077.32,5,0.1,210.76,4.0,22.44,185,1.0
CUST_04160,32,99631.83,20358.17,225,4.7,90.98,4.4,385.57,28,8.3
CUST_04161,45,70584.23,10917.65,61,4.4,185.31,1.2,,11,8.7
CUST_04162,40,131663.28,106071.46,374,5.1,277.77,6.0,1473.21,10,8.6
CUST_04163,18,86186.95,34885.64,229,3.9,148.72,4.1,709.06,29,6.4
CUST_04164,36,91014.28,3747.55,28,3.2,134.15,0.7,446.14,39,8.4
CUST_04165,19,88309.27,3038.72,30,1.1,100.2,2.4,105.51,22,7.0
CUST_04166,19,70152.14,17885.55,156,5.2,115.21,2.5,596.18,38,6.9
CUST_04167,52,79279.39,29634.87,314,4.3,,6.2,398.32,45,8.1
CUST_04168,54,150035.16,72784.42,255,7.4,286.67,2.8,2166.2,5,8.9
CUST_04169,29,85296.89,28096.13,177,3.6,153.22,3.8,616.14,40,7.3
CUST_04170,44,136633.58,179027.35,710,10.2,243.29,6.1,2445.73,1,9.0
CUST_04171,43,151508.37,109659.6,540,10.3,208.23,4.3,2125.19,1,8.3
CUST_04172,29,109360.95,7529.31,55,0.5,135.92,8.5,73.82,164,2.3
CUST_04173,18,70786.74,34247.74,210,4.4,162.71,4.4,648.63,44,8.2
CUST_04174,22,96327.39,25550.15,193,2.8,130.45,5.8,367.1,43,8.8
CUST_04175,28,29030.14,314.65,21,1.3,14.96,1.4,18.73,15,7.0
CUST_04176,51,345817.19,182.13,1,0.0,178.27,3.1,4.9,176,2.5
CUST_04177,48,57689.11,9746.47,100,3.9,98.69,2.6,312.39,30,6.5
CUST_04178,21,37833.42,917.07,29,1.0,30.61,2.6,29.39,59,7.9
CUST_04179,20,100288.37,15139.46,111,3.0,138.6,3.7,340.98,5,8.7
CUST_04180,60,88319.59,1442.7,9,4.0,159.38,0.2,601.12,58,5.7
CUST_04181,50,98933.56,10178.93,74,1.7,134.86,3.6,235.62,50,7.0
CUST_04182,18,42854.98,856.04,15,1.1,56.7,1.1,64.85,23,7.0
CUST_04183,27,33554.77,399.97,18,0.6,23.9,2.6,12.82,20,7.4
CUST_04184,33,80549.11,6798.1,52,2.0,129.57,2.6,217.89,39,6.9
CUST_04185,48,115987.89,1421266.25,878,10.1,325.56,7.6,3199.05,17,8.5
CUST_04186,67,75698.81,16993.35,164,3.3,102.7,4.6,307.85,40,6.7
CUST_04187,46,132457.59,34338.73,99,6.5,337.33,1.3,2201.2,4,9.0
CUST_04188,74,57360.84,19369.98,196,5.6,,2.9,556.61,41,9.3
CUST_04189,20,32525.92,222.58,4,0.3,56.83,1.4,13.25,50,4.7
CUST_04190,25,42430.65,610.55,15,0.6,42.91,2.1,24.23,85,5.8
CUST_04191,27,43127.01,752.48,27,1.5,28.91,1.8,34.84,45,4.6
CUST_04192,27,35020.03,179.5,4,0.9,44.78,0.4,37.4,28,5.1
CUST_04193,44,55658.71,24530.33,147,4.3,163.86,2.9,704.89,41,7.0
CUST_04194,24,42286.03,682.45,14,0.4,48.93,3.4,16.73,49,4.7
CUST_04195,36,86874.2,17566.29,152,3.5,120.57,4.1,357.04,42,7.1
CUST_04196,51,123507.95,278368.46,857,9.2,321.95,6.8,3411.38,15,8.6
CUST_04197,56,133432.34,125248.17,563,8.3,222.39,5.5,1897.7,9,8.2
CUST_04198,29,,5898.43,51,2.5,115.1,1.8,273.08,23,8.2
CUST_04199,28,77409.5,34998.01,229,4.9,144.96,4.0,729.13,27,5.8
CUST_04200,48,62199.14,8815.67,66,2.1,130.37,2.9,253.32,25,7.2
CUST_04201,29,36468.48,782.54,27,0.8,29.1,2.8,23.29,18,5.9
CUST_04202,43,122238.18,204077.87,613,9.2,346.71,5.6,3036.87,6,9.5
CUST_04203,33,177451.11,233092.9,701,8.0,319.62,6.9,2815.13,4,8.5
CUST_04204,65,94791.31,4287.19,34,0.5,133.15,5.3,67.41,80,3.8
CUST_04205,54,,74148.27,339,8.5,220.59,3.0,2059.67,45,9.2
CUST_04206,41,86694.7,23431.57,190,4.5,127.93,3.3,591.71,52,6.5
CUST_04207,56,63667.73,8069.15,86,2.8,94.99,2.6,258.63,63,7.8
CUST_04208,43,43627.28,14771.48,136,2.2,108.91,5.8,212.23,24,7.5
CUST_04209,60,115964.44,134787.35,375,7.8,374.2,4.1,2739.58,1,9.0
CUST_04210,26,139737.81,50294.08,316,8.8,171.78,3.0,1397.06,7,9.3
CUST_04211,47,153173.83,120831.31,401,7.2,310.32,4.5,2237.62,1,9.3
CUST_04212,48,67885.33,2389.25,21,2.0,118.59,0.9,221.23,49,8.4
CUST_04213,40,86509.49,43989.99,329,4.4,137.66,6.9,531.28,22,8.3
CUST_04214,43,81759.68,27139.28,256,3.6,106.92,5.8,389.93,18,6.9
CUST_04215,40,76164.29,33409.05,235,4.2,135.96,3.9,713.87,34,6.3
CUST_04216,33,52970.7,1134.43,26,0.8,44.43,2.4,39.39,79,6.6
CUST_04217,58,149652.32,314503.95,862,8.0,370.75,8.2,3196.18,1,9.9
CUST_04218,40,65332.83,36247.83,224,4.8,162.33,4.0,755.16,55,7.5
CUST_04219,22,54575.84,1037.56,24,1.5,42.39,1.4,61.76,39,
CUST_04220,54,63386.21,4914.82,44,2.9,109.85,1.2,341.31,40,7.6
CUST_04221,29,72024.0,21408.16,183,2.1,124.13,6.6,,19,6.7
CUST_04222,51,41499.55,7850.33,163,1.9,49.72,7.3,89.62,35,6.7
CUST_04223,23,40132.04,544.75,11,1.1,47.93,0.9,50.44,30,7.1
CUST_04224,37,47419.86,731.08,14,0.6,53.05,2.0,30.46,66,8.2
CUST_04225,46,71611.7,10231.97,72,3.1,138.12,1.9,448.77,12,6.8
CUST_04226,18,26671.88,517.79,12,0.8,42.24,1.3,33.19,82,7.6
CUST_04227,57,89778.95,9902.38,114,3.4,93.13,2.8,294.71,38,7.0
CUST_04228,24,93779.38,24949.93,209,2.4,125.62,6.6,315.02,24,7.1
CUST_04229,31,62592.55,6348.97,68,1.4,94.31,3.8,,90,5.5
CUST_04230,41,147202.7,123855.44,362,6.0,338.08,5.1,2023.78,19,8.9
CUST_04231,22,,315.51,6,0.6,53.01,0.8,32.87,110,4.2
CUST_04232,42,67234.63,28048.43,257,3.3,109.78,6.0,389.56,23,5.5
CUST_04233,47,77294.68,14486.4,137,2.6,105.63,4.2,287.43,46,8.3
CUST_04234,35,91066.34,6082.82,24,0.6,254.22,2.9,174.79,147,2.4
CUST_04235,41,197657.83,268716.81,899,9.0,299.2,7.9,2834.57,29,8.8
CUST_04236,37,70423.2,5032.68,61,2.6,88.82,1.9,220.73,8,4.9
CUST_04237,42,105473.56,101673.51,557,7.1,184.26,6.8,1246.0,16,8.7
CUST_04238,35,41494.8,2365.9,52,1.6,45.94,3.1,63.6,63,5.1
CUST_04239,28,46872.13,68.47,2,0.6,35.37,0.3,19.02,44,5.3
CUST_04240,59,67528.6,6163.28,82,1.5,76.93,4.2,122.29,48,9.0
CUST_04241,32,32551.87,116.13,3,0.1,40.75,2.6,3.72,38,6.8
CUST_04242,18,62574.36,8789.72,88,2.4,98.74,3.4,215.43,48,7.2
CUST_04243,20,42523.2,737.7,28,1.0,27.29,2.3,26.73,15,4.6
CUST_04244,25,62800.55,10195.16,75,3.3,136.43,2.0,424.8,51,8.1
CUST_04245,27,72883.51,17788.19,120,1.6,150.45,6.3,235.29,20,7.5
CUST_04246,52,109178.09,5856.66,46,0.4,128.03,10.9,44.78,176,3.0
CUST_04247,44,85231.43,16325.86,139,3.6,114.33,3.4,400.14,61,6.8
CUST_04248,38,162018.27,93942.37,356,8.3,269.82,3.6,2174.59,11,10.0
CUST_04249,37,58996.76,30683.87,223,4.0,138.01,4.5,568.22,52,8.3
CUST_04250,53,240733.77,126.46,1,0.0,124.08,6.9,1.53,112,4.2
CUST_04251,32,74043.05,16476.26,366,4.3,44.81,6.3,217.94,45,7.3
CUST_04252,38,131812.44,81979.94,285,4.9,294.67,4.9,1394.22,5,10.0
CUST_04253,52,75298.45,21935.89,203,4.0,113.33,4.4,415.45,43,7.8
CUST_04254,18,73708.0,2597.03,28,3.2,95.14,0.7,309.17,50,7.5
CUST_04255,49,135213.73,91455.52,402,4.3,226.27,7.6,1002.8,5,10.0
CUST_04256,42,34102.57,679.91,15,0.6,45.39,2.3,24.63,112,6.0
CUST_04257,55,132400.15,7522.95,32,0.3,230.68,9.7,64.63,217,5.1
CUST_04258,32,61947.59,13283.02,132,2.9,101.64,3.2,345.91,41,6.6
CUST_04259,56,65930.24,8512.96,59,2.0,147.72,2.4,295.59,15,7.7
CUST_04260,46,28253.37,6216.87,39,2.8,166.84,1.1,470.98,29,6.6
CUST_04261,37,120863.39,74716.3,327,6.2,237.11,4.2,1482.47,4,8.5
CUST_04262,23,26426.41,1877.09,51,1.4,38.0,2.9,53.94,66,4.9
CUST_04263,50,98072.72,14246.22,114,2.7,120.24,3.2,371.0,36,6.6
CUST_04264,43,86072.36,10434.08,169,5.7,64.01,2.1,414.05,22,7.5
CUST_04265,52,,337.9,10,1.1,35.02,0.7,40.23,81,5.7
CUST_04266,27,107233.14,1620.64,12,5.0,138.0,0.2,675.27,23,9.3
CUST_04267,21,87121.66,389.45,5,2.1,75.55,0.2,162.27,23,7.2
CUST_04268,36,89089.73,176971.11,573,7.6,304.54,6.4,2304.31,26,7.6
CUST_04269,32,22086.46,706.39,23,1.2,30.95,1.8,32.7,69,5.0
CUST_04270,35,115732.76,15837.96,84,0.8,197.94,8.3,159.02,62,3.3
CUST_04271,53,52278.39,9957.13,82,1.1,121.91,6.7,123.84,47,8.8
CUST_04272,53,97844.32,2482.55,22,0.3,110.52,6.4,32.32,149,3.8
CUST_04273,55,127855.14,211280.46,660,7.2,308.71,8.5,2071.38,9,10.0
CUST_04274,18,65368.15,1603.2,16,2.7,107.78,0.6,222.67,17,4.1
CUST_04275,40,103296.6,19748.74,131,4.2,155.13,2.9,567.49,6,6.7
CUST_04276,22,59905.84,36276.76,272,3.4,133.66,6.6,458.04,34,5.9
CUST_04277,46,90788.63,15064.42,200,3.7,72.96,4.1,306.19,45,8.7
CUST_04278,42,45048.25,19637.92,169,2.3,121.63,6.4,255.7,49,8.4
CUST_04279,26,142930.43,195215.36,660,10.4,307.52,5.6,2904.99,6,10.0
CUST_04280,63,79189.97,4729.88,59,2.6,81.74,1.9,207.45,19,6.5
CUST_04281,49,143211.56,98674.17,456,4.5,227.15,8.5,967.39,8,8.2
CUST_04282,18,40853.52,2473.19,53,1.2,49.87,3.7,55.7,52,
CUST_04283,37,,31003.93,298,4.4,98.31,5.2,496.86,13,7.0
CUST_04284,42,147114.95,73836.5,312,3.7,239.75,7.2,854.59,1,9.0
CUST_04285,43,63821.49,7193.94,79,2.2,93.39,3.1,193.39,45,8.2
CUST_04286,50,71927.19,6763.23,71,1.9,99.32,3.1,181.81,37,8.4
CUST_04287,18,32305.3,53.81,1,0.3,53.81,0.1,44.84,32,5.9
CUST_04288,50,64979.19,9661.8,63,3.3,156.79,1.3,619.35,49,6.9
CUST_04289,31,89346.05,4789.73,50,4.1,94.08,0.9,443.49,12,5.3
CUST_04290,46,33390.93,299.59,10,0.9,31.13,0.9,27.74,51,5.2
CUST_04291,38,83361.28,3003.04,37,4.6,81.65,0.7,357.5,38,7.1
CUST_04292,36,168382.91,152206.12,479,10.3,320.08,3.9,3252.27,13,8.1
CUST_04293,33,,1222.94,17,2.1,71.18,0.7,145.59,38,9.3
CUST_04294,56,80178.92,4993.02,22,0.4,229.46,4.5,92.46,230,2.6
CUST_04295,56,103558.66,10035.2,100,2.8,99.18,2.9,288.37,35,6.8
CUST_04296,48,,15022.41,110,3.5,136.1,2.5,500.75,67,
CUST_04297,38,83339.84,33750.49,133,4.0,248.72,3.3,852.29,1,8.6
CUST_04298,39,122256.45,172293.4,623,9.3,273.21,6.0,2392.96,6,9.1
CUST_04299,45,96697.54,67656.78,445,4.1,153.73,8.1,696.06,41,7.5
CUST_04300,39,70412.86,14994.51,136,2.7,105.58,4.6,271.64,17,7.7
CUST_04301,35,140843.62,203522.29,637,8.7,326.29,6.5,2609.26,2,
CUST_04302,50,134363.51,5053.54,22,0.4,220.75,4.7,89.6,151,1.5
CUST_04303,35,27115.28,93.12,3,0.1,30.22,2.0,3.88,61,6.5
CUST_04304,23,58632.21,56023.68,440,5.2,125.44,6.7,696.81,54,6.8
CUST_04305,36,39824.53,377.03,11,1.0,34.46,0.9,34.91,74,5.1
CUST_04306,30,140431.4,129704.0,766,9.2,173.43,7.2,1501.2,10,9.0
CUST_04307,27,57120.97,28473.83,311,4.5,91.25,6.1,388.99,25,7.2
CUST_04308,38,57565.11,8471.5,57,1.7,148.17,3.1,227.73,8,5.3
CUST_04309,34,25104.99,641.81,14,0.9,46.1,1.4,38.2,59,8.1
CUST_04310,29,44526.36,2929.64,57,1.8,50.7,2.3,106.15,66,6.6
CUST_04311,34,67936.5,6866.52,39,2.4,171.83,1.2,,16,6.5
CUST_04312,46,103671.0,7228.38,32,0.4,232.27,6.8,88.58,211,4.7
CUST_04313,42,155283.59,46103.52,225,6.1,209.58,3.2,1200.61,4,8.8
CUST_04314,18,28910.48,40.35,1,0.5,40.35,0.1,33.62,76,6.5
CUST_04315,58,131127.45,855.94,4,0.1,212.13,3.7,19.28,184,2.2
CUST_04316,47,185563.36,94764.73,265,7.5,342.33,2.8,2820.38,23,8.6
CUST_04317,19,32802.08,1795.52,33,0.8,56.79,3.8,39.38,75,7.2
CUST_04318,48,149481.2,131050.35,545,6.4,246.66,7.0,1560.12,25,9.1
CUST_04319,29,35317.47,24346.63,237,3.8,107.39,5.4,375.72,21,7.0
CUST_04320,18,73717.58,697.8,8,3.3,88.84,0.2,290.75,32,5.9
CUST_04321,56,77407.48,13469.69,91,3.0,158.18,2.3,488.03,20,6.0
CUST_04322,35,90011.9,6250.64,32,0.3,189.15,9.3,56.01,169,3.2
CUST_04323,39,41570.32,1060.91,21,0.8,,2.4,36.84,45,4.7
CUST_04324,33,89426.24,7067.21,61,2.6,115.22,2.0,294.47,34,6.8
CUST_04325,34,31215.11,2268.38,44,1.0,50.2,3.3,57.28,45,5.6
CUST_04326,28,134416.31,12425.54,53,0.4,228.64,11.0,,165,1.6
CUST_04327,57,133135.19,19987.42,102,6.1,196.34,1.4,1189.73,22,9.1
CUST_04328,58,69269.79,23972.18,106,0.8,235.69,10.1,197.79,201,4.4
CUST_04329,47,175706.95,169596.82,483,8.4,359.3,4.6,3072.41,23,6.4
CUST_04330,30,28230.97,206.45,18,0.4,11.5,3.1,5.55,47,6.3
CUST_04331,42,74107.37,22758.05,119,3.4,195.81,3.2,592.66,38,6.7
CUST_04332,43,134815.1,132114.28,383,5.7,327.94,5.6,1965.99,15,9.1
CUST_04333,43,44612.8,22458.59,138,1.7,161.98,7.6,246.26,44,7.4
CUST_04334,34,111077.41,15171.19,161,3.2,93.94,4.6,274.84,25,
CUST_04335,26,82194.77,18360.71,128,4.2,139.48,2.3,665.24,34,7.8
CUST_04336,51,103441.71,227406.33,701,7.0,321.73,9.0,2105.61,6,10.0
CUST_04337,39,73252.74,22901.03,202,4.4,114.28,3.4,561.3,58,7.4
CUST_04338,28,132871.39,4534.51,22,0.3,197.16,6.7,56.4,146,1.7
CUST_04339,48,65312.06,10389.4,136,6.0,75.41,1.9,455.68,33,4.7
CUST_04340,53,67763.31,7577.29,125,2.3,61.53,5.0,126.29,23,8.7
CUST_04341,44,47753.26,1004.74,7,2.9,142.77,0.2,418.64,23,8.4
CUST_04342,46,183819.21,87639.46,370,7.4,240.69,4.1,1781.29,4,9.7
CUST_04343,41,,1367.98,25,1.0,56.1,1.9,60.0,83,5.2
CUST_04344,18,39704.43,275.32,5,0.4,53.79,0.9,25.49,86,6.3
CUST_04345,23,98838.99,17692.46,190,2.9,94.54,5.4,273.03,36,6.7
CUST_04346,64,66217.07,8443.55,93,4.8,92.93,1.6,439.77,46,7.9
CUST_04347,29,27216.03,303.4,8,0.4,37.72,1.9,13.31,84,8.0
CUST_04348,24,68243.12,7500.34,113,3.5,64.35,2.6,240.4,21,5.3
CUST_04349,18,29716.5,1744.16,48,1.0,38.78,4.0,36.34,98,6.3
CUST_04350,43,64904.63,5218.36,58,1.9,91.97,2.4,181.19,30,7.6
CUST_04351,29,32079.44,388.48,13,1.1,32.03,0.9,35.97,73,3.3
CUST_04352,42,83203.6,19389.92,157,3.0,137.46,4.6,351.27,15,7.1
CUST_04353,35,87546.0,813.26,5,2.1,162.42,0.2,338.86,5,
CUST_04354,40,110603.46,17858.97,66,0.6,281.73,9.1,,137,2.8
CUST_04355,47,65408.54,33123.6,238,4.4,136.05,4.6,600.07,11,6.8
CUST_04356,41,68341.6,12168.13,134,3.5,94.2,3.6,281.67,32,5.9
CUST_04357,32,49099.82,10330.07,123,3.0,82.53,3.7,232.66,61,6.9
CUST_04358,41,62420.5,12914.97,128,3.5,100.03,2.8,384.37,35,8.1
CUST_04359,31,52017.58,6166.79,46,4.6,137.93,0.8,642.37,44,6.7
CUST_04360,31,132942.46,62343.97,330,5.2,191.82,5.3,980.25,1,9.0
CUST_04361,55,,93912.59,397,5.9,235.33,5.1,1534.52,27,8.9
CUST_04362,36,62769.79,19310.47,177,2.8,,5.3,303.62,13,7.5
CUST_04363,23,31185.21,159.38,11,0.9,13.92,1.0,,82,5.7
CUST_04364,32,48776.54,20118.74,134,2.6,149.18,4.3,389.9,42,8.9
CUST_04365,39,88167.34,16164.61,140,2.7,115.62,4.3,313.27,22,9.5
CUST_04366,28,35209.68,1024.06,19,0.5,53.86,2.5,34.14,39,4.2
CUST_04367,43,108017.56,81213.12,682,7.0,120.0,8.6,786.95,3,9.0
CUST_04368,37,77591.26,8673.61,68,2.1,129.37,2.6,278.0,5,7.6
CUST_04369,36,146096.18,149159.25,595,6.1,257.91,7.8,1593.58,1,9.5
CUST_04370,58,116252.81,152996.56,609,8.6,248.35,5.4,2361.06,7,8.2
CUST_04371,47,60614.97,12275.0,86,3.6,146.43,2.0,511.46,29,6.8
CUST_04372,45,71840.25,8318.83,105,1.6,78.82,4.7,147.5,34,7.7
CUST_04373,43,141996.11,123259.25,390,5.0,316.38,6.7,1533.08,16,9.9
CUST_04374,47,74206.34,2475.27,15,3.2,161.9,0.4,515.68,38,6.8
CUST_04375,35,69611.22,13275.66,86,3.2,153.28,2.1,526.81,54,6.4
CUST_04376,53,83417.12,17479.18,218,3.6,82.09,4.6,316.65,28,8.1
CUST_04377,23,56388.37,13805.05,106,2.4,134.72,4.1,280.59,23,7.5
CUST_04378,33,31143.24,428.53,11,0.6,37.78,1.7,,40,5.5
CUST_04379,52,111581.22,71320.39,465,8.5,155.34,4.5,1320.75,4,10.0
CUST_04380,38,108003.03,21297.38,150,2.1,136.27,5.7,311.37,14,8.9
CUST_04381,39,125635.85,226253.55,638,6.4,384.9,7.5,2513.93,20,9.1
CUST_04382,43,93053.36,78125.75,350,3.9,222.01,7.4,879.79,1,8.6
CUST_04383,32,39951.4,10638.95,101,3.2,102.7,2.4,369.41,29,6.7
CUST_04384,38,56291.81,6472.06,89,2.8,72.53,3.1,173.98,32,5.0
CUST_04385,23,37694.91,983.01,24,0.9,40.7,2.5,,80,5.9
CUST_04386,52,40176.86,5565.93,60,1.0,91.2,5.0,92.77,45,7.9
CUST_04387,37,103943.95,10350.95,49,0.8,206.13,4.7,183.53,130,3.7
CUST_04388,50,135120.62,133176.59,843,10.6,155.17,6.8,1632.07,10,9.9
CUST_04389,40,,64001.7,408,7.4,151.29,4.7,,3,9.6
CUST_04390,44,146735.58,33917.84,130,3.0,264.66,3.5,807.57,4,8.0
CUST_04391,56,137190.99,109572.32,377,5.0,276.77,6.4,1426.72,7,8.7
CUST_04392,38,60231.82,6521.86,57,3.9,118.08,1.1,494.08,25,7.0
CUST_04393,39,46519.64,4626.74,36,2.1,124.93,1.4,275.4,58,7.9
CUST_04394,46,114319.24,151783.29,684,6.8,219.31,7.0,,1,9.5
CUST_04395,52,83829.05,11055.32,67,1.0,154.61,5.5,167.5,174,4.6
CUST_04396,20,23665.71,137.42,6,1.1,22.7,0.5,22.9,61,7.6
CUST_04397,37,60332.81,17531.65,139,3.1,123.58,3.7,394.86,59,7.6
CUST_04398,65,151382.55,163686.17,632,12.1,272.51,4.0,3410.13,1,9.0
CUST_04399,34,101890.21,107522.66,521,8.8,201.22,5.0,1792.04,1,9.6
CUST_04400,25,163162.51,105804.36,274,6.7,382.91,4.4,2003.87,30,9.2
CUST_04401,46,75670.74,50065.38,173,6.0,283.14,2.5,1668.85,28,9.8
CUST_04402,56,79515.95,7906.04,45,2.0,180.86,2.3,286.45,21,8.9
CUST_04403,42,102687.46,6288.53,58,1.6,110.07,2.9,180.7,12,10.0
CUST_04404,45,83671.96,14286.71,134,2.5,106.04,4.9,242.97,36,9.3
CUST_04405,35,88971.15,2598.39,19,0.3,137.05,5.2,41.64,60,1.0
CUST_04406,40,34934.25,816.67,22,0.7,36.82,3.0,22.69,105,7.8
CUST_04407,58,109453.19,10335.17,51,0.6,201.65,7.1,121.3,141,4.5
CUST_04408,32,177183.96,257067.07,292,4.9,247.27,4.9,1209.66,4,8.3
CUST_04409,31,61117.29,23238.9,225,3.1,104.03,6.3,307.39,35,8.2
CUST_04410,38,76583.0,11034.8,133,2.1,84.87,5.3,173.5,36,6.4
CUST_04411,42,112429.63,106983.29,383,9.7,257.99,3.8,2346.12,1,7.8
CUST_04412,36,116298.45,49297.01,182,5.6,268.13,2.7,1521.51,7,8.3
CUST_04413,23,29710.77,1067.4,22,1.3,46.09,1.5,59.3,104,4.6
CUST_04414,24,66462.39,8131.13,74,1.1,113.42,5.6,121.0,29,7.9
CUST_04415,43,81286.79,51212.17,314,6.0,163.53,4.4,969.93,47,6.7
CUST_04416,33,89237.03,7502.78,152,2.3,50.03,5.6,111.65,7,8.5
CUST_04417,54,72259.6,40869.29,237,5.0,170.42,4.1,830.68,45,7.2
CUST_04418,40,132962.69,118275.79,432,8.8,272.12,4.0,2464.08,12,8.1
CUST_04419,30,82899.31,16320.07,152,3.2,111.16,3.5,388.57,51,4.6
CUST_04420,47,132744.92,35199.87,285,6.0,121.77,4.0,733.33,16,7.8
CUST_04421,27,145571.12,223450.51,644,8.3,344.21,6.2,3003.37,3,10.0
CUST_04422,59,83688.04,8297.38,55,1.0,149.54,4.1,168.65,181,1.1
CUST_04423,34,80777.26,11815.58,156,3.7,73.21,3.4,289.6,22,7.7
CUST_04424,36,36758.5,266.65,8,0.2,32.41,3.1,7.17,110,7.5
CUST_04425,45,69669.5,14674.35,217,3.6,64.48,5.4,226.46,49,6.2
CUST_04426,47,47760.41,17747.52,229,2.9,76.72,6.4,231.09,24,6.8
CUST_04427,37,91772.18,3305.04,44,1.0,73.11,3.6,76.51,76,7.3
CUST_04428,54,132291.35,89249.84,312,6.5,287.7,3.5,2125.0,25,8.0
CUST_04429,43,131237.52,93369.03,374,5.5,248.22,6.3,1235.04,31,9.5
CUST_04430,39,35239.82,107.14,2,0.1,52.65,1.3,6.87,86,5.2
CUST_04431,30,33186.58,782.78,26,0.5,30.56,4.0,16.31,47,6.2
CUST_04432,38,75001.02,11104.23,115,4.7,96.38,1.9,487.03,52,10.0
CUST_04433,27,77135.77,18265.22,187,5.2,101.58,3.3,461.24,38,7.4
CUST_04434,46,121620.42,9382.82,41,0.6,220.68,6.2,126.11,132,2.9
CUST_04435,50,153784.01,291468.03,1129,11.2,248.74,8.0,3036.13,1,8.9
CUST_04436,53,68256.73,7152.41,89,2.7,83.4,3.3,180.62,22,6.0
CUST_04437,35,84500.34,18541.73,144,3.9,124.44,3.5,441.47,28,8.6
CUST_04438,39,41569.85,907.0,26,0.8,33.9,2.5,30.23,64,7.6
CUST_04439,60,73262.19,189.73,1,0.0,187.93,6.6,2.4,129,3.9
CUST_04440,24,49074.86,6831.54,117,3.2,57.83,2.6,218.96,52,7.0
CUST_04441,30,43820.97,735.75,19,1.5,38.07,1.1,55.74,84,6.4
CUST_04442,36,35608.17,979.33,27,1.7,37.76,1.4,58.29,37,7.7
CUST_04443,34,46151.77,2501.26,27,1.2,86.65,2.0,,61,7.7
CUST_04444,37,63338.52,9077.96,176,4.3,55.17,3.3,229.24,79,6.2
CUST_04445,35,69603.11,12244.77,94,2.5,136.24,3.2,318.87,52,8.3
CUST_04446,48,92034.64,4983.19,30,0.5,160.98,5.6,74.15,168,5.4
CUST_04447,43,152497.99,120610.14,488,9.3,240.53,4.2,2393.06,22,8.6
CUST_04448,28,38327.58,871.91,35,1.0,23.7,3.2,22.71,59,5.3
CUST_04449,25,79468.99,17956.31,223,3.9,80.27,4.5,332.52,37,7.2
CUST_04450,33,36037.81,997.2,20,0.8,51.28,2.0,41.55,43,5.6
CUST_04451,50,59834.16,6471.52,96,3.9,67.28,2.1,256.81,44,6.7
CUST_04452,42,53688.98,18511.21,137,2.0,131.75,5.6,275.46,17,9.2
CUST_04453,29,50606.86,411.48,8,0.7,52.53,1.0,34.29,29,4.9
CUST_04454,34,26849.76,595.36,31,1.0,19.84,2.6,19.08,89,4.2
CUST_04455,37,36027.8,335.92,8,0.5,41.95,1.5,18.66,43,7.4
CUST_04456,57,181050.85,91573.73,357,6.7,262.19,6.1,1251.01,33,9.3
CUST_04457,36,46838.26,2021.41,53,1.6,38.34,2.8,60.16,48,5.7
CUST_04458,47,117380.77,63670.11,303,6.7,214.1,4.1,1294.11,1,8.3
CUST_04459,42,95414.3,9624.27,133,2.9,71.12,4.1,195.62,33,5.7
CUST_04460,34,71054.14,718.57,10,4.6,72.84,0.2,299.4,32,7.8
CUST_04461,53,60117.7,785.32,11,4.3,72.52,0.2,327.22,40,7.7
CUST_04462,18,47777.45,2496.83,35,1.0,69.86,2.7,77.06,36,7.1
CUST_04463,51,114882.86,719.42,3,0.1,248.07,2.3,26.07,228,2.0
CUST_04464,47,160177.07,115382.41,491,7.0,241.56,6.0,1602.53,8,8.3
CUST_04465,32,38084.05,442.54,17,0.9,25.77,1.5,24.59,100,7.7
CUST_04466,46,67984.53,11700.74,104,4.0,115.54,2.0,487.53,19,8.4
CUST_04467,40,118406.5,177464.57,594,5.9,287.54,7.4,1998.47,12,7.9
CUST_04468,50,181462.72,224679.17,834,8.7,278.19,8.5,2202.74,1,9.7
CUST_04469,45,77291.74,5144.75,19,0.9,271.75,2.0,214.36,158,2.7
CUST_04470,41,23169.41,1453.54,65,1.2,22.96,4.4,27.53,84,4.9
CUST_04471,33,122215.93,978.04,4,0.1,234.23,3.6,22.64,155,4.4
CUST_04472,44,96418.6,3442.22,17,0.7,209.11,2.0,143.43,213,4.1
CUST_04473,41,61038.9,14565.53,127,3.7,,2.8,,56,8.6
CUST_04474,34,73399.57,10691.14,77,3.1,138.5,2.1,424.25,26,6.8
CUST_04475,18,30492.81,721.38,30,0.8,24.18,2.7,22.26,70,5.7
CUST_04476,51,69962.54,6522.75,86,4.2,80.91,1.7,319.74,15,6.1
CUST_04477,30,43644.53,2202.23,20,4.0,104.87,0.4,458.8,32,7.1
CUST_04478,44,59714.66,16089.11,195,3.3,81.27,4.5,297.95,44,7.3
CUST_04479,25,57439.89,25226.52,221,4.2,118.48,4.4,477.78,48,8.6
CUST_04480,35,74468.44,15964.86,115,2.1,141.03,4.7,283.06,55,6.4
CUST_04481,73,159863.66,52173.51,200,3.3,274.49,5.2,836.11,6,8.5
CUST_04482,48,83609.05,13101.91,89,3.4,150.73,2.1,519.92,12,7.0
CUST_04483,41,72150.23,8353.39,105,1.7,79.83,5.0,139.22,45,5.3
CUST_04484,47,78747.27,23267.15,177,2.7,125.3,4.8,403.94,17,6.7
CUST_04485,38,58518.76,11800.32,93,2.1,118.06,3.9,252.14,61,5.8
CUST_04486,29,22056.31,466.97,14,1.2,32.83,1.0,38.91,83,6.3
CUST_04487,44,114264.69,129616.5,722,8.1,188.32,6.9,1565.42,29,7.9
CUST_04488,37,62576.11,9160.75,55,3.1,155.68,1.4,545.28,24,5.6
CUST_04489,19,39252.92,2017.77,42,1.4,50.74,2.5,67.26,72,6.6
CUST_04490,29,82338.92,20114.89,160,4.1,122.56,3.3,507.95,27,6.0
CUST_04491,31,74769.58,9860.9,69,3.0,142.63,2.0,410.87,52,7.7
CUST_04492,43,24877.05,632.48,16,0.4,38.12,3.6,14.64,44,6.8
CUST_04493,19,45527.01,6262.8,69,2.5,92.87,2.3,226.91,24,8.0
CUST_04494,29,47392.74,1761.52,38,1.3,44.96,2.3,63.82,42,5.1
CUST_04495,39,20790.97,788.45,26,0.8,29.06,2.6,25.27,58,7.9
CUST_04496,18,53719.75,646.68,7,2.8,91.26,0.2,269.45,37,6.7
CUST_04497,43,60184.04,42802.02,341,3.8,125.47,7.3,488.61,44,6.0
CUST_04498,42,134912.62,117929.74,347,6.8,329.76,4.6,2136.41,3,8.7
CUST_04499,18,88369.61,4238.64,82,1.3,49.69,5.0,70.64,47,8.0
CUST_04500,45,50596.14,19988.89,173,2.4,117.18,6.8,244.96,38,9.0
CUST_04501,39,78237.62,3292.61,83,2.0,40.44,3.4,80.7,35,5.6
CUST_04502,42,74231.25,13560.32,98,2.1,141.1,3.7,305.41,42,5.9
CUST_04503,62,68838.13,1931.7,32,2.4,64.73,1.1,146.34,55,8.4
CUST_04504,52,153778.55,210947.61,672,7.0,305.36,8.0,2197.37,6,8.7
CUST_04505,27,108180.79,7700.81,77,1.9,100.03,3.7,173.44,46,8.5
CUST_04506,34,70220.69,14804.77,124,2.3,,4.5,274.16,39,7.8
CUST_04507,29,22483.47,926.86,16,0.5,58.71,2.3,33.58,108,
CUST_04508,36,82303.66,160569.32,535,6.4,296.24,7.0,1911.54,9,8.3
CUST_04509,37,47619.21,14389.35,164,4.5,89.52,3.1,386.81,51,7.4
CUST_04510,55,145894.83,3583.38,17,0.8,205.26,2.0,149.31,117,3.1
CUST_04511,61,173373.65,36936.09,111,6.0,336.57,1.5,2052.0,45,8.8
CUST_04512,18,71668.79,10792.76,112,3.1,99.8,2.9,310.14,18,
CUST_04513,36,158857.4,95797.15,432,9.6,217.8,3.9,2046.95,5,8.4
CUST_04514,43,79067.15,6008.3,65,2.9,94.91,1.9,263.52,40,7.1
CUST_04515,29,73785.87,25043.74,224,5.1,112.04,4.1,509.02,35,7.7
CUST_04516,26,46117.36,22821.3,151,4.3,147.01,2.9,655.78,6,7.9
CUST_04517,18,78887.71,11076.1,79,1.5,140.0,4.2,219.76,61,7.1
CUST_04518,31,46832.93,84.06,3,0.5,27.93,0.6,11.68,65,5.8
CUST_04519,39,,78937.98,342,6.5,233.89,4.4,1495.04,7,8.1
CUST_04520,51,93320.54,182093.61,664,6.4,272.86,7.6,1996.64,1,9.3
CUST_04521,26,33047.09,308.95,17,0.4,18.52,3.5,7.36,67,5.2
CUST_04522,42,82748.66,5722.24,71,3.8,79.34,1.5,317.9,36,5.8
CUST_04523,31,34832.98,186.15,4,0.4,47.01,0.7,22.16,53,7.1
CUST_04524,31,91532.7,12145.34,106,4.7,115.23,1.8,562.28,40,6.1
CUST_04525,37,41111.43,47.79,2,0.1,24.64,1.6,2.49,37,6.4
CUST_04526,32,65315.85,13909.84,123,4.7,111.36,2.5,463.66,37,6.5
CUST_04527,29,27194.49,646.31,14,0.4,46.93,2.4,22.44,46,7.0
CUST_04528,68,105024.22,10571.9,79,0.7,138.36,8.9,98.99,164,3.8
CUST_04529,45,74673.1,17507.39,156,3.2,114.0,3.8,383.93,16,6.9
CUST_04530,30,127559.31,77096.1,347,6.2,216.88,4.3,1494.11,1,8.3
CUST_04531,45,68033.9,18829.86,156,3.5,118.64,3.4,461.52,18,6.9
CUST_04532,47,117977.64,63223.66,232,5.2,292.12,3.5,1505.33,3,8.5
CUST_04533,47,71479.77,33798.32,286,3.6,120.69,6.6,,38,5.8
CUST_04534,27,71180.43,14170.2,151,3.8,89.96,3.4,347.31,36,7.3
CUST_04535,39,72246.22,1102.78,13,1.0,81.75,1.0,91.9,27,5.9
CUST_04536,37,88351.6,29011.47,216,3.7,139.56,4.8,503.67,21,6.7
CUST_04537,45,64882.05,19355.64,167,5.1,112.86,2.7,597.4,61,5.2
CUST_04538,30,78132.25,5229.04,53,1.1,103.11,3.7,117.77,72,7.5
CUST_04539,51,123901.42,213540.76,631,7.5,347.13,6.0,2965.84,10,9.8
CUST_04540,44,150070.19,85198.83,575,7.2,153.09,7.2,986.1,15,9.3
CUST_04541,29,163323.98,53488.08,209,4.3,250.38,3.9,1142.91,12,8.3
CUST_04542,49,85482.01,7136.83,166,2.9,,5.2,114.37,59,6.5
CUST_04543,46,73825.23,23662.97,208,3.1,112.06,5.5,358.53,37,7.7
CUST_04544,23,100134.39,19609.24,134,3.8,155.48,3.4,480.62,34,6.1
CUST_04545,25,65253.93,24668.36,167,3.6,143.9,4.1,501.39,11,7.4
CUST_04546,36,39625.22,50.1,1,0.8,47.76,0.1,41.75,44,4.3
CUST_04547,50,147479.2,98247.27,485,6.2,201.12,6.0,1364.55,40,8.8
CUST_04548,27,109203.06,16334.24,149,3.7,103.46,3.8,358.21,47,5.8
CUST_04549,18,34756.23,2265.06,78,1.4,28.3,4.5,41.95,77,5.0
CUST_04550,34,39035.15,1538.24,11,0.3,22.81,3.1,7.11,63,
CUST_04551,35,110980.86,11652.84,64,1.2,183.34,4.0,242.77,147,3.6
CUST_04552,29,152712.61,146652.75,490,6.8,296.44,6.2,1971.14,17,8.0
CUST_04553,69,136344.94,119269.4,519,7.6,234.58,5.5,1807.11,2,6.9
CUST_04554,36,35904.65,903.25,23,0.8,,2.4,31.36,76,
CUST_04555,21,74580.09,28499.76,256,3.4,114.11,6.8,349.26,58,6.4
CUST_04556,48,64047.64,24812.89,252,4.0,97.63,5.5,375.95,31,8.3
CUST_04557,18,31464.57,914.94,24,0.8,39.62,2.7,28.24,15,4.7
CUST_04558,36,28991.94,221.7,5,1.3,44.19,0.4,,37,6.0
CUST_04559,36,101645.9,6005.81,26,0.3,247.12,6.4,78.2,200,3.5
CUST_04560,52,73037.77,8404.29,52,0.5,163.24,9.0,77.82,166,4.1
CUST_04561,35,26322.48,1463.67,33,0.9,44.01,2.9,42.06,44,7.2
CUST_04562,40,89832.35,1408.77,14,1.8,102.8,0.7,167.71,57,9.4
CUST_04563,21,35424.38,1541.22,32,1.2,48.62,2.2,58.38,37,5.9
CUST_04564,25,160269.78,91730.12,306,5.1,299.95,4.8,1592.54,20,10.0
CUST_04565,20,85627.45,26448.2,179,4.5,149.5,3.3,667.88,31,7.2
CUST_04566,39,39175.69,555.66,13,0.6,42.38,1.9,24.37,37,6.6
CUST_04567,51,59606.88,12099.47,90,2.6,141.62,2.7,373.44,35,6.8
CUST_04568,45,64788.75,8472.72,65,2.1,135.16,3.1,227.76,18,8.8
CUST_04569,47,136082.1,121459.14,629,10.9,199.23,5.5,1840.29,28,7.9
CUST_04570,20,39940.33,427.22,12,0.7,35.83,1.4,25.43,60,7.0
CUST_04571,31,84018.6,7892.91,63,1.5,118.84,4.3,152.96,5,6.2
CUST_04572,34,34914.86,10.17,1,0.5,10.0,0.1,8.47,31,6.6
CUST_04573,31,74549.18,17214.77,129,3.2,140.69,3.5,409.88,31,8.2
CUST_04574,18,43891.41,89.18,3,0.5,29.54,0.5,14.86,92,4.6
CUST_04575,23,27306.5,1781.98,31,1.2,58.45,2.3,64.56,124,6.6
CUST_04576,42,53739.9,26985.81,270,3.4,,6.9,,40,6.5
CUST_04577,18,80577.04,24592.69,229,3.8,109.79,5.9,347.35,35,7.4
CUST_04578,39,71089.48,24994.64,203,4.8,124.17,3.5,595.11,36,7.9
CUST_04579,55,125811.96,3365.03,21,0.4,169.32,4.3,65.21,194,4.1
CUST_04580,22,77862.57,23439.58,197,3.0,119.42,6.0,325.55,45,5.7
CUST_04581,49,132986.56,8961.14,42,0.7,211.36,4.7,158.89,129,3.1
CUST_04582,31,58675.29,13016.59,127,3.3,105.02,3.0,361.57,31,7.4
CUST_04583,35,25847.24,70.95,2,0.1,36.05,1.7,3.48,68,6.5
CUST_04584,31,39385.41,308.46,13,0.6,24.61,2.1,12.24,58,4.8
CUST_04585,28,31064.98,1071.05,25,0.9,43.37,2.5,35.7,76,5.6
CUST_04586,46,116035.3,6592.4,31,0.2,212.09,11.4,48.19,106,3.2
CUST_04587,29,70201.4,6964.96,124,2.7,56.49,3.8,152.74,56,8.1
CUST_04588,43,117631.68,991845.87,527,8.2,326.2,5.7,2562.58,16,8.5
CUST_04589,48,27409.64,733.73,13,1.2,54.87,0.8,76.43,109,7.1
CUST_04590,37,41502.61,486.82,12,0.6,41.3,1.7,23.86,22,5.4
CUST_04591,31,80749.07,29420.71,220,4.7,134.67,3.9,628.65,25,7.9
CUST_04592,18,82985.94,11915.6,82,2.6,150.29,2.2,451.35,40,7.0
CUST_04593,50,94098.97,7281.7,55,2.5,134.34,1.7,356.95,39,5.2
CUST_04594,59,64773.42,8785.42,64,3.2,137.06,1.7,430.66,52,7.3
CUST_04595,68,114345.93,16856.2,165,3.1,99.9,4.3,326.67,32,8.8
CUST_04596,42,85054.56,31863.42,224,3.8,,4.7,564.95,47,7.7
CUST_04597,48,24445.64,1039.36,21,0.7,49.04,2.3,37.66,24,6.1
CUST_04598,43,90344.38,15788.94,178,6.0,92.41,2.7,487.31,17,7.9
CUST_04599,36,99620.31,3523.62,26,3.2,134.54,0.6,489.39,25,5.7
CUST_04600,55,59408.66,16236.64,166,2.3,100.43,5.4,250.57,46,7.6
CUST_04601,35,153264.63,27393.43,68,5.1,384.73,1.2,1902.32,31,7.3
CUST_04602,21,31276.92,528.71,13,0.7,38.57,1.5,29.37,43,8.6
CUST_04603,32,124520.81,9605.83,39,0.6,235.41,5.4,148.24,167,1.8
CUST_04604,34,74536.43,14318.45,99,2.2,148.74,3.7,322.49,5,6.9
CUST_04605,20,36457.32,810.53,12,0.3,66.24,3.2,21.11,70,6.3
CUST_04606,18,34627.46,1358.41,37,1.0,39.68,3.2,35.38,63,4.0
CUST_04607,18,44354.62,1451.66,50,1.3,28.13,3.1,39.02,61,7.4
CUST_04608,32,168247.06,87226.62,314,5.8,278.09,4.3,1690.44,5,9.3
CUST_04609,47,148137.84,15978.42,60,0.6,281.71,8.0,166.44,94,3.9
CUST_04610,39,68949.29,8875.39,161,4.3,54.15,3.0,246.54,42,5.6
CUST_04611,35,71245.38,23972.2,217,2.7,111.63,6.4,312.14,16,7.8
CUST_04612,31,95546.13,55530.04,211,6.9,265.97,2.5,1851.0,11,9.8
CUST_04613,55,95583.89,20285.68,200,3.4,99.85,5.8,291.46,54,6.3
CUST_04614,47,138906.3,110293.99,330,8.1,324.51,3.7,2484.1,13,8.7
CUST_04615,23,92243.03,7087.86,92,3.3,76.43,2.6,227.18,29,8.3
CUST_04616,42,60730.71,817.32,9,3.9,97.54,0.2,340.55,37,7.0
CUST_04617,25,39959.31,476.53,11,1.0,42.98,1.0,39.71,98,5.9
CUST_04618,18,,217.02,7,0.6,32.0,0.9,20.09,60,7.5
CUST_04619,45,55499.8,43986.95,354,4.3,,6.2,591.22,5,6.3
CUST_04620,30,48243.41,414.28,23,0.5,17.84,3.6,9.59,60,6.0
CUST_04621,18,28032.75,1362.12,40,0.8,34.39,4.5,25.22,135,5.4
CUST_04622,19,29326.61,652.98,18,0.7,36.44,2.3,23.66,63,9.0
CUST_04623,52,116223.62,175260.89,538,9.1,344.97,5.2,2808.67,6,7.8
CUST_04624,26,39557.96,1007.62,33,0.8,29.18,3.7,22.69,62,
CUST_04625,60,74746.5,2049.06,8,0.1,254.21,6.3,27.1,179,2.1
CUST_04626,45,37680.11,762.06,20,0.8,37.9,2.3,27.61,55,4.8
CUST_04627,52,64608.86,15223.37,99,3.1,152.74,2.6,487.93,51,6.8
CUST_04628,52,,8273.87,58,2.7,151.2,2.0,344.74,66,7.6
CUST_04629,31,70126.24,6183.42,68,2.6,88.55,2.1,245.37,33,7.3
CUST_04630,36,68680.16,17699.24,171,3.0,105.05,4.9,301.01,32,8.9
CUST_04631,40,154907.4,112064.76,358,8.2,312.77,4.0,2334.68,2,9.8
CUST_04632,54,63071.12,16408.1,148,3.0,113.21,4.3,317.99,47,8.8
CUST_04633,42,29003.38,45.6,1,0.1,45.6,0.4,9.5,51,7.2
CUST_04634,19,38569.61,42.7,1,1.1,42.7,0.1,35.58,37,6.0
CUST_04635,65,157200.47,316078.63,1013,7.8,314.69,11.4,2310.52,15,9.0
CUST_04636,42,92916.67,9537.81,38,0.6,251.79,5.3,149.97,95,1.0
CUST_04637,26,65884.85,20449.71,177,2.9,117.64,5.7,298.97,41,6.1
CUST_04638,44,29681.55,1181.14,35,0.8,33.95,3.9,25.24,37,6.1
CUST_04639,52,38308.71,802.13,18,0.6,45.1,2.3,29.06,68,5.7
CUST_04640,34,20473.23,293.31,8,0.4,38.35,1.9,12.86,46,4.9
CUST_04641,33,129544.63,4566.99,16,0.3,286.53,4.5,84.57,185,1.0
CUST_04642,54,96718.36,23456.54,306,3.9,76.95,6.3,310.27,34,5.6
CUST_04643,21,26112.91,446.39,14,1.0,32.66,1.2,31.0,52,5.4
CUST_04644,59,194093.89,101638.09,432,8.2,,4.6,1841.27,1,8.8
CUST_04645,29,38401.71,66.35,4,0.1,16.64,3.2,,16,5.4
CUST_04646,31,43100.27,39.92,1,0.4,39.57,0.1,33.27,71,5.5
CUST_04647,18,29402.67,134.82,5,0.2,27.76,1.8,6.24,30,6.5
CUST_04648,27,52390.88,12281.52,115,4.0,109.31,2.6,393.64,51,8.2
CUST_04649,22,36077.12,889.45,22,0.7,40.88,3.3,22.46,42,5.5
CUST_04650,42,155680.02,151922.55,522,7.9,302.87,4.7,2693.66,22,8.1
CUST_04651,41,106600.55,180078.79,818,8.5,233.68,8.0,1875.82,9,9.0
CUST_04652,29,,773.96,20,1.1,37.27,1.4,46.07,69,4.3
CUST_04653,30,81195.4,1186.16,12,1.9,100.83,0.5,197.69,27,8.0
CUST_04654,18,34340.11,778.8,40,1.0,19.6,3.6,18.03,125,5.1
CUST_04655,18,84180.73,15899.26,120,5.1,131.65,2.0,662.47,66,
CUST_04656,57,119669.13,208510.41,579,7.8,363.23,6.2,2802.56,20,
CUST_04657,21,32709.84,121.08,3,0.8,41.87,0.3,33.63,80,6.3
CUST_04658,18,63567.39,4981.39,57,1.9,84.92,2.3,180.49,35,8.8
CUST_04659,35,111778.39,162690.62,468,8.2,353.42,4.3,3152.92,5,8.7
CUST_04660,38,32171.9,1004.03,29,0.9,34.04,2.7,30.99,96,4.6
CUST_04661,41,47048.82,13142.01,128,2.5,98.55,4.1,267.11,30,4.8
CUST_04662,18,84451.79,14772.29,223,4.7,68.96,3.7,332.71,47,7.7
CUST_04663,51,70386.26,10851.43,104,2.3,101.88,3.7,244.4,27,5.7
CUST_04664,31,42535.39,866.42,23,0.6,37.56,3.4,21.24,61,7.7
CUST_04665,47,24560.98,969.25,28,1.1,35.59,2.6,31.07,33,6.7
CUST_04666,42,30624.16,2063.12,37,0.9,55.06,3.4,50.57,100,5.8
CUST_04667,49,122439.53,45265.33,235,8.0,192.02,2.3,1640.05,9,10.0
CUST_04668,47,46354.42,801.42,20,0.9,40.82,2.0,33.39,59,4.4
CUST_04669,32,22471.03,508.88,13,0.5,37.03,2.2,19.28,69,5.3
CUST_04670,18,25495.85,995.35,22,0.7,44.73,2.5,33.18,65,5.5
CUST_04671,42,61876.54,26277.76,146,2.8,186.09,4.2,521.38,17,6.8
CUST_04672,26,24185.08,252.47,25,0.7,10.0,2.9,7.25,82,5.0
CUST_04673,28,40414.58,940.94,14,0.8,67.58,1.6,49.01,15,4.1
CUST_04674,34,184725.57,107408.48,442,8.0,251.56,4.2,2131.12,31,8.2
CUST_04675,45,71693.5,5523.78,48,2.1,115.89,1.9,242.27,48,7.9
CUST_04676,31,40067.1,2219.45,55,1.0,39.89,4.8,38.53,78,6.8
CUST_04677,31,144428.06,235109.74,860,11.0,281.21,7.5,2612.33,12,8.9
CUST_04678,46,118906.18,7818.42,35,0.5,233.16,5.7,114.3,136,3.5
CUST_04679,30,42736.21,65.71,2,0.1,34.27,1.3,4.21,74,7.1
CUST_04680,29,80131.5,21458.63,259,4.0,86.28,5.5,325.13,24,7.7
CUST_04681,57,72212.48,6643.41,66,1.8,99.07,3.2,173.01,24,7.2
CUST_04682,19,67071.14,7161.2,84,4.1,84.22,1.7,351.04,26,7.5
CUST_04683,43,156907.96,10660.68,48,0.5,228.41,8.0,111.05,60,4.7
CUST_04684,44,70902.63,19763.22,204,3.9,97.51,4.5,365.99,40,8.4
CUST_04685,34,32979.15,2277.17,50,1.5,47.41,2.4,79.07,35,6.6
CUST_04686,43,89461.7,8181.98,121,2.8,68.96,3.6,189.4,24,8.5
CUST_04687,46,137505.3,195335.4,845,9.7,,8.1,2009.62,9,9.9
CUST_04688,52,127070.31,71283.56,243,8.6,290.74,2.6,2284.73,8,9.6
CUST_04689,38,80956.14,779.98,6,2.4,125.56,0.2,324.99,10,7.8
CUST_04690,40,82255.27,11838.51,54,1.0,226.67,4.4,224.21,119,4.1
CUST_04691,47,66280.38,33703.51,255,4.2,135.54,5.2,540.12,24,5.9
CUST_04692,18,62167.28,10290.13,94,2.9,,2.8,306.25,60,6.8
CUST_04693,37,44736.12,15376.76,181,1.9,88.79,7.5,170.85,45,7.5
CUST_04694,57,82800.2,22679.33,161,4.2,144.84,3.4,555.87,25,8.3
CUST_04695,35,70447.83,12530.88,126,2.8,96.96,3.8,274.8,49,5.5
CUST_04696,19,40397.87,1359.43,31,1.3,42.3,1.9,59.62,31,5.9
CUST_04697,44,75510.59,7972.52,88,2.9,93.2,2.7,246.07,15,5.6
CUST_04698,42,58928.12,10673.21,155,2.6,70.61,4.5,197.65,28,9.5
CUST_04699,44,,106305.54,284,4.7,366.94,5.8,1527.38,32,8.6
CUST_04700,43,129540.92,6961.61,32,0.3,211.47,9.0,64.46,168,5.5
CUST_04701,35,71193.65,2635.92,28,2.3,95.01,1.0,219.66,54,9.3
CUST_04702,50,148773.45,149036.01,419,6.1,363.4,6.9,1799.95,22,7.5
CUST_04703,36,23182.43,1991.3,39,0.9,50.3,3.8,,83,7.1
CUST_04704,25,58192.51,12448.68,160,1.7,77.07,7.5,138.32,35,7.2
CUST_04705,31,81241.18,18817.46,185,3.2,101.95,5.1,307.47,34,6.7
CUST_04706,18,76513.87,7666.63,173,3.0,42.05,4.9,130.38,26,8.2
CUST_04707,18,40567.07,479.29,16,0.9,29.77,1.5,26.63,36,7.7
CUST_04708,53,156118.03,260777.84,803,8.5,336.65,7.3,2976.92,16,10.0
CUST_04709,18,31123.09,1486.01,46,1.5,31.94,2.5,49.53,114,6.3
CUST_04710,29,54682.11,14344.94,144,2.6,101.83,4.8,249.04,37,7.4
CUST_04711,60,77907.57,10813.44,68,2.5,160.02,2.4,375.47,27,7.8
CUST_04712,40,78308.91,36975.91,269,3.5,134.52,6.0,513.55,39,6.7
CUST_04713,43,62236.7,8253.73,65,3.8,123.92,1.4,491.29,40,7.2
CUST_04714,29,26332.29,88.29,2,1.3,48.49,0.1,73.57,58,7.7
CUST_04715,43,77068.79,18121.81,170,1.9,108.58,7.1,212.7,22,6.8
CUST_04716,37,71333.08,3941.22,47,3.3,85.25,1.6,205.27,52,8.0
CUST_04717,42,64861.63,19234.56,193,3.9,99.79,3.8,421.81,11,8.0
CUST_04718,53,112066.33,10922.71,42,0.8,267.44,4.3,211.68,172,2.7
CUST_04719,33,66069.1,11023.22,93,2.8,119.7,2.7,340.22,48,8.8
CUST_04720,37,88509.21,2424.67,16,0.2,152.08,7.9,,117,3.0
CUST_04721,57,70082.37,12411.79,92,2.0,142.23,4.0,258.58,48,6.7
CUST_04722,38,163949.13,95891.37,374,6.2,258.01,5.0,1598.19,13,9.0
CUST_04723,51,81426.39,1517.98,31,2.9,47.63,1.0,126.5,48,9.5
CUST_04724,18,50593.52,15124.36,161,3.2,97.67,3.8,331.67,8,7.6
CUST_04725,48,114704.78,15730.25,143,1.9,109.64,5.9,222.18,43,6.4
CUST_04726,52,157584.44,251749.04,846,9.1,297.11,8.0,2622.39,3,8.2
CUST_04727,45,121220.78,153.14,1,0.0,153.14,7.1,1.8,133,
CUST_04728,20,23688.97,79.93,2,1.7,40.42,0.1,66.61,28,7.1
CUST_04729,44,36706.86,2256.01,50,1.4,45.27,2.7,69.63,80,3.8
CUST_04730,25,161536.59,132624.47,378,6.6,338.39,5.1,,30,7.9
CUST_04731,50,152993.84,95561.83,436,7.0,221.75,5.0,1592.7,44,8.2
CUST_04732,57,123133.85,147346.8,611,10.0,238.61,4.6,2669.33,6,9.1
CUST_04733,42,30980.21,2815.63,67,1.5,42.96,3.4,69.01,72,5.9
CUST_04734,44,95377.54,11784.06,74,1.0,157.91,5.7,,169,4.1
CUST_04735,34,78241.24,7086.3,48,4.5,143.93,0.8,738.16,33,6.2
CUST_04736,52,111297.01,123000.51,349,7.4,371.08,3.5,2928.58,36,8.3
CUST_04737,44,72476.59,10719.0,152,2.5,70.26,6.2,144.07,34,7.7
CUST_04738,35,98975.92,20232.97,178,2.7,111.93,5.7,295.8,7,8.4
CUST_04739,29,74984.39,7123.63,53,1.7,135.01,3.0,197.88,19,6.6
CUST_04740,48,57430.9,10633.94,141,2.2,74.91,6.2,142.93,35,9.0
CUST_04741,29,42851.0,140.54,4,0.8,34.37,0.4,29.28,33,3.7
CUST_04742,42,179493.47,63068.3,417,6.1,157.77,5.9,890.8,19,8.5
CUST_04743,40,89513.79,133574.35,463,6.0,285.28,5.8,1919.17,16,7.0
CUST_04744,39,104846.38,5434.1,27,0.5,194.4,5.0,90.57,63,3.3
CUST_04745,64,51958.3,19604.17,241,3.6,82.43,5.5,297.03,14,7.5
CUST_04746,48,102292.57,197642.86,651,6.5,309.56,7.4,2225.71,3,9.4
CUST_04747,40,183148.95,96034.68,293,9.5,334.23,2.6,3078.03,12,9.3
CUST_04748,38,118075.03,41645.74,153,7.9,269.86,1.4,2478.91,31,8.9
CUST_04749,56,66815.83,28496.22,196,3.1,139.47,6.2,383.01,22,7.4
CUST_04750,31,32411.19,29.58,1,0.1,27.85,1.0,2.46,82,4.0
CUST_04751,23,50477.06,18575.12,121,2.3,146.61,3.9,396.9,46,7.4
CUST_04752,41,60555.78,12645.61,93,3.9,137.4,2.1,501.81,45,6.7
CUST_04753,26,27545.95,33.76,3,0.1,11.55,2.9,,15,3.0
CUST_04754,54,83802.08,8076.9,55,3.1,153.97,1.3,517.75,42,9.5
CUST_04755,28,29758.73,399.11,8,0.9,49.23,0.7,47.51,67,5.3
CUST_04756,42,39231.14,456.36,12,0.6,34.95,1.9,20.02,76,4.8
CUST_04757,32,127996.22,146921.29,694,10.2,210.4,5.4,2267.3,2,9.0
CUST_04758,30,26401.93,1812.83,39,1.2,46.01,2.9,52.09,53,5.2
CUST_04759,45,75234.47,2842.96,29,1.2,98.16,2.1,112.82,42,7.7
CUST_04760,31,123420.75,9751.86,48,0.4,199.83,10.1,80.46,136,2.8
CUST_04761,52,60234.8,14649.32,129,2.9,115.72,3.9,313.02,30,8.1
CUST_04762,59,113229.06,8362.6,48,0.7,172.54,5.5,126.71,179,2.6
CUST_04763,32,27322.02,541.99,15,0.4,36.46,3.4,13.28,28,7.3
CUST_04764,56,54135.52,18564.57,146,2.9,125.36,4.1,377.33,58,7.6
CUST_04765,28,61643.22,12214.06,92,2.5,132.81,2.9,350.98,47,8.6
CUST_04766,43,130393.64,2262.39,12,0.1,185.64,9.7,19.44,155,4.2
CUST_04767,43,21155.53,540.4,20,1.4,27.78,1.2,37.53,84,6.5
CUST_04768,52,159751.01,104153.6,389,7.0,259.27,4.6,1886.84,45,9.0
CUST_04769,30,,150.33,3,0.1,48.69,2.5,5.01,85,5.3
CUST_04770,39,73691.1,687.55,7,2.8,99.11,0.2,286.48,32,6.6
CUST_04771,51,119771.78,267700.31,753,8.7,361.63,7.3,3055.94,6,10.0
CUST_04772,27,76512.01,10209.62,96,3.5,110.54,2.3,369.91,52,9.9
CUST_04773,48,70206.78,10274.69,115,1.5,92.58,6.3,135.91,31,6.9
CUST_04774,22,40567.84,1031.03,19,0.8,54.91,2.0,42.96,53,7.1
CUST_04775,34,68213.56,3804.21,42,1.7,90.16,2.1,150.96,8,7.5
CUST_04776,26,43673.05,582.21,11,0.8,52.61,1.1,44.11,87,6.0
CUST_04777,34,154669.62,168141.44,444,6.5,359.88,4.9,2859.55,1,8.8
CUST_04778,36,70286.33,56791.68,396,4.0,145.65,6.9,685.89,41,7.3
CUST_04779,42,75387.3,17200.16,133,2.2,131.74,5.0,286.67,37,5.2
CUST_04780,39,52406.73,5362.53,83,3.0,64.79,2.5,178.75,34,7.3
CUST_04781,52,128655.87,127665.86,515,7.3,254.9,6.0,1773.14,1,7.3
CUST_04782,41,148855.34,216429.63,692,6.2,299.04,9.2,1960.41,9,8.8
CUST_04783,37,64615.41,7315.99,57,2.9,121.8,1.5,406.44,36,8.8
CUST_04784,49,90608.37,1328.85,11,4.8,118.0,0.2,553.69,41,8.2
CUST_04785,38,55944.29,14385.59,174,2.4,80.43,6.1,196.52,31,6.8
CUST_04786,38,70526.88,20210.54,241,3.7,84.27,5.9,285.46,24,6.8
CUST_04787,26,30882.05,331.87,10,1.0,32.53,0.7,39.51,41,6.4
CUST_04788,57,99595.98,36301.57,149,1.2,234.84,9.9,305.57,138,3.5
CUST_04789,23,58922.05,1084.73,15,2.6,73.02,0.5,180.79,44,6.4
CUST_04790,41,83218.6,23520.82,189,2.8,119.32,5.6,350.01,40,8.6
CUST_04791,52,172583.62,49883.22,146,6.2,341.91,2.2,1889.52,1,9.3
CUST_04792,31,77986.18,5123.49,24,0.5,214.11,3.8,112.36,193,2.8
CUST_04793,42,142812.78,91979.58,357,3.7,264.61,7.8,982.69,8,7.5
CUST_04794,24,78848.17,18181.99,227,4.9,79.57,4.5,336.7,54,5.1
CUST_04795,38,75678.05,15021.46,128,2.9,113.54,3.9,320.97,16,8.2
CUST_04796,40,77433.5,42371.39,102,2.9,125.74,3.0,332.11,58,5.7
CUST_04797,30,146655.13,121862.68,433,7.7,278.57,4.8,2115.67,2,9.4
CUST_04798,40,33336.37,1039.51,27,1.3,37.68,1.8,48.13,90,3.8
CUST_04799,49,95594.4,123682.24,676,9.3,182.31,6.0,1717.81,9,8.0
CUST_04800,35,61598.56,15050.69,135,2.6,118.48,3.9,321.6,44,5.9
CUST_04801,47,95148.6,109819.88,430,6.9,266.25,5.0,1830.33,1,8.5
CUST_04802,42,127280.93,353067.25,1087,9.3,325.59,8.9,3305.87,2,10.0
CUST_04803,42,125363.16,8249.76,37,0.5,234.75,6.0,114.58,146,5.2
CUST_04804,50,163290.19,154502.83,435,7.3,328.7,5.1,2524.56,3,9.2
CUST_04805,31,38813.8,1129.5,31,1.2,35.07,2.2,42.78,57,4.7
CUST_04806,64,70822.62,25220.88,165,3.0,157.76,4.3,488.78,34,7.6
CUST_04807,36,184011.62,205288.33,820,11.1,243.96,5.9,2899.55,2,9.0
CUST_04808,46,104875.51,8390.97,49,0.8,167.87,4.6,152.01,174,4.1
CUST_04809,54,86576.54,11968.59,140,2.6,86.43,4.5,221.64,17,5.8
CUST_04810,29,29180.67,1007.1,25,0.7,39.13,3.4,24.68,58,4.0
CUST_04811,55,157387.05,160421.93,730,8.7,234.43,7.1,1882.89,1,8.1
CUST_04812,38,36511.46,819.51,18,0.7,46.0,2.5,27.32,67,6.4
CUST_04813,48,168238.85,96440.23,401,5.2,244.33,6.5,1236.41,29,8.4
CUST_04814,40,66507.58,15718.12,227,4.1,65.7,5.1,256.83,54,9.8
CUST_04815,26,33985.59,1400.55,38,0.9,37.95,3.5,33.35,112,4.0
CUST_04816,39,114192.11,2337.78,12,0.4,190.89,2.4,81.17,203,4.0
CUST_04817,29,89751.29,3190.33,21,0.4,155.12,4.5,59.08,180,2.4
CUST_04818,35,34977.17,794.69,14,1.5,55.01,0.8,82.78,72,5.5
CUST_04819,19,43568.91,616.87,21,0.6,29.76,3.0,17.14,76,4.3
CUST_04820,38,113985.86,89887.79,279,6.1,334.36,3.5,2140.19,1,8.9
CUST_04821,29,58782.69,7935.26,68,2.3,116.8,2.4,275.53,46,8.1
CUST_04822,27,63034.0,7963.29,111,4.2,69.97,2.5,265.44,34,6.2
CUST_04823,35,82407.75,11298.58,84,2.4,132.43,2.9,324.67,36,7.7
CUST_04824,41,53778.3,30235.59,234,3.0,135.27,5.8,434.42,29,7.8
CUST_04825,50,85236.62,7998.22,124,2.9,67.75,3.7,180.14,16,8.4
CUST_04826,36,160105.55,212197.64,713,8.4,303.47,7.3,2422.35,5,7.8
CUST_04827,32,230357.81,500.42,46,1.1,11.21,3.3,12.64,68,6.1
CUST_04828,34,95258.16,140610.07,358,5.0,403.69,6.4,1830.86,19,9.5
CUST_04829,39,87098.17,31653.33,231,5.9,,3.6,732.72,16,5.4
CUST_04830,18,80924.41,8207.85,55,1.0,146.63,5.2,131.54,40,9.0
CUST_04831,20,,383.88,17,0.6,22.77,2.3,13.91,88,6.1
CUST_04832,33,45901.89,1058.95,26,1.0,42.23,2.0,44.12,74,4.0
CUST_04833,37,89375.98,13793.84,102,2.7,139.06,3.3,348.33,35,6.5
CUST_04834,36,138653.6,100924.75,425,9.3,234.35,4.2,2002.48,23,9.1
CUST_04835,29,93727.82,6264.87,66,3.7,95.24,1.4,372.91,41,7.3
CUST_04836,42,149713.05,45666.15,208,3.9,224.34,4.5,845.67,1,8.5
CUST_04837,27,48758.82,7967.15,66,3.3,118.47,2.0,331.96,47,8.4
CUST_04838,42,83949.65,14179.34,114,2.1,121.44,4.4,268.55,35,6.6
CUST_04839,45,148931.63,182885.6,595,9.5,300.47,5.1,2988.33,4,9.4
CUST_04840,27,57544.65,11680.38,149,2.6,78.63,4.3,226.36,60,6.1
CUST_04841,31,87758.75,12438.06,42,0.5,304.36,6.5,159.46,125,
CUST_04842,60,90501.65,297.94,1,0.0,297.94,7.5,3.31,204,2.4
CUST_04843,47,91697.74,5151.23,35,2.6,150.38,1.2,357.72,36,7.7
CUST_04844,45,162287.22,75973.71,536,7.7,153.9,6.5,974.02,19,8.1
CUST_04845,56,169170.06,87943.34,274,7.3,323.25,3.0,2442.87,5,9.1
CUST_04846,46,63235.21,55941.02,88,2.3,149.72,3.2,320.99,37,6.5
CUST_04847,35,77128.48,9294.08,50,0.4,190.02,10.0,77.45,150,2.4
CUST_04848,43,140873.21,109130.0,333,5.0,333.55,5.5,1653.48,2,8.1
CUST_04849,22,29976.17,668.32,16,0.7,39.92,1.7,32.76,57,4.9
CUST_04850,25,117421.98,139112.41,523,9.4,275.8,4.8,2415.15,1,7.4
CUST_04851,31,117762.49,19116.84,105,0.9,180.8,9.7,164.23,190,3.9
CUST_04852,37,74655.08,18664.5,220,4.1,85.65,4.7,330.93,46,9.0
CUST_04853,38,47291.7,41.74,1,1.1,41.17,0.1,34.78,90,4.3
CUST_04854,31,85508.05,7726.48,72,3.4,109.49,1.6,402.42,32,7.8
CUST_04855,24,60298.25,10637.83,76,2.0,,3.2,277.03,23,8.1
CUST_04856,36,157604.93,118737.53,340,10.3,348.11,2.3,4302.08,2,7.9
CUST_04857,36,121040.55,101687.81,360,5.8,282.32,5.8,1461.03,4,8.1
CUST_04858,66,122171.96,1780.06,7,0.2,252.87,2.7,54.94,203,1.5
CUST_04859,55,110830.64,2013.62,10,0.4,203.19,2.0,83.9,162,1.6
CUST_04860,22,30016.45,468.28,13,0.7,36.41,1.4,27.87,72,8.1
CUST_04861,48,91752.95,8785.56,64,2.2,134.04,2.6,281.59,34,8.0
CUST_04862,21,40188.62,480.45,14,0.7,33.6,1.8,22.24,77,6.8
CUST_04863,41,148607.75,196629.33,594,9.0,339.21,6.2,2642.87,17,10.0
CUST_04864,25,367039.71,29444.19,305,3.5,96.97,6.5,377.49,26,6.0
CUST_04865,49,65224.61,1542.31,40,2.3,,1.7,75.6,45,6.9
CUST_04866,23,92807.26,5891.29,44,1.0,131.65,3.6,136.37,19,7.9
CUST_04867,44,74060.47,3851.21,35,2.0,108.53,1.2,267.45,20,8.5
CUST_04868,43,114878.41,102963.55,363,3.7,272.09,7.5,1144.04,5,9.3
CUST_04869,30,81784.37,33631.11,182,3.0,180.79,4.6,609.26,58,8.6
CUST_04870,37,38668.33,178.61,7,0.2,25.38,2.5,5.95,59,6.0
CUST_04871,36,76084.15,1084.64,9,3.7,111.86,0.2,451.93,32,8.2
CUST_04872,34,134077.63,69430.02,430,5.8,159.8,6.1,948.5,7,8.7
CUST_04873,33,118096.4,121505.04,382,6.5,312.86,4.9,2066.41,16,7.0
CUST_04874,18,65977.96,11615.52,132,3.0,93.05,3.7,261.61,11,5.1
CUST_04875,42,68585.98,4481.13,54,1.7,81.01,2.8,133.37,35,7.5
CUST_04876,36,92688.74,18743.53,150,4.5,116.51,2.5,624.78,36,8.2
CUST_04877,30,67061.95,7387.23,61,4.1,120.07,1.3,473.54,51,7.4
CUST_04878,41,29021.69,1012.03,26,0.7,38.03,3.2,26.35,83,8.8
CUST_04879,47,85715.19,10072.31,91,3.4,107.12,2.5,335.74,56,7.0
CUST_04880,43,24586.83,1424.04,28,0.6,48.25,3.7,32.07,43,6.6
CUST_04881,26,87547.21,22821.54,176,2.6,127.34,5.0,380.36,49,6.2
CUST_04882,25,55930.43,3542.43,27,2.1,137.74,1.3,,43,5.3
CUST_04883,24,,548.9,28,0.7,19.47,3.0,15.25,69,6.6
CUST_04884,35,133377.1,122220.47,470,10.0,254.12,3.7,2752.71,7,10.0
CUST_04885,33,129237.42,140480.94,621,8.1,221.58,5.8,2018.4,11,8.0
CUST_04886,35,38385.64,1371.24,54,1.4,25.51,3.1,36.86,47,7.0
CUST_04887,39,38591.38,3341.98,25,3.9,135.17,0.5,557.0,14,8.4
CUST_04888,28,26820.21,181.67,6,0.4,30.61,1.3,11.65,18,5.7
CUST_04889,50,106314.38,114093.7,358,5.9,320.13,5.5,1728.69,4,6.7
CUST_04890,21,36076.95,40.48,3,0.6,13.44,0.4,,33,7.6
CUST_04891,55,53337.21,14165.59,124,3.7,112.41,2.9,,26,5.5
CUST_04892,53,127304.05,55610.82,212,7.4,259.39,2.2,2106.47,1,8.3
CUST_04893,28,88438.36,26853.9,240,4.0,113.36,5.1,438.79,11,8.4
CUST_04894,38,67371.13,13675.68,182,3.4,77.92,4.3,,30,5.1
CUST_04895,39,91951.92,1446.79,11,3.3,130.05,0.3,401.89,47,6.4
CUST_04896,33,125323.7,91537.88,446,4.1,207.04,7.9,965.59,2,9.8
CUST_04897,39,63310.8,94911.13,350,6.8,258.7,4.2,1883.16,1,8.8
CUST_04898,33,48323.63,8880.19,67,2.6,129.01,2.4,308.34,41,5.5
CUST_04899,41,127493.62,214941.72,988,8.1,215.35,9.4,1905.51,20,8.1
CUST_04900,53,84767.36,1285.29,10,0.2,131.51,3.9,27.46,155,5.6
CUST_04901,25,182150.15,8733.77,54,8.5,168.57,0.5,1455.63,1,7.8
CUST_04902,34,57717.44,24747.69,173,2.4,143.04,4.8,429.65,33,8.1
CUST_04903,48,166481.12,74181.09,439,9.3,168.24,3.6,,1,8.8
CUST_04904,26,83709.35,1996.38,23,2.5,91.57,0.7,237.66,31,6.8
CUST_04905,48,81357.95,13622.17,48,1.0,279.82,4.1,276.87,182,3.9
CUST_04906,47,138226.47,182457.11,466,10.4,390.96,3.7,4109.39,5,8.3
CUST_04907,44,111030.84,8642.93,44,0.7,213.54,5.4,133.38,156,3.9
CUST_04908,32,77581.17,8907.35,107,3.1,85.44,3.2,231.96,31,6.6
CUST_04909,41,21527.43,303.78,7,0.2,44.45,3.1,8.17,44,6.5
CUST_04910,36,50514.7,37240.94,309,4.0,125.1,5.9,526.0,25,8.1
CUST_04911,18,20000.0,29.28,1,0.5,28.94,0.1,24.4,54,5.3
CUST_04912,30,40255.28,11266.86,120,2.9,89.11,3.8,247.08,55,6.9
CUST_04913,38,83937.75,4069.22,30,3.2,133.78,0.8,423.88,33,5.8
CUST_04914,40,144724.67,28417.66,70,4.8,398.41,1.3,1821.64,17,10.0
CUST_04915,54,152779.37,67167.34,224,6.0,307.0,3.0,1865.76,22,9.2
CUST_04916,42,115966.44,3220.7,20,0.4,158.61,4.5,59.64,140,2.4
CUST_04917,58,58582.56,12298.49,111,2.3,111.41,4.2,244.02,39,5.2
CUST_04918,21,57679.9,5043.16,43,3.3,117.28,1.2,350.22,19,7.3
CUST_04919,25,34204.19,1018.38,18,1.1,57.62,1.2,70.72,84,7.6
CUST_04920,21,61864.36,31214.67,253,4.7,129.51,4.5,578.05,19,6.7
CUST_04921,51,101377.49,4301.07,20,0.4,209.28,4.2,85.34,111,4.4
CUST_04922,25,34419.39,1750.03,35,0.9,49.76,3.2,45.57,39,6.4
CUST_04923,48,59551.98,13743.39,119,3.0,116.29,3.2,357.9,42,6.2
CUST_04924,29,47730.55,1694.01,45,1.2,35.69,3.3,42.78,118,7.1
CUST_04925,45,,142970.72,467,8.3,315.58,4.6,2590.05,41,9.4
CUST_04926,48,70886.06,16780.86,163,5.4,101.01,2.5,559.36,23,8.5
CUST_04927,46,62056.74,21242.96,172,3.9,116.34,3.4,520.66,46,7.2
CUST_04928,47,67366.16,15147.96,126,4.3,118.73,2.3,548.84,45,8.5
CUST_04929,24,39259.02,1044.27,46,0.8,23.52,4.8,18.13,85,3.6
CUST_04930,35,105136.76,14178.93,43,0.6,320.34,5.9,200.27,163,2.5
CUST_04931,30,65158.5,6791.91,58,3.8,119.05,1.3,435.38,42,8.1
CUST_04932,45,51277.92,16189.87,109,3.0,151.32,3.0,449.72,56,6.7
CUST_04933,37,108487.61,8430.34,32,0.5,270.78,5.3,132.55,172,2.6
CUST_04934,30,50459.54,25423.95,191,3.5,126.91,4.5,470.81,34,6.0
CUST_04935,38,89092.34,21253.9,183,4.8,117.57,3.6,491.99,64,9.5
CUST_04936,27,62299.41,5542.99,46,1.5,123.92,2.7,171.08,41,7.4
CUST_04937,34,139946.77,791.47,3,0.1,254.31,2.0,32.98,174,2.5
CUST_04938,38,73937.61,14364.15,127,2.0,118.76,5.6,213.75,51,6.1
CUST_04939,29,34528.3,42.3,1,1.0,42.22,0.1,35.25,102,5.8
CUST_04940,34,46777.62,231.93,6,0.4,39.46,1.2,16.11,60,5.7
CUST_04941,32,59402.37,35575.39,197,3.2,177.36,5.2,570.12,19,9.4
CUST_04942,41,,6272.98,43,2.5,147.76,1.5,348.5,5,5.2
CUST_04943,18,44368.3,557.47,18,0.5,32.34,2.8,16.59,68,7.1
CUST_04944,25,73998.03,8263.4,99,3.1,83.11,2.9,237.45,38,6.3
CUST_04945,30,47499.98,2061.21,50,1.5,41.8,3.3,52.05,93,3.5
CUST_04946,29,82889.74,5656.31,41,0.8,134.56,3.9,120.86,98,3.1
CUST_04947,39,85125.73,13278.78,97,3.0,136.62,3.0,368.86,21,7.3
CUST_04948,35,,1389.1,23,0.6,56.75,3.0,38.59,57,5.2
CUST_04949,18,26039.26,117.06,5,0.4,23.81,1.0,9.76,66,6.6
CUST_04950,32,20000.0,339.75,15,1.4,21.88,0.8,35.39,61,4.4
CUST_04951,53,60081.6,5462.0,138,2.5,40.0,4.7,96.84,42,5.1
CUST_04952,35,186647.15,229298.22,1016,7.5,226.51,11.8,1619.34,6,8.8
CUST_04953,39,,23896.3,260,4.7,89.87,4.3,463.11,25,7.1
CUST_04954,24,,740.08,14,0.7,54.4,1.5,41.12,93,7.6
CUST_04955,47,75086.74,14468.03,116,4.5,120.43,1.9,634.56,16,6.2
CUST_04956,18,20000.0,295.31,10,0.4,28.93,2.5,9.84,65,5.6
CUST_04957,29,94783.94,1773.48,14,1.7,123.74,0.8,184.74,25,6.5
CUST_04958,25,77073.02,13410.09,141,3.3,92.51,3.9,286.54,23,7.0
CUST_04959,54,179203.98,246541.74,715,8.5,338.93,7.7,2668.2,16,7.7
CUST_04960,42,27403.69,1258.0,37,1.6,33.32,2.0,52.42,48,5.9
CUST_04961,19,76895.58,1722.43,27,4.5,61.37,0.5,287.07,47,6.4
CUST_04962,25,72393.62,19355.48,161,3.3,120.2,4.0,403.24,45,5.0
CUST_04963,39,51540.76,1617.52,32,2.1,50.82,1.2,112.33,34,5.3
CUST_04964,34,47150.06,530.09,22,0.5,23.75,3.9,11.33,84,5.9
CUST_04965,37,52381.75,15761.59,181,4.1,86.82,3.7,354.99,41,7.4
CUST_04966,30,71233.58,6343.76,78,4.1,79.11,1.6,330.4,26,8.2
CUST_04967,42,84411.08,21807.0,77,1.0,268.2,6.4,283.95,187,4.4
CUST_04968,35,36829.67,1306.8,36,1.0,37.36,3.1,35.13,69,6.2
CUST_04969,51,113029.92,2794.75,19,0.4,146.66,3.8,61.29,171,3.6
CUST_04970,53,76504.97,10770.92,86,2.8,129.37,2.8,320.56,24,7.4
CUST_04971,49,102372.39,17933.7,206,2.7,87.61,5.6,266.87,44,7.0
CUST_04972,18,55738.61,1150.85,34,1.4,34.0,2.2,43.59,64,6.0
CUST_04973,34,60610.91,108433.34,334,3.6,62.66,7.5,229.82,36,5.6
CUST_04974,21,35854.45,180.54,3,0.1,58.59,2.6,5.79,48,5.5
CUST_04975,56,97672.32,13803.41,119,4.3,114.76,2.4,479.29,74,
CUST_04976,57,63222.11,2924.64,49,2.9,60.78,1.6,152.32,21,6.8
CUST_04977,42,162910.42,108871.87,603,7.4,175.77,7.1,1277.84,7,7.6
CUST_04978,27,75656.25,15390.29,106,2.9,145.69,3.1,413.72,34,9.2
CUST_04979,52,115832.26,336238.68,871,8.1,392.3,9.4,,1,8.6
CUST_04980,51,153263.23,10845.61,61,3.2,183.4,1.5,602.53,15,9.0
CUST_04981,28,116374.4,14858.25,68,0.7,228.55,7.1,174.39,199,2.5
CUST_04982,41,82472.49,22982.65,225,3.2,103.59,5.9,324.61,34,5.9
CUST_04983,37,23341.46,543.87,28,0.9,19.39,2.5,18.13,27,4.7
CUST_04984,26,46843.83,1531.06,28,1.1,53.2,1.9,67.15,91,5.8
CUST_04985,29,79482.82,16088.75,126,5.0,136.03,2.3,582.93,38,7.8
CUST_04986,46,130791.76,260635.13,623,7.0,396.2,6.5,3341.48,16,8.4
CUST_04987,23,37379.4,30.83,1,1.3,30.83,0.1,25.69,97,4.2
CUST_04988,39,80308.25,10961.67,152,2.7,72.96,4.7,194.36,28,8.5
CUST_04989,50,22016.92,93.27,3,0.2,31.42,1.1,7.07,49,4.2
CUST_04990,46,44174.96,1338.04,28,0.9,48.71,2.3,48.48,39,6.1
CUST_04991,41,156556.9,2015.2,14,0.4,145.27,3.0,55.98,193,4.1
CUST_04992,29,,9445.19,85,2.5,111.92,2.8,281.11,59,
CUST_04993,47,71936.38,48794.71,372,3.3,131.77,8.3,489.91,51,7.1
CUST_04994,40,63452.38,26415.3,174,4.7,144.92,3.5,628.94,45,8.2
CUST_04995,44,163704.05,91906.13,241,4.2,389.95,5.2,1472.85,1,9.5
CUST_04996,25,20247.9,38.94,1,0.2,36.91,0.1,32.45,15,5.6
CUST_04997,46,161405.66,205098.25,662,9.3,304.83,6.5,2629.46,1,8.5
CUST_04998,19,67393.56,895.61,8,3.6,117.42,0.2,373.17,36,6.2
CUST_04999,43,42269.66,692.1,21,0.7,33.8,2.3,25.08,64,4.4
CUST_05000,48,90890.03,37927.36,258,2.9,151.32,6.6,478.88,56,6.5
